-- MySQL dump 10.13  Distrib 5.7.17, for Win64 (x86_64)
--
-- Host: localhost    Database: hsjjc
-- ------------------------------------------------------
-- Server version	5.6.14

/*!40101 SET @OLD_CHARACTER_SET_CLIENT=@@CHARACTER_SET_CLIENT */;
/*!40101 SET @OLD_CHARACTER_SET_RESULTS=@@CHARACTER_SET_RESULTS */;
/*!40101 SET @OLD_COLLATION_CONNECTION=@@COLLATION_CONNECTION */;
/*!40101 SET NAMES utf8 */;
/*!40103 SET @OLD_TIME_ZONE=@@TIME_ZONE */;
/*!40103 SET TIME_ZONE='+00:00' */;
/*!40014 SET @OLD_UNIQUE_CHECKS=@@UNIQUE_CHECKS, UNIQUE_CHECKS=0 */;
/*!40014 SET @OLD_FOREIGN_KEY_CHECKS=@@FOREIGN_KEY_CHECKS, FOREIGN_KEY_CHECKS=0 */;
/*!40101 SET @OLD_SQL_MODE=@@SQL_MODE, SQL_MODE='NO_AUTO_VALUE_ON_ZERO' */;
/*!40111 SET @OLD_SQL_NOTES=@@SQL_NOTES, SQL_NOTES=0 */;

--
-- Table structure for table `blog_content`
--

DROP TABLE IF EXISTS `blog_content`;
/*!40101 SET @saved_cs_client     = @@character_set_client */;
/*!40101 SET character_set_client = utf8 */;
CREATE TABLE `blog_content` (
  `cid` bigint(20) NOT NULL AUTO_INCREMENT,
  `title` varchar(255) DEFAULT NULL COMMENT '标题',
  `slug` varchar(255) DEFAULT NULL,
  `created` bigint(20) DEFAULT NULL COMMENT '创建人id',
  `modified` bigint(20) DEFAULT NULL COMMENT '最近修改人id',
  `content` text COMMENT '内容',
  `type` varchar(16) DEFAULT NULL COMMENT '类型',
  `tags` varchar(200) DEFAULT NULL COMMENT '标签',
  `categories` varchar(200) DEFAULT NULL COMMENT '分类',
  `hits` int(5) DEFAULT NULL,
  `comments_num` int(5) DEFAULT '0' COMMENT '评论数量',
  `allow_comment` int(1) DEFAULT '0' COMMENT '开启评论',
  `allow_ping` int(1) DEFAULT '0' COMMENT '允许ping',
  `allow_feed` int(1) DEFAULT '0' COMMENT '允许反馈',
  `status` int(1) DEFAULT NULL COMMENT '状态',
  `author` varchar(100) DEFAULT NULL COMMENT '作者',
  `gtm_create` datetime DEFAULT NULL COMMENT '创建时间',
  `gtm_modified` datetime DEFAULT NULL COMMENT '修改时间',
  PRIMARY KEY (`cid`)
) ENGINE=InnoDB AUTO_INCREMENT=2 DEFAULT CHARSET=utf8 COMMENT='文章内容';
/*!40101 SET character_set_client = @saved_cs_client */;

--
-- Dumping data for table `blog_content`
--

LOCK TABLES `blog_content` WRITE;
/*!40000 ALTER TABLE `blog_content` DISABLE KEYS */;
INSERT INTO `blog_content` VALUES (1,'100',NULL,NULL,NULL,'<p>111</p>','article',NULL,'1',NULL,NULL,1,NULL,1,1,'1','2017-11-06 17:30:03','2017-11-06 17:30:03');
/*!40000 ALTER TABLE `blog_content` ENABLE KEYS */;
UNLOCK TABLES;

--
-- Table structure for table `commodity`
--

DROP TABLE IF EXISTS `commodity`;
/*!40101 SET @saved_cs_client     = @@character_set_client */;
/*!40101 SET character_set_client = utf8 */;
CREATE TABLE `commodity` (
  `id` bigint(20) NOT NULL AUTO_INCREMENT,
  `comefrom` varchar(255) DEFAULT NULL,
  `createtime` datetime DEFAULT NULL,
  `intro` varchar(6000) DEFAULT NULL,
  `name` varchar(255) DEFAULT NULL,
  `price` decimal(19,2) DEFAULT NULL,
  `promotionprice` decimal(19,2) DEFAULT NULL,
  `quantity` int(11) DEFAULT NULL,
  `commoditykindsid` bigint(20) DEFAULT NULL,
  `producerid` bigint(20) DEFAULT NULL,
  `ispromotion` decimal(1,0) DEFAULT '0',
  `ishot` decimal(1,0) DEFAULT '0',
  `pictureurl` varchar(255) DEFAULT NULL,
  `starttime` datetime DEFAULT NULL,
  `endtime` datetime DEFAULT NULL,
  `isclose` decimal(1,0) DEFAULT '0',
  `specname` varchar(1000) DEFAULT NULL,
  `specvalue` varchar(3000) DEFAULT NULL,
  PRIMARY KEY (`id`),
  KEY `FKiijdw43b7gxvlvkhbqy6bheml` (`commoditykindsid`),
  KEY `FKf0cicjp0iq1986u32pf034nh7` (`producerid`),
  CONSTRAINT `FKf0cicjp0iq1986u32pf034nh7` FOREIGN KEY (`producerid`) REFERENCES `producer` (`id`),
  CONSTRAINT `FKiijdw43b7gxvlvkhbqy6bheml` FOREIGN KEY (`commoditykindsid`) REFERENCES `commoditykinds` (`id`)
) ENGINE=InnoDB AUTO_INCREMENT=41 DEFAULT CHARSET=utf8;
/*!40101 SET character_set_client = @saved_cs_client */;

--
-- Dumping data for table `commodity`
--

LOCK TABLES `commodity` WRITE;
/*!40000 ALTER TABLE `commodity` DISABLE KEYS */;
INSERT INTO `commodity` VALUES (1,'成都1111','2017-10-24 00:00:00','<p>少时诵诗书所所所所所所所所所所撒的阿萨德<img src=\"/files/8995efbd-a807-4e3c-9f8f-2a6cd7b2e054.blob\" style=\"width: 568px;\"></p>','2',10245.00,1001.00,5,3,5,1,0,'group1/M00/00/00/wKhAgFnvpSCAXhudAABD1W0eCCc077.jpg','2017-11-02 00:00:00','2017-11-30 00:00:00',0,'2222@@qqqqqq','1111@@wwwwww'),(2,'成都','2017-10-24 00:00:00',NULL,'2',1025.00,2.00,4,2,NULL,0,0,'group1/M00/00/00/wKhAgFnvpzqAUfyvAAAXTtuSIYI030.jpg','2017-11-10 00:00:00','2017-11-30 00:00:00',0,'生产地@@规格@@材质@@规格@@材质@@规格@@材质@@规格','成都@@1.2x2，3.5x2，7x8@@阿萨德撒的@@1.2x2，3.5x2，7x8@@阿萨德撒的@@1.2x2，3.5x2，7x8@@阿萨德撒的@@1.2x2，3.5x2，7x8'),(3,'成都','2017-10-24 00:00:00','少时诵诗书所所所所所所所所所所撒的阿萨德','3',3025.00,3.00,5,3,NULL,1,0,'group1/M00/00/00/wKhAgFnvp2KADrrJAABD1W0eCCc238.jpg',NULL,NULL,0,NULL,NULL),(4,'成都','2017-10-24 00:00:00','少时诵诗书所所所所所所所所所所撒的阿萨德','4',8954.00,4.00,4,4,NULL,0,0,'group1/M00/00/00/wKhAgFnvp2KADrrJAABD1W0eCCc238.jpg',NULL,NULL,0,NULL,NULL),(5,'成都','2017-10-24 00:00:00','实时实时少时诵诗书少时诵诗书','5',4215.00,5.00,3,5,NULL,0,0,'group1/M00/00/00/wKhAgFnvp2KADrrJAABD1W0eCCc238.jpg',NULL,NULL,0,NULL,NULL),(6,'成都','2017-10-24 00:00:00','实时实时少时诵诗书少时诵诗书','6',1565.00,1.00,4,2,NULL,0,1,'group1/M00/00/00/wKhAgFnvp2KADrrJAABD1W0eCCc238.jpg',NULL,NULL,0,NULL,NULL),(16,'昆明','2017-10-24 00:00:00','vvvvvvvvvvvvvvvv呃呃鹅鹅鹅鹅鹅鹅鹅鹅鹅鹅鹅鹅鹅鹅鹅鹅鹅鹅鹅鹅鹅鹅鹅鹅','16',545.00,5.00,7,1,NULL,0,0,NULL,NULL,NULL,0,NULL,NULL),(17,'昆明','2017-10-24 00:00:00','vvvvvvvvvvvvvvvv呃呃鹅鹅鹅鹅鹅鹅鹅鹅鹅鹅鹅鹅鹅鹅鹅鹅鹅鹅鹅鹅鹅鹅鹅鹅','17',545.00,1.00,6,2,NULL,0,0,NULL,NULL,NULL,0,NULL,NULL),(18,'昆明','2017-10-24 00:00:00','vvvvvvvvvvvvvvvv呃呃鹅鹅鹅鹅鹅鹅鹅鹅鹅鹅鹅鹅鹅鹅鹅鹅鹅鹅鹅鹅鹅鹅鹅鹅','18',545.00,1.00,5,3,NULL,1,0,NULL,NULL,NULL,0,NULL,NULL),(19,'昆明','2017-10-24 00:00:00','vvvvvvvvvvvvvvvv呃呃鹅鹅鹅鹅鹅鹅鹅鹅鹅鹅鹅鹅鹅鹅鹅鹅鹅鹅鹅鹅鹅鹅鹅鹅','19',898.00,1.00,5,4,NULL,0,1,NULL,NULL,NULL,0,NULL,NULL),(21,'昆明','2017-10-24 00:00:00','vvvvvvvvvvvvvvvv呃呃鹅鹅鹅鹅鹅鹅鹅鹅鹅鹅鹅鹅鹅鹅鹅鹅鹅鹅鹅鹅鹅鹅鹅鹅','21',898.00,2.00,5,4,NULL,0,1,NULL,NULL,NULL,0,NULL,NULL),(22,'昆明','2017-10-24 00:00:00','vvvvvvvvvvvvvvvv呃呃鹅鹅鹅鹅鹅鹅鹅鹅鹅鹅鹅鹅鹅鹅鹅鹅鹅鹅鹅鹅鹅鹅鹅鹅','22',898.00,2.00,5,4,NULL,0,1,NULL,NULL,NULL,0,NULL,NULL),(23,'昆明','2017-10-24 00:00:00','vvvvvvvvvvvvvvvv呃呃鹅鹅鹅鹅鹅鹅鹅鹅鹅鹅鹅鹅鹅鹅鹅鹅鹅鹅鹅鹅鹅鹅鹅鹅','23',898.00,2.00,5,4,NULL,0,1,NULL,NULL,NULL,0,NULL,NULL),(24,'昆明','2017-10-24 00:00:00','vvvvvvvvvvvvvvvv呃呃鹅鹅鹅鹅鹅鹅鹅鹅鹅鹅鹅鹅鹅鹅鹅鹅鹅鹅鹅鹅鹅鹅鹅鹅','24',898.00,3.00,5,4,NULL,0,1,NULL,NULL,NULL,0,NULL,NULL),(25,'昆明','2017-10-24 00:00:00','vvvvvvvvvvvvvvvv呃呃鹅鹅鹅鹅鹅鹅鹅鹅鹅鹅鹅鹅鹅鹅鹅鹅鹅鹅鹅鹅鹅鹅鹅鹅','25',898.00,3.00,5,4,NULL,0,1,NULL,NULL,NULL,0,NULL,NULL),(26,'昆明','2017-10-24 00:00:00','vvvvvvvvvvvvvvvv呃呃鹅鹅鹅鹅鹅鹅鹅鹅鹅鹅鹅鹅鹅鹅鹅鹅鹅鹅鹅鹅鹅鹅鹅鹅','26',898.00,3.00,5,4,NULL,0,1,NULL,NULL,NULL,0,NULL,NULL),(27,'昆明','2017-10-24 00:00:00','vvvvvvvvvvvvvvvv呃呃鹅鹅鹅鹅鹅鹅鹅鹅鹅鹅鹅鹅鹅鹅鹅鹅鹅鹅鹅鹅鹅鹅鹅鹅','27',898.00,4.00,5,4,NULL,0,1,NULL,NULL,NULL,0,NULL,NULL),(28,'昆明','2017-10-24 00:00:00','vvvvvvvvvvvvvvvv呃呃鹅鹅鹅鹅鹅鹅鹅鹅鹅鹅鹅鹅鹅鹅鹅鹅鹅鹅鹅鹅鹅鹅鹅鹅','28',898.00,5.00,5,4,NULL,0,1,NULL,NULL,NULL,0,NULL,NULL),(29,'昆明','2017-10-24 00:00:00','vvvvvvvvvvvvvvvv呃呃鹅鹅鹅鹅鹅鹅鹅鹅鹅鹅鹅鹅鹅鹅鹅鹅鹅鹅鹅鹅鹅鹅鹅鹅','29',898.00,5.00,5,4,NULL,0,1,NULL,NULL,NULL,0,NULL,NULL),(30,'昆明','2017-10-24 00:00:00','vvvvvvvvvvvvvvvv呃呃鹅鹅鹅鹅鹅鹅鹅鹅鹅鹅鹅鹅鹅鹅鹅鹅鹅鹅鹅鹅鹅鹅鹅鹅','30',898.00,5.00,5,4,NULL,0,1,NULL,NULL,NULL,0,NULL,NULL),(31,'昆明','2017-10-24 00:00:00','vvvvvvvvvvvvvvvv呃呃鹅鹅鹅鹅鹅鹅鹅鹅鹅鹅鹅鹅鹅鹅鹅鹅鹅鹅鹅鹅鹅鹅鹅鹅','31',898.00,5.00,5,4,NULL,0,1,NULL,NULL,NULL,0,NULL,NULL),(32,'昆明','2017-10-24 00:00:00','vvvvvvvvvvvvvvvv呃呃鹅鹅鹅鹅鹅鹅鹅鹅鹅鹅鹅鹅鹅鹅鹅鹅鹅鹅鹅鹅鹅鹅鹅鹅','32',898.00,3.00,5,4,NULL,0,1,NULL,NULL,NULL,0,NULL,NULL),(33,'昆明','2017-10-24 00:00:00','vvvvvvvvvvvvvvvv呃呃鹅鹅鹅鹅鹅鹅鹅鹅鹅鹅鹅鹅鹅鹅鹅鹅鹅鹅鹅鹅鹅鹅鹅鹅','33',898.00,2.00,5,4,NULL,0,1,NULL,NULL,NULL,0,NULL,NULL),(34,'昆明','2017-10-24 00:00:00','vvvvvvvvvvvvvvvv呃呃鹅鹅鹅鹅鹅鹅鹅鹅鹅鹅鹅鹅鹅鹅鹅鹅鹅鹅鹅鹅鹅鹅鹅鹅','34',898.00,3.00,5,4,NULL,0,1,NULL,NULL,NULL,0,NULL,NULL),(35,'昆明','2017-10-24 00:00:00','vvvvvvvvvvvvvvvv呃呃鹅鹅鹅鹅鹅鹅鹅鹅鹅鹅鹅鹅鹅鹅鹅鹅鹅鹅鹅鹅鹅鹅鹅鹅','35',898.00,4.00,5,4,NULL,0,1,NULL,NULL,NULL,0,NULL,NULL),(36,'昆明','2017-10-24 00:00:00','vvvvvvvvvvvvvvvv呃呃鹅鹅鹅鹅鹅鹅鹅鹅鹅鹅鹅鹅鹅鹅鹅鹅鹅鹅鹅鹅鹅鹅鹅鹅','36',898.00,5.00,5,4,NULL,0,1,NULL,NULL,NULL,0,NULL,NULL),(37,'昆明','2017-10-24 00:00:00','vvvvvvvvvvvvvvvv呃呃鹅鹅鹅鹅鹅鹅鹅鹅鹅鹅鹅鹅鹅鹅鹅鹅鹅鹅鹅鹅鹅鹅鹅鹅','37',898.00,2.00,5,4,NULL,0,1,NULL,NULL,NULL,0,NULL,NULL),(38,'昆明','2017-10-24 00:00:00','vvvvvvvvvvvvvvvv呃呃鹅鹅鹅鹅鹅鹅鹅鹅鹅鹅鹅鹅鹅鹅鹅鹅鹅鹅鹅鹅鹅鹅鹅鹅','38',898.00,3.00,5,4,NULL,0,1,NULL,NULL,NULL,0,NULL,NULL),(39,'昆明','2017-10-24 00:00:00','vvvvvvvvvvvvvvvv呃呃鹅鹅鹅鹅鹅鹅鹅鹅鹅鹅鹅鹅鹅鹅鹅鹅鹅鹅鹅鹅鹅鹅鹅鹅','39',898.00,2.00,5,4,NULL,0,1,NULL,NULL,NULL,0,NULL,NULL),(40,'昆明','2017-10-24 00:00:00','vvvvvvvvvvvvvvvv呃呃鹅鹅鹅鹅鹅鹅鹅鹅鹅鹅鹅鹅鹅鹅鹅鹅鹅鹅鹅鹅鹅鹅鹅鹅','40',898.00,2.00,5,4,NULL,0,1,NULL,NULL,NULL,0,NULL,NULL);
/*!40000 ALTER TABLE `commodity` ENABLE KEYS */;
UNLOCK TABLES;

--
-- Table structure for table `commoditykinds`
--

DROP TABLE IF EXISTS `commoditykinds`;
/*!40101 SET @saved_cs_client     = @@character_set_client */;
/*!40101 SET character_set_client = utf8 */;
CREATE TABLE `commoditykinds` (
  `id` bigint(20) NOT NULL AUTO_INCREMENT,
  `name` varchar(255) DEFAULT NULL,
  PRIMARY KEY (`id`)
) ENGINE=InnoDB AUTO_INCREMENT=6 DEFAULT CHARSET=utf8;
/*!40101 SET character_set_client = @saved_cs_client */;

--
-- Dumping data for table `commoditykinds`
--

LOCK TABLES `commoditykinds` WRITE;
/*!40000 ALTER TABLE `commoditykinds` DISABLE KEYS */;
INSERT INTO `commoditykinds` VALUES (1,'衣柜'),(2,'套房'),(3,'餐桌'),(4,'沙发'),(5,'床上用品');
/*!40000 ALTER TABLE `commoditykinds` ENABLE KEYS */;
UNLOCK TABLES;

--
-- Table structure for table `company`
--

DROP TABLE IF EXISTS `company`;
/*!40101 SET @saved_cs_client     = @@character_set_client */;
/*!40101 SET character_set_client = utf8 */;
CREATE TABLE `company` (
  `id` bigint(20) NOT NULL AUTO_INCREMENT,
  `address` varchar(255) DEFAULT NULL,
  `cellphone` varchar(255) DEFAULT NULL,
  `email` varchar(255) DEFAULT NULL,
  `intro` varchar(6000) DEFAULT NULL,
  `name` varchar(255) DEFAULT NULL,
  `phone` varchar(255) DEFAULT NULL,
  `pictureurl` varchar(255) DEFAULT NULL,
  `culture` varchar(6000) DEFAULT NULL,
  `introgg` varchar(500) DEFAULT NULL,
  PRIMARY KEY (`id`)
) ENGINE=InnoDB AUTO_INCREMENT=2 DEFAULT CHARSET=utf8;
/*!40101 SET character_set_client = @saved_cs_client */;

--
-- Dumping data for table `company`
--

LOCK TABLES `company` WRITE;
/*!40000 ALTER TABLE `company` DISABLE KEYS */;
INSERT INTO `company` VALUES (1,'阿达大水电费水电费','15988556633','asdas@qq.com','<p>惺惺惜惺惺想寻寻寻寻寻寻寻寻寻寻寻寻寻寻寻寻寻寻寻寻寻寻寻寻寻寻寻寻寻寻寻寻寻寻寻寻寻寻寻寻寻寻寻寻寻寻寻寻寻寻寻寻寻寻寻寻寻寻嘻嘻嘻嘻嘻嘻嘻嘻嘻嘻嘻嘻嘻<img src=\"/files/eb577c49-46c0-42ac-b37f-6d685afe4750.blob\" style=\"width: 811px;\"></p>','阿斯达11','0825-99885566',NULL,'2333333的收水电费的地地道道的地地道道的地地道道的地地道道毒贩夫妇付付付付付付付付付付付付付非法方法付付付付付付付付付','惺惺惜惺惺想寻寻寻寻寻寻寻寻寻寻寻寻寻寻寻寻寻寻寻寻寻寻寻寻寻寻寻寻寻寻寻寻寻寻寻寻寻寻寻寻寻寻寻寻寻寻寻寻寻寻寻寻寻寻寻寻寻寻嘻嘻嘻嘻嘻嘻嘻嘻嘻嘻嘻嘻嘻');
/*!40000 ALTER TABLE `company` ENABLE KEYS */;
UNLOCK TABLES;

--
-- Table structure for table `infonews`
--

DROP TABLE IF EXISTS `infonews`;
/*!40101 SET @saved_cs_client     = @@character_set_client */;
/*!40101 SET character_set_client = utf8 */;
CREATE TABLE `infonews` (
  `id` bigint(20) NOT NULL AUTO_INCREMENT,
  `content` varchar(6000) DEFAULT NULL,
  `tags` varchar(255) DEFAULT NULL,
  `time` datetime DEFAULT NULL,
  `title` varchar(255) DEFAULT NULL,
  `infonewskindsid` bigint(20) DEFAULT NULL,
  `contentgg` varchar(255) DEFAULT NULL,
  PRIMARY KEY (`id`),
  KEY `FK5uos4ba9lqgg7icq5oism48io` (`infonewskindsid`),
  CONSTRAINT `FK5uos4ba9lqgg7icq5oism48io` FOREIGN KEY (`infonewskindsid`) REFERENCES `infonewskinds` (`id`)
) ENGINE=InnoDB AUTO_INCREMENT=62 DEFAULT CHARSET=gbk;
/*!40101 SET character_set_client = @saved_cs_client */;

--
-- Dumping data for table `infonews`
--

LOCK TABLES `infonews` WRITE;
/*!40000 ALTER TABLE `infonews` DISABLE KEYS */;
INSERT INTO `infonews` VALUES (6,'<p style=\"box-sizing: border-box; margin-top: 0px; margin-bottom: 1.6rem; color: rgb(51, 51, 51); font-family: &quot;Segoe UI&quot;, &quot;Lucida Grande&quot;, Helvetica, Arial, &quot;Microsoft YaHei&quot;, FreeSans, Arimo, &quot;Droid Sans&quot;, &quot;wenquanyi micro hei&quot;, &quot;Hiragino Sans GB&quot;, &quot;Hiragino Sans GB W3&quot;, FontAwesome, sans-serif; text-indent: 24px; white-space: normal;\">1、按家具从风格上可以分为： 现代家具、欧式古典家具、美式家具、中式古典家具（也就是红木家具），还有近两年比较流行的新古典系列家具等等。</p><p style=\"box-sizing: border-box; margin-top: 1.6rem; margin-bottom: 1.6rem; color: rgb(51, 51, 51); font-family: &quot;Segoe UI&quot;, &quot;Lucida Grande&quot;, Helvetica, Arial, &quot;Microsoft YaHei&quot;, FreeSans, Arimo, &quot;Droid Sans&quot;, &quot;wenquanyi micro hei&quot;, &quot;Hiragino Sans GB&quot;, &quot;Hiragino Sans GB W3&quot;, FontAwesome, sans-serif; text-indent: 24px; white-space: normal;\">2、按所用材料将家具分为： 实木家具、板式家具、软体家具、藤编家具、竹编家具、钢木家具和其他人造材材料制成的家具（例如玻璃家具、大理石家具等）。</p><p style=\"box-sizing: border-box; margin-top: 1.6rem; margin-bottom: 1.6rem; color: rgb(51, 51, 51); font-family: &quot;Segoe UI&quot;, &quot;Lucida Grande&quot;, Helvetica, Arial, &quot;Microsoft YaHei&quot;, FreeSans, Arimo, &quot;Droid Sans&quot;, &quot;wenquanyi micro hei&quot;, &quot;Hiragino Sans GB&quot;, &quot;Hiragino Sans GB W3&quot;, FontAwesome, sans-serif; text-indent: 24px; white-space: normal;\">3、按功能可按家具分为： 客厅家具、卧室家具、书房家具、厨房家具（设备）和辅助家具等几类。</p><p style=\"box-sizing: border-box; margin-top: 1.6rem; margin-bottom: 1.6rem; color: rgb(51, 51, 51); font-family: &quot;Segoe UI&quot;, &quot;Lucida Grande&quot;, Helvetica, Arial, &quot;Microsoft YaHei&quot;, FreeSans, Arimo, &quot;Droid Sans&quot;, &quot;wenquanyi micro hei&quot;, &quot;Hiragino Sans GB&quot;, &quot;Hiragino Sans GB W3&quot;, FontAwesome, sans-serif; text-indent: 24px; white-space: normal;\">4、按家具产品的档次分类可分为： 高档、中高档、中档、中低档、低档。</p><p style=\"box-sizing: border-box; margin-top: 1.6rem; margin-bottom: 1.6rem; color: rgb(51, 51, 51); font-family: &quot;Segoe UI&quot;, &quot;Lucida Grande&quot;, Helvetica, Arial, &quot;Microsoft YaHei&quot;, FreeSans, Arimo, &quot;Droid Sans&quot;, &quot;wenquanyi micro hei&quot;, &quot;Hiragino Sans GB&quot;, &quot;Hiragino Sans GB W3&quot;, FontAwesome, sans-serif; text-indent: 24px; white-space: normal;\">5、产品的产地划分： 可分为进口家具和国产家具，也就是国际品牌和国内品牌，国际品牌在上海比较多，在北京的集中在中粮广场，向北欧风情、达.芬奇、芙莱莎、富克拉等等。但有些国际品牌也是在国内生产的，向英国品牌芝华仕沙发就是生产于深圳。目前在国内家具最大的生产基地应是广东了，国内较为知名的品牌家具多数产于深圳、东莞、广州、中山、顺德，每年3月和8月国内最大的家具展会就在这里召开，届时，国内许多的家具厂商和经销商都会云集在广东。但近几年浙江的家具也在迅速崛起，象大风范、国森、雄族等品牌也占据了一大部分市场。还有北京也有很多做的不错的品牌，以曲美和标致最有代表性。其他向东北、四川、河北、山东都有些品牌家具，但占的比重比较小了。</p><p style=\"box-sizing: border-box; margin-top: 1.6rem; margin-bottom: 1.6rem; color: rgb(51, 51, 51); font-family: &quot;Segoe UI&quot;, &quot;Lucida Grande&quot;, Helvetica, Arial, &quot;Microsoft YaHei&quot;, FreeSans, Arimo, &quot;Droid Sans&quot;, &quot;wenquanyi micro hei&quot;, &quot;Hiragino Sans GB&quot;, &quot;Hiragino Sans GB W3&quot;, FontAwesome, sans-serif; text-indent: 24px; white-space: normal;\">6、怎样区分产品的档次呢？ 其实主要看价格，卧房、沙发、床都可以从价格上分出中高低档。例如套房（5件）从一两千元到几万元不等，那么我们把价位在4000元以下的定为中低档产品，价位4000元—8000元定位中档产品，价位8000元至20000元定位中高档产品，2万元以上的定位高档产品。但也不是一成不变的，其实并没有一个具体的标准来准确的划分，只是我们对产品熟悉了，自然会给产品进行定位。再例如沙发的档次定位，2000元以下的为中低档，2000—5000属中档，5000—10000属中高档，10000元以上的为高档。床在1000元以下的为中低档，1000—4000元为中档，4000至10000为中高档，1万以上为高档。</p><p><br/></p>','卡号的，沙发上，第三发','2017-08-06 00:00:00','61',2,'1、按家具从风格上可以分为： 现代家具、欧式古典家具、美式家具、中式古典家具（也就是红木家具），还有近两年比较流行的新古典系列家具等等。2、按所用材料将家具分为： 实木家具、板式家具、软体家具、藤编家具...'),(7,'<p style=\"box-sizing: border-box; margin-top: 0px; margin-bottom: 1.6rem; color: rgb(51, 51, 51); font-family: &quot;Segoe UI&quot;, &quot;Lucida Grande&quot;, Helvetica, Arial, &quot;Microsoft YaHei&quot;, FreeSans, Arimo, &quot;Droid Sans&quot;, &quot;wenquanyi micro hei&quot;, &quot;Hiragino Sans GB&quot;, &quot;Hiragino Sans GB W3&quot;, FontAwesome, sans-serif; text-indent: 24px; white-space: normal;\">1、按家具从风格上可以分为： 现代家具、欧式古典家具、美式家具、中式古典家具（也就是红木家具），还有近两年比较流行的新古典系列家具等等。</p><p style=\"box-sizing: border-box; margin-top: 1.6rem; margin-bottom: 1.6rem; color: rgb(51, 51, 51); font-family: &quot;Segoe UI&quot;, &quot;Lucida Grande&quot;, Helvetica, Arial, &quot;Microsoft YaHei&quot;, FreeSans, Arimo, &quot;Droid Sans&quot;, &quot;wenquanyi micro hei&quot;, &quot;Hiragino Sans GB&quot;, &quot;Hiragino Sans GB W3&quot;, FontAwesome, sans-serif; text-indent: 24px; white-space: normal;\">2、按所用材料将家具分为： 实木家具、板式家具、软体家具、藤编家具、竹编家具、钢木家具和其他人造材材料制成的家具（例如玻璃家具、大理石家具等）。</p><p style=\"box-sizing: border-box; margin-top: 1.6rem; margin-bottom: 1.6rem; color: rgb(51, 51, 51); font-family: &quot;Segoe UI&quot;, &quot;Lucida Grande&quot;, Helvetica, Arial, &quot;Microsoft YaHei&quot;, FreeSans, Arimo, &quot;Droid Sans&quot;, &quot;wenquanyi micro hei&quot;, &quot;Hiragino Sans GB&quot;, &quot;Hiragino Sans GB W3&quot;, FontAwesome, sans-serif; text-indent: 24px; white-space: normal;\">3、按功能可按家具分为： 客厅家具、卧室家具、书房家具、厨房家具（设备）和辅助家具等几类。</p><p style=\"box-sizing: border-box; margin-top: 1.6rem; margin-bottom: 1.6rem; color: rgb(51, 51, 51); font-family: &quot;Segoe UI&quot;, &quot;Lucida Grande&quot;, Helvetica, Arial, &quot;Microsoft YaHei&quot;, FreeSans, Arimo, &quot;Droid Sans&quot;, &quot;wenquanyi micro hei&quot;, &quot;Hiragino Sans GB&quot;, &quot;Hiragino Sans GB W3&quot;, FontAwesome, sans-serif; text-indent: 24px; white-space: normal;\">4、按家具产品的档次分类可分为： 高档、中高档、中档、中低档、低档。</p><p style=\"box-sizing: border-box; margin-top: 1.6rem; margin-bottom: 1.6rem; color: rgb(51, 51, 51); font-family: &quot;Segoe UI&quot;, &quot;Lucida Grande&quot;, Helvetica, Arial, &quot;Microsoft YaHei&quot;, FreeSans, Arimo, &quot;Droid Sans&quot;, &quot;wenquanyi micro hei&quot;, &quot;Hiragino Sans GB&quot;, &quot;Hiragino Sans GB W3&quot;, FontAwesome, sans-serif; text-indent: 24px; white-space: normal;\">5、产品的产地划分： 可分为进口家具和国产家具，也就是国际品牌和国内品牌，国际品牌在上海比较多，在北京的集中在中粮广场，向北欧风情、达.芬奇、芙莱莎、富克拉等等。但有些国际品牌也是在国内生产的，向英国品牌芝华仕沙发就是生产于深圳。目前在国内家具最大的生产基地应是广东了，国内较为知名的品牌家具多数产于深圳、东莞、广州、中山、顺德，每年3月和8月国内最大的家具展会就在这里召开，届时，国内许多的家具厂商和经销商都会云集在广东。但近几年浙江的家具也在迅速崛起，象大风范、国森、雄族等品牌也占据了一大部分市场。还有北京也有很多做的不错的品牌，以曲美和标致最有代表性。其他向东北、四川、河北、山东都有些品牌家具，但占的比重比较小了。</p><p style=\"box-sizing: border-box; margin-top: 1.6rem; margin-bottom: 1.6rem; color: rgb(51, 51, 51); font-family: &quot;Segoe UI&quot;, &quot;Lucida Grande&quot;, Helvetica, Arial, &quot;Microsoft YaHei&quot;, FreeSans, Arimo, &quot;Droid Sans&quot;, &quot;wenquanyi micro hei&quot;, &quot;Hiragino Sans GB&quot;, &quot;Hiragino Sans GB W3&quot;, FontAwesome, sans-serif; text-indent: 24px; white-space: normal;\">6、怎样区分产品的档次呢？ 其实主要看价格，卧房、沙发、床都可以从价格上分出中高低档。例如套房（5件）从一两千元到几万元不等，那么我们把价位在4000元以下的定为中低档产品，价位4000元—8000元定位中档产品，价位8000元至20000元定位中高档产品，2万元以上的定位高档产品。但也不是一成不变的，其实并没有一个具体的标准来准确的划分，只是我们对产品熟悉了，自然会给产品进行定位。再例如沙发的档次定位，2000元以下的为中低档，2000—5000属中档，5000—10000属中高档，10000元以上的为高档。床在1000元以下的为中低档，1000—4000元为中档，4000至10000为中高档，1万以上为高档。</p><p><br/></p>','卡号的，沙发上，第三发','2017-08-07 00:00:00','73',4,'1、按家具从风格上可以分为： 现代家具、欧式古典家具、美式家具、中式古典家具（也就是红木家具），还有近两年比较流行的新古典系列家具等等。2、按所用材料将家具分为： 实木家具、板式家具、软体家具、藤编家具...'),(8,'<p style=\"box-sizing: border-box; margin-top: 0px; margin-bottom: 1.6rem; color: rgb(51, 51, 51); font-family: &quot;Segoe UI&quot;, &quot;Lucida Grande&quot;, Helvetica, Arial, &quot;Microsoft YaHei&quot;, FreeSans, Arimo, &quot;Droid Sans&quot;, &quot;wenquanyi micro hei&quot;, &quot;Hiragino Sans GB&quot;, &quot;Hiragino Sans GB W3&quot;, FontAwesome, sans-serif; text-indent: 24px; white-space: normal;\">1、按家具从风格上可以分为： 现代家具、欧式古典家具、美式家具、中式古典家具（也就是红木家具），还有近两年比较流行的新古典系列家具等等。</p><p style=\"box-sizing: border-box; margin-top: 1.6rem; margin-bottom: 1.6rem; color: rgb(51, 51, 51); font-family: &quot;Segoe UI&quot;, &quot;Lucida Grande&quot;, Helvetica, Arial, &quot;Microsoft YaHei&quot;, FreeSans, Arimo, &quot;Droid Sans&quot;, &quot;wenquanyi micro hei&quot;, &quot;Hiragino Sans GB&quot;, &quot;Hiragino Sans GB W3&quot;, FontAwesome, sans-serif; text-indent: 24px; white-space: normal;\">2、按所用材料将家具分为： 实木家具、板式家具、软体家具、藤编家具、竹编家具、钢木家具和其他人造材材料制成的家具（例如玻璃家具、大理石家具等）。</p><p style=\"box-sizing: border-box; margin-top: 1.6rem; margin-bottom: 1.6rem; color: rgb(51, 51, 51); font-family: &quot;Segoe UI&quot;, &quot;Lucida Grande&quot;, Helvetica, Arial, &quot;Microsoft YaHei&quot;, FreeSans, Arimo, &quot;Droid Sans&quot;, &quot;wenquanyi micro hei&quot;, &quot;Hiragino Sans GB&quot;, &quot;Hiragino Sans GB W3&quot;, FontAwesome, sans-serif; text-indent: 24px; white-space: normal;\">3、按功能可按家具分为： 客厅家具、卧室家具、书房家具、厨房家具（设备）和辅助家具等几类。</p><p style=\"box-sizing: border-box; margin-top: 1.6rem; margin-bottom: 1.6rem; color: rgb(51, 51, 51); font-family: &quot;Segoe UI&quot;, &quot;Lucida Grande&quot;, Helvetica, Arial, &quot;Microsoft YaHei&quot;, FreeSans, Arimo, &quot;Droid Sans&quot;, &quot;wenquanyi micro hei&quot;, &quot;Hiragino Sans GB&quot;, &quot;Hiragino Sans GB W3&quot;, FontAwesome, sans-serif; text-indent: 24px; white-space: normal;\">4、按家具产品的档次分类可分为： 高档、中高档、中档、中低档、低档。</p><p style=\"box-sizing: border-box; margin-top: 1.6rem; margin-bottom: 1.6rem; color: rgb(51, 51, 51); font-family: &quot;Segoe UI&quot;, &quot;Lucida Grande&quot;, Helvetica, Arial, &quot;Microsoft YaHei&quot;, FreeSans, Arimo, &quot;Droid Sans&quot;, &quot;wenquanyi micro hei&quot;, &quot;Hiragino Sans GB&quot;, &quot;Hiragino Sans GB W3&quot;, FontAwesome, sans-serif; text-indent: 24px; white-space: normal;\">5、产品的产地划分： 可分为进口家具和国产家具，也就是国际品牌和国内品牌，国际品牌在上海比较多，在北京的集中在中粮广场，向北欧风情、达.芬奇、芙莱莎、富克拉等等。但有些国际品牌也是在国内生产的，向英国品牌芝华仕沙发就是生产于深圳。目前在国内家具最大的生产基地应是广东了，国内较为知名的品牌家具多数产于深圳、东莞、广州、中山、顺德，每年3月和8月国内最大的家具展会就在这里召开，届时，国内许多的家具厂商和经销商都会云集在广东。但近几年浙江的家具也在迅速崛起，象大风范、国森、雄族等品牌也占据了一大部分市场。还有北京也有很多做的不错的品牌，以曲美和标致最有代表性。其他向东北、四川、河北、山东都有些品牌家具，但占的比重比较小了。</p><p style=\"box-sizing: border-box; margin-top: 1.6rem; margin-bottom: 1.6rem; color: rgb(51, 51, 51); font-family: &quot;Segoe UI&quot;, &quot;Lucida Grande&quot;, Helvetica, Arial, &quot;Microsoft YaHei&quot;, FreeSans, Arimo, &quot;Droid Sans&quot;, &quot;wenquanyi micro hei&quot;, &quot;Hiragino Sans GB&quot;, &quot;Hiragino Sans GB W3&quot;, FontAwesome, sans-serif; text-indent: 24px; white-space: normal;\">6、怎样区分产品的档次呢？ 其实主要看价格，卧房、沙发、床都可以从价格上分出中高低档。例如套房（5件）从一两千元到几万元不等，那么我们把价位在4000元以下的定为中低档产品，价位4000元—8000元定位中档产品，价位8000元至20000元定位中高档产品，2万元以上的定位高档产品。但也不是一成不变的，其实并没有一个具体的标准来准确的划分，只是我们对产品熟悉了，自然会给产品进行定位。再例如沙发的档次定位，2000元以下的为中低档，2000—5000属中档，5000—10000属中高档，10000元以上的为高档。床在1000元以下的为中低档，1000—4000元为中档，4000至10000为中高档，1万以上为高档。</p><p><br/></p>','卡号的，沙发上，第三发','2017-08-08 00:00:00','80',1,'1、按家具从风格上可以分为： 现代家具、欧式古典家具、美式家具、中式古典家具（也就是红木家具），还有近两年比较流行的新古典系列家具等等。2、按所用材料将家具分为： 实木家具、板式家具、软体家具、藤编家具...'),(9,'<p style=\"box-sizing: border-box; margin-top: 0px; margin-bottom: 1.6rem; color: rgb(51, 51, 51); font-family: &quot;Segoe UI&quot;, &quot;Lucida Grande&quot;, Helvetica, Arial, &quot;Microsoft YaHei&quot;, FreeSans, Arimo, &quot;Droid Sans&quot;, &quot;wenquanyi micro hei&quot;, &quot;Hiragino Sans GB&quot;, &quot;Hiragino Sans GB W3&quot;, FontAwesome, sans-serif; text-indent: 24px; white-space: normal;\">1、按家具从风格上可以分为： 现代家具、欧式古典家具、美式家具、中式古典家具（也就是红木家具），还有近两年比较流行的新古典系列家具等等。</p><p style=\"box-sizing: border-box; margin-top: 1.6rem; margin-bottom: 1.6rem; color: rgb(51, 51, 51); font-family: &quot;Segoe UI&quot;, &quot;Lucida Grande&quot;, Helvetica, Arial, &quot;Microsoft YaHei&quot;, FreeSans, Arimo, &quot;Droid Sans&quot;, &quot;wenquanyi micro hei&quot;, &quot;Hiragino Sans GB&quot;, &quot;Hiragino Sans GB W3&quot;, FontAwesome, sans-serif; text-indent: 24px; white-space: normal;\">2、按所用材料将家具分为： 实木家具、板式家具、软体家具、藤编家具、竹编家具、钢木家具和其他人造材材料制成的家具（例如玻璃家具、大理石家具等）。</p><p style=\"box-sizing: border-box; margin-top: 1.6rem; margin-bottom: 1.6rem; color: rgb(51, 51, 51); font-family: &quot;Segoe UI&quot;, &quot;Lucida Grande&quot;, Helvetica, Arial, &quot;Microsoft YaHei&quot;, FreeSans, Arimo, &quot;Droid Sans&quot;, &quot;wenquanyi micro hei&quot;, &quot;Hiragino Sans GB&quot;, &quot;Hiragino Sans GB W3&quot;, FontAwesome, sans-serif; text-indent: 24px; white-space: normal;\">3、按功能可按家具分为： 客厅家具、卧室家具、书房家具、厨房家具（设备）和辅助家具等几类。</p><p style=\"box-sizing: border-box; margin-top: 1.6rem; margin-bottom: 1.6rem; color: rgb(51, 51, 51); font-family: &quot;Segoe UI&quot;, &quot;Lucida Grande&quot;, Helvetica, Arial, &quot;Microsoft YaHei&quot;, FreeSans, Arimo, &quot;Droid Sans&quot;, &quot;wenquanyi micro hei&quot;, &quot;Hiragino Sans GB&quot;, &quot;Hiragino Sans GB W3&quot;, FontAwesome, sans-serif; text-indent: 24px; white-space: normal;\">4、按家具产品的档次分类可分为： 高档、中高档、中档、中低档、低档。</p><p style=\"box-sizing: border-box; margin-top: 1.6rem; margin-bottom: 1.6rem; color: rgb(51, 51, 51); font-family: &quot;Segoe UI&quot;, &quot;Lucida Grande&quot;, Helvetica, Arial, &quot;Microsoft YaHei&quot;, FreeSans, Arimo, &quot;Droid Sans&quot;, &quot;wenquanyi micro hei&quot;, &quot;Hiragino Sans GB&quot;, &quot;Hiragino Sans GB W3&quot;, FontAwesome, sans-serif; text-indent: 24px; white-space: normal;\">5、产品的产地划分： 可分为进口家具和国产家具，也就是国际品牌和国内品牌，国际品牌在上海比较多，在北京的集中在中粮广场，向北欧风情、达.芬奇、芙莱莎、富克拉等等。但有些国际品牌也是在国内生产的，向英国品牌芝华仕沙发就是生产于深圳。目前在国内家具最大的生产基地应是广东了，国内较为知名的品牌家具多数产于深圳、东莞、广州、中山、顺德，每年3月和8月国内最大的家具展会就在这里召开，届时，国内许多的家具厂商和经销商都会云集在广东。但近几年浙江的家具也在迅速崛起，象大风范、国森、雄族等品牌也占据了一大部分市场。还有北京也有很多做的不错的品牌，以曲美和标致最有代表性。其他向东北、四川、河北、山东都有些品牌家具，但占的比重比较小了。</p><p style=\"box-sizing: border-box; margin-top: 1.6rem; margin-bottom: 1.6rem; color: rgb(51, 51, 51); font-family: &quot;Segoe UI&quot;, &quot;Lucida Grande&quot;, Helvetica, Arial, &quot;Microsoft YaHei&quot;, FreeSans, Arimo, &quot;Droid Sans&quot;, &quot;wenquanyi micro hei&quot;, &quot;Hiragino Sans GB&quot;, &quot;Hiragino Sans GB W3&quot;, FontAwesome, sans-serif; text-indent: 24px; white-space: normal;\">6、怎样区分产品的档次呢？ 其实主要看价格，卧房、沙发、床都可以从价格上分出中高低档。例如套房（5件）从一两千元到几万元不等，那么我们把价位在4000元以下的定为中低档产品，价位4000元—8000元定位中档产品，价位8000元至20000元定位中高档产品，2万元以上的定位高档产品。但也不是一成不变的，其实并没有一个具体的标准来准确的划分，只是我们对产品熟悉了，自然会给产品进行定位。再例如沙发的档次定位，2000元以下的为中低档，2000—5000属中档，5000—10000属中高档，10000元以上的为高档。床在1000元以下的为中低档，1000—4000元为中档，4000至10000为中高档，1万以上为高档。</p><p><br/></p>','卡号的，沙发上，第三发','2017-08-09 00:00:00','93',4,'1、按家具从风格上可以分为： 现代家具、欧式古典家具、美式家具、中式古典家具（也就是红木家具），还有近两年比较流行的新古典系列家具等等。2、按所用材料将家具分为： 实木家具、板式家具、软体家具、藤编家具...'),(15,'<p style=\"box-sizing: border-box; margin-top: 0px; margin-bottom: 1.6rem; color: rgb(51, 51, 51); font-family: &quot;Segoe UI&quot;, &quot;Lucida Grande&quot;, Helvetica, Arial, &quot;Microsoft YaHei&quot;, FreeSans, Arimo, &quot;Droid Sans&quot;, &quot;wenquanyi micro hei&quot;, &quot;Hiragino Sans GB&quot;, &quot;Hiragino Sans GB W3&quot;, FontAwesome, sans-serif; text-indent: 24px; white-space: normal;\">1、按家具从风格上可以分为： 现代家具、欧式古典家具、美式家具、中式古典家具（也就是红木家具），还有近两年比较流行的新古典系列家具等等。</p><p style=\"box-sizing: border-box; margin-top: 1.6rem; margin-bottom: 1.6rem; color: rgb(51, 51, 51); font-family: &quot;Segoe UI&quot;, &quot;Lucida Grande&quot;, Helvetica, Arial, &quot;Microsoft YaHei&quot;, FreeSans, Arimo, &quot;Droid Sans&quot;, &quot;wenquanyi micro hei&quot;, &quot;Hiragino Sans GB&quot;, &quot;Hiragino Sans GB W3&quot;, FontAwesome, sans-serif; text-indent: 24px; white-space: normal;\">2、按所用材料将家具分为： 实木家具、板式家具、软体家具、藤编家具、竹编家具、钢木家具和其他人造材材料制成的家具（例如玻璃家具、大理石家具等）。</p><p style=\"box-sizing: border-box; margin-top: 1.6rem; margin-bottom: 1.6rem; color: rgb(51, 51, 51); font-family: &quot;Segoe UI&quot;, &quot;Lucida Grande&quot;, Helvetica, Arial, &quot;Microsoft YaHei&quot;, FreeSans, Arimo, &quot;Droid Sans&quot;, &quot;wenquanyi micro hei&quot;, &quot;Hiragino Sans GB&quot;, &quot;Hiragino Sans GB W3&quot;, FontAwesome, sans-serif; text-indent: 24px; white-space: normal;\">3、按功能可按家具分为： 客厅家具、卧室家具、书房家具、厨房家具（设备）和辅助家具等几类。</p><p style=\"box-sizing: border-box; margin-top: 1.6rem; margin-bottom: 1.6rem; color: rgb(51, 51, 51); font-family: &quot;Segoe UI&quot;, &quot;Lucida Grande&quot;, Helvetica, Arial, &quot;Microsoft YaHei&quot;, FreeSans, Arimo, &quot;Droid Sans&quot;, &quot;wenquanyi micro hei&quot;, &quot;Hiragino Sans GB&quot;, &quot;Hiragino Sans GB W3&quot;, FontAwesome, sans-serif; text-indent: 24px; white-space: normal;\">4、按家具产品的档次分类可分为： 高档、中高档、中档、中低档、低档。</p><p style=\"box-sizing: border-box; margin-top: 1.6rem; margin-bottom: 1.6rem; color: rgb(51, 51, 51); font-family: &quot;Segoe UI&quot;, &quot;Lucida Grande&quot;, Helvetica, Arial, &quot;Microsoft YaHei&quot;, FreeSans, Arimo, &quot;Droid Sans&quot;, &quot;wenquanyi micro hei&quot;, &quot;Hiragino Sans GB&quot;, &quot;Hiragino Sans GB W3&quot;, FontAwesome, sans-serif; text-indent: 24px; white-space: normal;\">5、产品的产地划分： 可分为进口家具和国产家具，也就是国际品牌和国内品牌，国际品牌在上海比较多，在北京的集中在中粮广场，向北欧风情、达.芬奇、芙莱莎、富克拉等等。但有些国际品牌也是在国内生产的，向英国品牌芝华仕沙发就是生产于深圳。目前在国内家具最大的生产基地应是广东了，国内较为知名的品牌家具多数产于深圳、东莞、广州、中山、顺德，每年3月和8月国内最大的家具展会就在这里召开，届时，国内许多的家具厂商和经销商都会云集在广东。但近几年浙江的家具也在迅速崛起，象大风范、国森、雄族等品牌也占据了一大部分市场。还有北京也有很多做的不错的品牌，以曲美和标致最有代表性。其他向东北、四川、河北、山东都有些品牌家具，但占的比重比较小了。</p><p style=\"box-sizing: border-box; margin-top: 1.6rem; margin-bottom: 1.6rem; color: rgb(51, 51, 51); font-family: &quot;Segoe UI&quot;, &quot;Lucida Grande&quot;, Helvetica, Arial, &quot;Microsoft YaHei&quot;, FreeSans, Arimo, &quot;Droid Sans&quot;, &quot;wenquanyi micro hei&quot;, &quot;Hiragino Sans GB&quot;, &quot;Hiragino Sans GB W3&quot;, FontAwesome, sans-serif; text-indent: 24px; white-space: normal;\">6、怎样区分产品的档次呢？ 其实主要看价格，卧房、沙发、床都可以从价格上分出中高低档。例如套房（5件）从一两千元到几万元不等，那么我们把价位在4000元以下的定为中低档产品，价位4000元—8000元定位中档产品，价位8000元至20000元定位中高档产品，2万元以上的定位高档产品。但也不是一成不变的，其实并没有一个具体的标准来准确的划分，只是我们对产品熟悉了，自然会给产品进行定位。再例如沙发的档次定位，2000元以下的为中低档，2000—5000属中档，5000—10000属中高档，10000元以上的为高档。床在1000元以下的为中低档，1000—4000元为中档，4000至10000为中高档，1万以上为高档。</p><p><br/></p>','卡号的，沙发上，第三发','2017-08-15 00:00:00','151',2,'1、按家具从风格上可以分为： 现代家具、欧式古典家具、美式家具、中式古典家具（也就是红木家具），还有近两年比较流行的新古典系列家具等等。2、按所用材料将家具分为： 实木家具、板式家具、软体家具、藤编家具...'),(16,'<p style=\"box-sizing: border-box; margin-top: 0px; margin-bottom: 1.6rem; color: rgb(51, 51, 51); font-family: &quot;Segoe UI&quot;, &quot;Lucida Grande&quot;, Helvetica, Arial, &quot;Microsoft YaHei&quot;, FreeSans, Arimo, &quot;Droid Sans&quot;, &quot;wenquanyi micro hei&quot;, &quot;Hiragino Sans GB&quot;, &quot;Hiragino Sans GB W3&quot;, FontAwesome, sans-serif; text-indent: 24px; white-space: normal;\">1、按家具从风格上可以分为： 现代家具、欧式古典家具、美式家具、中式古典家具（也就是红木家具），还有近两年比较流行的新古典系列家具等等。</p><p style=\"box-sizing: border-box; margin-top: 1.6rem; margin-bottom: 1.6rem; color: rgb(51, 51, 51); font-family: &quot;Segoe UI&quot;, &quot;Lucida Grande&quot;, Helvetica, Arial, &quot;Microsoft YaHei&quot;, FreeSans, Arimo, &quot;Droid Sans&quot;, &quot;wenquanyi micro hei&quot;, &quot;Hiragino Sans GB&quot;, &quot;Hiragino Sans GB W3&quot;, FontAwesome, sans-serif; text-indent: 24px; white-space: normal;\">2、按所用材料将家具分为： 实木家具、板式家具、软体家具、藤编家具、竹编家具、钢木家具和其他人造材材料制成的家具（例如玻璃家具、大理石家具等）。</p><p style=\"box-sizing: border-box; margin-top: 1.6rem; margin-bottom: 1.6rem; color: rgb(51, 51, 51); font-family: &quot;Segoe UI&quot;, &quot;Lucida Grande&quot;, Helvetica, Arial, &quot;Microsoft YaHei&quot;, FreeSans, Arimo, &quot;Droid Sans&quot;, &quot;wenquanyi micro hei&quot;, &quot;Hiragino Sans GB&quot;, &quot;Hiragino Sans GB W3&quot;, FontAwesome, sans-serif; text-indent: 24px; white-space: normal;\">3、按功能可按家具分为： 客厅家具、卧室家具、书房家具、厨房家具（设备）和辅助家具等几类。</p><p style=\"box-sizing: border-box; margin-top: 1.6rem; margin-bottom: 1.6rem; color: rgb(51, 51, 51); font-family: &quot;Segoe UI&quot;, &quot;Lucida Grande&quot;, Helvetica, Arial, &quot;Microsoft YaHei&quot;, FreeSans, Arimo, &quot;Droid Sans&quot;, &quot;wenquanyi micro hei&quot;, &quot;Hiragino Sans GB&quot;, &quot;Hiragino Sans GB W3&quot;, FontAwesome, sans-serif; text-indent: 24px; white-space: normal;\">4、按家具产品的档次分类可分为： 高档、中高档、中档、中低档、低档。</p><p style=\"box-sizing: border-box; margin-top: 1.6rem; margin-bottom: 1.6rem; color: rgb(51, 51, 51); font-family: &quot;Segoe UI&quot;, &quot;Lucida Grande&quot;, Helvetica, Arial, &quot;Microsoft YaHei&quot;, FreeSans, Arimo, &quot;Droid Sans&quot;, &quot;wenquanyi micro hei&quot;, &quot;Hiragino Sans GB&quot;, &quot;Hiragino Sans GB W3&quot;, FontAwesome, sans-serif; text-indent: 24px; white-space: normal;\">5、产品的产地划分： 可分为进口家具和国产家具，也就是国际品牌和国内品牌，国际品牌在上海比较多，在北京的集中在中粮广场，向北欧风情、达.芬奇、芙莱莎、富克拉等等。但有些国际品牌也是在国内生产的，向英国品牌芝华仕沙发就是生产于深圳。目前在国内家具最大的生产基地应是广东了，国内较为知名的品牌家具多数产于深圳、东莞、广州、中山、顺德，每年3月和8月国内最大的家具展会就在这里召开，届时，国内许多的家具厂商和经销商都会云集在广东。但近几年浙江的家具也在迅速崛起，象大风范、国森、雄族等品牌也占据了一大部分市场。还有北京也有很多做的不错的品牌，以曲美和标致最有代表性。其他向东北、四川、河北、山东都有些品牌家具，但占的比重比较小了。</p><p style=\"box-sizing: border-box; margin-top: 1.6rem; margin-bottom: 1.6rem; color: rgb(51, 51, 51); font-family: &quot;Segoe UI&quot;, &quot;Lucida Grande&quot;, Helvetica, Arial, &quot;Microsoft YaHei&quot;, FreeSans, Arimo, &quot;Droid Sans&quot;, &quot;wenquanyi micro hei&quot;, &quot;Hiragino Sans GB&quot;, &quot;Hiragino Sans GB W3&quot;, FontAwesome, sans-serif; text-indent: 24px; white-space: normal;\">6、怎样区分产品的档次呢？ 其实主要看价格，卧房、沙发、床都可以从价格上分出中高低档。例如套房（5件）从一两千元到几万元不等，那么我们把价位在4000元以下的定为中低档产品，价位4000元—8000元定位中档产品，价位8000元至20000元定位中高档产品，2万元以上的定位高档产品。但也不是一成不变的，其实并没有一个具体的标准来准确的划分，只是我们对产品熟悉了，自然会给产品进行定位。再例如沙发的档次定位，2000元以下的为中低档，2000—5000属中档，5000—10000属中高档，10000元以上的为高档。床在1000元以下的为中低档，1000—4000元为中档，4000至10000为中高档，1万以上为高档。</p><p><br/></p>','卡号的，沙发上，第三发','2017-08-16 00:00:00','163',4,'1、按家具从风格上可以分为： 现代家具、欧式古典家具、美式家具、中式古典家具（也就是红木家具），还有近两年比较流行的新古典系列家具等等。2、按所用材料将家具分为： 实木家具、板式家具、软体家具、藤编家具...'),(17,'<p style=\"box-sizing: border-box; margin-top: 0px; margin-bottom: 1.6rem; color: rgb(51, 51, 51); font-family: &quot;Segoe UI&quot;, &quot;Lucida Grande&quot;, Helvetica, Arial, &quot;Microsoft YaHei&quot;, FreeSans, Arimo, &quot;Droid Sans&quot;, &quot;wenquanyi micro hei&quot;, &quot;Hiragino Sans GB&quot;, &quot;Hiragino Sans GB W3&quot;, FontAwesome, sans-serif; text-indent: 24px; white-space: normal;\">1、按家具从风格上可以分为： 现代家具、欧式古典家具、美式家具、中式古典家具（也就是红木家具），还有近两年比较流行的新古典系列家具等等。</p><p style=\"box-sizing: border-box; margin-top: 1.6rem; margin-bottom: 1.6rem; color: rgb(51, 51, 51); font-family: &quot;Segoe UI&quot;, &quot;Lucida Grande&quot;, Helvetica, Arial, &quot;Microsoft YaHei&quot;, FreeSans, Arimo, &quot;Droid Sans&quot;, &quot;wenquanyi micro hei&quot;, &quot;Hiragino Sans GB&quot;, &quot;Hiragino Sans GB W3&quot;, FontAwesome, sans-serif; text-indent: 24px; white-space: normal;\">2、按所用材料将家具分为： 实木家具、板式家具、软体家具、藤编家具、竹编家具、钢木家具和其他人造材材料制成的家具（例如玻璃家具、大理石家具等）。</p><p style=\"box-sizing: border-box; margin-top: 1.6rem; margin-bottom: 1.6rem; color: rgb(51, 51, 51); font-family: &quot;Segoe UI&quot;, &quot;Lucida Grande&quot;, Helvetica, Arial, &quot;Microsoft YaHei&quot;, FreeSans, Arimo, &quot;Droid Sans&quot;, &quot;wenquanyi micro hei&quot;, &quot;Hiragino Sans GB&quot;, &quot;Hiragino Sans GB W3&quot;, FontAwesome, sans-serif; text-indent: 24px; white-space: normal;\">3、按功能可按家具分为： 客厅家具、卧室家具、书房家具、厨房家具（设备）和辅助家具等几类。</p><p style=\"box-sizing: border-box; margin-top: 1.6rem; margin-bottom: 1.6rem; color: rgb(51, 51, 51); font-family: &quot;Segoe UI&quot;, &quot;Lucida Grande&quot;, Helvetica, Arial, &quot;Microsoft YaHei&quot;, FreeSans, Arimo, &quot;Droid Sans&quot;, &quot;wenquanyi micro hei&quot;, &quot;Hiragino Sans GB&quot;, &quot;Hiragino Sans GB W3&quot;, FontAwesome, sans-serif; text-indent: 24px; white-space: normal;\">4、按家具产品的档次分类可分为： 高档、中高档、中档、中低档、低档。</p><p style=\"box-sizing: border-box; margin-top: 1.6rem; margin-bottom: 1.6rem; color: rgb(51, 51, 51); font-family: &quot;Segoe UI&quot;, &quot;Lucida Grande&quot;, Helvetica, Arial, &quot;Microsoft YaHei&quot;, FreeSans, Arimo, &quot;Droid Sans&quot;, &quot;wenquanyi micro hei&quot;, &quot;Hiragino Sans GB&quot;, &quot;Hiragino Sans GB W3&quot;, FontAwesome, sans-serif; text-indent: 24px; white-space: normal;\">5、产品的产地划分： 可分为进口家具和国产家具，也就是国际品牌和国内品牌，国际品牌在上海比较多，在北京的集中在中粮广场，向北欧风情、达.芬奇、芙莱莎、富克拉等等。但有些国际品牌也是在国内生产的，向英国品牌芝华仕沙发就是生产于深圳。目前在国内家具最大的生产基地应是广东了，国内较为知名的品牌家具多数产于深圳、东莞、广州、中山、顺德，每年3月和8月国内最大的家具展会就在这里召开，届时，国内许多的家具厂商和经销商都会云集在广东。但近几年浙江的家具也在迅速崛起，象大风范、国森、雄族等品牌也占据了一大部分市场。还有北京也有很多做的不错的品牌，以曲美和标致最有代表性。其他向东北、四川、河北、山东都有些品牌家具，但占的比重比较小了。</p><p style=\"box-sizing: border-box; margin-top: 1.6rem; margin-bottom: 1.6rem; color: rgb(51, 51, 51); font-family: &quot;Segoe UI&quot;, &quot;Lucida Grande&quot;, Helvetica, Arial, &quot;Microsoft YaHei&quot;, FreeSans, Arimo, &quot;Droid Sans&quot;, &quot;wenquanyi micro hei&quot;, &quot;Hiragino Sans GB&quot;, &quot;Hiragino Sans GB W3&quot;, FontAwesome, sans-serif; text-indent: 24px; white-space: normal;\">6、怎样区分产品的档次呢？ 其实主要看价格，卧房、沙发、床都可以从价格上分出中高低档。例如套房（5件）从一两千元到几万元不等，那么我们把价位在4000元以下的定为中低档产品，价位4000元—8000元定位中档产品，价位8000元至20000元定位中高档产品，2万元以上的定位高档产品。但也不是一成不变的，其实并没有一个具体的标准来准确的划分，只是我们对产品熟悉了，自然会给产品进行定位。再例如沙发的档次定位，2000元以下的为中低档，2000—5000属中档，5000—10000属中高档，10000元以上的为高档。床在1000元以下的为中低档，1000—4000元为中档，4000至10000为中高档，1万以上为高档。</p><p><br/></p>','卡号的，沙发上，第三发','2017-08-17 00:00:00','172',3,'1、按家具从风格上可以分为： 现代家具、欧式古典家具、美式家具、中式古典家具（也就是红木家具），还有近两年比较流行的新古典系列家具等等。2、按所用材料将家具分为： 实木家具、板式家具、软体家具、藤编家具...'),(18,'<p style=\"box-sizing: border-box; margin-top: 0px; margin-bottom: 1.6rem; color: rgb(51, 51, 51); font-family: &quot;Segoe UI&quot;, &quot;Lucida Grande&quot;, Helvetica, Arial, &quot;Microsoft YaHei&quot;, FreeSans, Arimo, &quot;Droid Sans&quot;, &quot;wenquanyi micro hei&quot;, &quot;Hiragino Sans GB&quot;, &quot;Hiragino Sans GB W3&quot;, FontAwesome, sans-serif; text-indent: 24px; white-space: normal;\">1、按家具从风格上可以分为： 现代家具、欧式古典家具、美式家具、中式古典家具（也就是红木家具），还有近两年比较流行的新古典系列家具等等。</p><p style=\"box-sizing: border-box; margin-top: 1.6rem; margin-bottom: 1.6rem; color: rgb(51, 51, 51); font-family: &quot;Segoe UI&quot;, &quot;Lucida Grande&quot;, Helvetica, Arial, &quot;Microsoft YaHei&quot;, FreeSans, Arimo, &quot;Droid Sans&quot;, &quot;wenquanyi micro hei&quot;, &quot;Hiragino Sans GB&quot;, &quot;Hiragino Sans GB W3&quot;, FontAwesome, sans-serif; text-indent: 24px; white-space: normal;\">2、按所用材料将家具分为： 实木家具、板式家具、软体家具、藤编家具、竹编家具、钢木家具和其他人造材材料制成的家具（例如玻璃家具、大理石家具等）。</p><p style=\"box-sizing: border-box; margin-top: 1.6rem; margin-bottom: 1.6rem; color: rgb(51, 51, 51); font-family: &quot;Segoe UI&quot;, &quot;Lucida Grande&quot;, Helvetica, Arial, &quot;Microsoft YaHei&quot;, FreeSans, Arimo, &quot;Droid Sans&quot;, &quot;wenquanyi micro hei&quot;, &quot;Hiragino Sans GB&quot;, &quot;Hiragino Sans GB W3&quot;, FontAwesome, sans-serif; text-indent: 24px; white-space: normal;\">3、按功能可按家具分为： 客厅家具、卧室家具、书房家具、厨房家具（设备）和辅助家具等几类。</p><p style=\"box-sizing: border-box; margin-top: 1.6rem; margin-bottom: 1.6rem; color: rgb(51, 51, 51); font-family: &quot;Segoe UI&quot;, &quot;Lucida Grande&quot;, Helvetica, Arial, &quot;Microsoft YaHei&quot;, FreeSans, Arimo, &quot;Droid Sans&quot;, &quot;wenquanyi micro hei&quot;, &quot;Hiragino Sans GB&quot;, &quot;Hiragino Sans GB W3&quot;, FontAwesome, sans-serif; text-indent: 24px; white-space: normal;\">4、按家具产品的档次分类可分为： 高档、中高档、中档、中低档、低档。</p><p style=\"box-sizing: border-box; margin-top: 1.6rem; margin-bottom: 1.6rem; color: rgb(51, 51, 51); font-family: &quot;Segoe UI&quot;, &quot;Lucida Grande&quot;, Helvetica, Arial, &quot;Microsoft YaHei&quot;, FreeSans, Arimo, &quot;Droid Sans&quot;, &quot;wenquanyi micro hei&quot;, &quot;Hiragino Sans GB&quot;, &quot;Hiragino Sans GB W3&quot;, FontAwesome, sans-serif; text-indent: 24px; white-space: normal;\">5、产品的产地划分： 可分为进口家具和国产家具，也就是国际品牌和国内品牌，国际品牌在上海比较多，在北京的集中在中粮广场，向北欧风情、达.芬奇、芙莱莎、富克拉等等。但有些国际品牌也是在国内生产的，向英国品牌芝华仕沙发就是生产于深圳。目前在国内家具最大的生产基地应是广东了，国内较为知名的品牌家具多数产于深圳、东莞、广州、中山、顺德，每年3月和8月国内最大的家具展会就在这里召开，届时，国内许多的家具厂商和经销商都会云集在广东。但近几年浙江的家具也在迅速崛起，象大风范、国森、雄族等品牌也占据了一大部分市场。还有北京也有很多做的不错的品牌，以曲美和标致最有代表性。其他向东北、四川、河北、山东都有些品牌家具，但占的比重比较小了。</p><p style=\"box-sizing: border-box; margin-top: 1.6rem; margin-bottom: 1.6rem; color: rgb(51, 51, 51); font-family: &quot;Segoe UI&quot;, &quot;Lucida Grande&quot;, Helvetica, Arial, &quot;Microsoft YaHei&quot;, FreeSans, Arimo, &quot;Droid Sans&quot;, &quot;wenquanyi micro hei&quot;, &quot;Hiragino Sans GB&quot;, &quot;Hiragino Sans GB W3&quot;, FontAwesome, sans-serif; text-indent: 24px; white-space: normal;\">6、怎样区分产品的档次呢？ 其实主要看价格，卧房、沙发、床都可以从价格上分出中高低档。例如套房（5件）从一两千元到几万元不等，那么我们把价位在4000元以下的定为中低档产品，价位4000元—8000元定位中档产品，价位8000元至20000元定位中高档产品，2万元以上的定位高档产品。但也不是一成不变的，其实并没有一个具体的标准来准确的划分，只是我们对产品熟悉了，自然会给产品进行定位。再例如沙发的档次定位，2000元以下的为中低档，2000—5000属中档，5000—10000属中高档，10000元以上的为高档。床在1000元以下的为中低档，1000—4000元为中档，4000至10000为中高档，1万以上为高档。</p><p><br/></p>','卡号的，沙发上，第三发','2017-08-18 00:00:00','181',2,'1、按家具从风格上可以分为： 现代家具、欧式古典家具、美式家具、中式古典家具（也就是红木家具），还有近两年比较流行的新古典系列家具等等。2、按所用材料将家具分为： 实木家具、板式家具、软体家具、藤编家具...'),(19,'<p style=\"box-sizing: border-box; margin-top: 0px; margin-bottom: 1.6rem; color: rgb(51, 51, 51); font-family: &quot;Segoe UI&quot;, &quot;Lucida Grande&quot;, Helvetica, Arial, &quot;Microsoft YaHei&quot;, FreeSans, Arimo, &quot;Droid Sans&quot;, &quot;wenquanyi micro hei&quot;, &quot;Hiragino Sans GB&quot;, &quot;Hiragino Sans GB W3&quot;, FontAwesome, sans-serif; text-indent: 24px; white-space: normal;\">1、按家具从风格上可以分为： 现代家具、欧式古典家具、美式家具、中式古典家具（也就是红木家具），还有近两年比较流行的新古典系列家具等等。</p><p style=\"box-sizing: border-box; margin-top: 1.6rem; margin-bottom: 1.6rem; color: rgb(51, 51, 51); font-family: &quot;Segoe UI&quot;, &quot;Lucida Grande&quot;, Helvetica, Arial, &quot;Microsoft YaHei&quot;, FreeSans, Arimo, &quot;Droid Sans&quot;, &quot;wenquanyi micro hei&quot;, &quot;Hiragino Sans GB&quot;, &quot;Hiragino Sans GB W3&quot;, FontAwesome, sans-serif; text-indent: 24px; white-space: normal;\">2、按所用材料将家具分为： 实木家具、板式家具、软体家具、藤编家具、竹编家具、钢木家具和其他人造材材料制成的家具（例如玻璃家具、大理石家具等）。</p><p style=\"box-sizing: border-box; margin-top: 1.6rem; margin-bottom: 1.6rem; color: rgb(51, 51, 51); font-family: &quot;Segoe UI&quot;, &quot;Lucida Grande&quot;, Helvetica, Arial, &quot;Microsoft YaHei&quot;, FreeSans, Arimo, &quot;Droid Sans&quot;, &quot;wenquanyi micro hei&quot;, &quot;Hiragino Sans GB&quot;, &quot;Hiragino Sans GB W3&quot;, FontAwesome, sans-serif; text-indent: 24px; white-space: normal;\">3、按功能可按家具分为： 客厅家具、卧室家具、书房家具、厨房家具（设备）和辅助家具等几类。</p><p style=\"box-sizing: border-box; margin-top: 1.6rem; margin-bottom: 1.6rem; color: rgb(51, 51, 51); font-family: &quot;Segoe UI&quot;, &quot;Lucida Grande&quot;, Helvetica, Arial, &quot;Microsoft YaHei&quot;, FreeSans, Arimo, &quot;Droid Sans&quot;, &quot;wenquanyi micro hei&quot;, &quot;Hiragino Sans GB&quot;, &quot;Hiragino Sans GB W3&quot;, FontAwesome, sans-serif; text-indent: 24px; white-space: normal;\">4、按家具产品的档次分类可分为： 高档、中高档、中档、中低档、低档。</p><p style=\"box-sizing: border-box; margin-top: 1.6rem; margin-bottom: 1.6rem; color: rgb(51, 51, 51); font-family: &quot;Segoe UI&quot;, &quot;Lucida Grande&quot;, Helvetica, Arial, &quot;Microsoft YaHei&quot;, FreeSans, Arimo, &quot;Droid Sans&quot;, &quot;wenquanyi micro hei&quot;, &quot;Hiragino Sans GB&quot;, &quot;Hiragino Sans GB W3&quot;, FontAwesome, sans-serif; text-indent: 24px; white-space: normal;\">5、产品的产地划分： 可分为进口家具和国产家具，也就是国际品牌和国内品牌，国际品牌在上海比较多，在北京的集中在中粮广场，向北欧风情、达.芬奇、芙莱莎、富克拉等等。但有些国际品牌也是在国内生产的，向英国品牌芝华仕沙发就是生产于深圳。目前在国内家具最大的生产基地应是广东了，国内较为知名的品牌家具多数产于深圳、东莞、广州、中山、顺德，每年3月和8月国内最大的家具展会就在这里召开，届时，国内许多的家具厂商和经销商都会云集在广东。但近几年浙江的家具也在迅速崛起，象大风范、国森、雄族等品牌也占据了一大部分市场。还有北京也有很多做的不错的品牌，以曲美和标致最有代表性。其他向东北、四川、河北、山东都有些品牌家具，但占的比重比较小了。</p><p style=\"box-sizing: border-box; margin-top: 1.6rem; margin-bottom: 1.6rem; color: rgb(51, 51, 51); font-family: &quot;Segoe UI&quot;, &quot;Lucida Grande&quot;, Helvetica, Arial, &quot;Microsoft YaHei&quot;, FreeSans, Arimo, &quot;Droid Sans&quot;, &quot;wenquanyi micro hei&quot;, &quot;Hiragino Sans GB&quot;, &quot;Hiragino Sans GB W3&quot;, FontAwesome, sans-serif; text-indent: 24px; white-space: normal;\">6、怎样区分产品的档次呢？ 其实主要看价格，卧房、沙发、床都可以从价格上分出中高低档。例如套房（5件）从一两千元到几万元不等，那么我们把价位在4000元以下的定为中低档产品，价位4000元—8000元定位中档产品，价位8000元至20000元定位中高档产品，2万元以上的定位高档产品。但也不是一成不变的，其实并没有一个具体的标准来准确的划分，只是我们对产品熟悉了，自然会给产品进行定位。再例如沙发的档次定位，2000元以下的为中低档，2000—5000属中档，5000—10000属中高档，10000元以上的为高档。床在1000元以下的为中低档，1000—4000元为中档，4000至10000为中高档，1万以上为高档。</p><p><br/></p>','卡号的，沙发上，第三发','2017-08-19 00:00:00','192',3,'1、按家具从风格上可以分为： 现代家具、欧式古典家具、美式家具、中式古典家具（也就是红木家具），还有近两年比较流行的新古典系列家具等等。2、按所用材料将家具分为： 实木家具、板式家具、软体家具、藤编家具...'),(20,'<p style=\"box-sizing: border-box; margin-top: 0px; margin-bottom: 1.6rem; color: rgb(51, 51, 51); font-family: &quot;Segoe UI&quot;, &quot;Lucida Grande&quot;, Helvetica, Arial, &quot;Microsoft YaHei&quot;, FreeSans, Arimo, &quot;Droid Sans&quot;, &quot;wenquanyi micro hei&quot;, &quot;Hiragino Sans GB&quot;, &quot;Hiragino Sans GB W3&quot;, FontAwesome, sans-serif; text-indent: 24px; white-space: normal;\">1、按家具从风格上可以分为： 现代家具、欧式古典家具、美式家具、中式古典家具（也就是红木家具），还有近两年比较流行的新古典系列家具等等。</p><p style=\"box-sizing: border-box; margin-top: 1.6rem; margin-bottom: 1.6rem; color: rgb(51, 51, 51); font-family: &quot;Segoe UI&quot;, &quot;Lucida Grande&quot;, Helvetica, Arial, &quot;Microsoft YaHei&quot;, FreeSans, Arimo, &quot;Droid Sans&quot;, &quot;wenquanyi micro hei&quot;, &quot;Hiragino Sans GB&quot;, &quot;Hiragino Sans GB W3&quot;, FontAwesome, sans-serif; text-indent: 24px; white-space: normal;\">2、按所用材料将家具分为： 实木家具、板式家具、软体家具、藤编家具、竹编家具、钢木家具和其他人造材材料制成的家具（例如玻璃家具、大理石家具等）。</p><p style=\"box-sizing: border-box; margin-top: 1.6rem; margin-bottom: 1.6rem; color: rgb(51, 51, 51); font-family: &quot;Segoe UI&quot;, &quot;Lucida Grande&quot;, Helvetica, Arial, &quot;Microsoft YaHei&quot;, FreeSans, Arimo, &quot;Droid Sans&quot;, &quot;wenquanyi micro hei&quot;, &quot;Hiragino Sans GB&quot;, &quot;Hiragino Sans GB W3&quot;, FontAwesome, sans-serif; text-indent: 24px; white-space: normal;\">3、按功能可按家具分为： 客厅家具、卧室家具、书房家具、厨房家具（设备）和辅助家具等几类。</p><p style=\"box-sizing: border-box; margin-top: 1.6rem; margin-bottom: 1.6rem; color: rgb(51, 51, 51); font-family: &quot;Segoe UI&quot;, &quot;Lucida Grande&quot;, Helvetica, Arial, &quot;Microsoft YaHei&quot;, FreeSans, Arimo, &quot;Droid Sans&quot;, &quot;wenquanyi micro hei&quot;, &quot;Hiragino Sans GB&quot;, &quot;Hiragino Sans GB W3&quot;, FontAwesome, sans-serif; text-indent: 24px; white-space: normal;\">4、按家具产品的档次分类可分为： 高档、中高档、中档、中低档、低档。</p><p style=\"box-sizing: border-box; margin-top: 1.6rem; margin-bottom: 1.6rem; color: rgb(51, 51, 51); font-family: &quot;Segoe UI&quot;, &quot;Lucida Grande&quot;, Helvetica, Arial, &quot;Microsoft YaHei&quot;, FreeSans, Arimo, &quot;Droid Sans&quot;, &quot;wenquanyi micro hei&quot;, &quot;Hiragino Sans GB&quot;, &quot;Hiragino Sans GB W3&quot;, FontAwesome, sans-serif; text-indent: 24px; white-space: normal;\">5、产品的产地划分： 可分为进口家具和国产家具，也就是国际品牌和国内品牌，国际品牌在上海比较多，在北京的集中在中粮广场，向北欧风情、达.芬奇、芙莱莎、富克拉等等。但有些国际品牌也是在国内生产的，向英国品牌芝华仕沙发就是生产于深圳。目前在国内家具最大的生产基地应是广东了，国内较为知名的品牌家具多数产于深圳、东莞、广州、中山、顺德，每年3月和8月国内最大的家具展会就在这里召开，届时，国内许多的家具厂商和经销商都会云集在广东。但近几年浙江的家具也在迅速崛起，象大风范、国森、雄族等品牌也占据了一大部分市场。还有北京也有很多做的不错的品牌，以曲美和标致最有代表性。其他向东北、四川、河北、山东都有些品牌家具，但占的比重比较小了。</p><p style=\"box-sizing: border-box; margin-top: 1.6rem; margin-bottom: 1.6rem; color: rgb(51, 51, 51); font-family: &quot;Segoe UI&quot;, &quot;Lucida Grande&quot;, Helvetica, Arial, &quot;Microsoft YaHei&quot;, FreeSans, Arimo, &quot;Droid Sans&quot;, &quot;wenquanyi micro hei&quot;, &quot;Hiragino Sans GB&quot;, &quot;Hiragino Sans GB W3&quot;, FontAwesome, sans-serif; text-indent: 24px; white-space: normal;\">6、怎样区分产品的档次呢？ 其实主要看价格，卧房、沙发、床都可以从价格上分出中高低档。例如套房（5件）从一两千元到几万元不等，那么我们把价位在4000元以下的定为中低档产品，价位4000元—8000元定位中档产品，价位8000元至20000元定位中高档产品，2万元以上的定位高档产品。但也不是一成不变的，其实并没有一个具体的标准来准确的划分，只是我们对产品熟悉了，自然会给产品进行定位。再例如沙发的档次定位，2000元以下的为中低档，2000—5000属中档，5000—10000属中高档，10000元以上的为高档。床在1000元以下的为中低档，1000—4000元为中档，4000至10000为中高档，1万以上为高档。</p><p><br/></p>','卡号的，沙发上，第三发','2017-08-20 00:00:00','204',5,'1、按家具从风格上可以分为： 现代家具、欧式古典家具、美式家具、中式古典家具（也就是红木家具），还有近两年比较流行的新古典系列家具等等。2、按所用材料将家具分为： 实木家具、板式家具、软体家具、藤编家具...'),(21,'<p style=\"box-sizing: border-box; margin-top: 0px; margin-bottom: 1.6rem; color: rgb(51, 51, 51); font-family: &quot;Segoe UI&quot;, &quot;Lucida Grande&quot;, Helvetica, Arial, &quot;Microsoft YaHei&quot;, FreeSans, Arimo, &quot;Droid Sans&quot;, &quot;wenquanyi micro hei&quot;, &quot;Hiragino Sans GB&quot;, &quot;Hiragino Sans GB W3&quot;, FontAwesome, sans-serif; text-indent: 24px; white-space: normal;\">1、按家具从风格上可以分为： 现代家具、欧式古典家具、美式家具、中式古典家具（也就是红木家具），还有近两年比较流行的新古典系列家具等等。</p><p style=\"box-sizing: border-box; margin-top: 1.6rem; margin-bottom: 1.6rem; color: rgb(51, 51, 51); font-family: &quot;Segoe UI&quot;, &quot;Lucida Grande&quot;, Helvetica, Arial, &quot;Microsoft YaHei&quot;, FreeSans, Arimo, &quot;Droid Sans&quot;, &quot;wenquanyi micro hei&quot;, &quot;Hiragino Sans GB&quot;, &quot;Hiragino Sans GB W3&quot;, FontAwesome, sans-serif; text-indent: 24px; white-space: normal;\">2、按所用材料将家具分为： 实木家具、板式家具、软体家具、藤编家具、竹编家具、钢木家具和其他人造材材料制成的家具（例如玻璃家具、大理石家具等）。</p><p style=\"box-sizing: border-box; margin-top: 1.6rem; margin-bottom: 1.6rem; color: rgb(51, 51, 51); font-family: &quot;Segoe UI&quot;, &quot;Lucida Grande&quot;, Helvetica, Arial, &quot;Microsoft YaHei&quot;, FreeSans, Arimo, &quot;Droid Sans&quot;, &quot;wenquanyi micro hei&quot;, &quot;Hiragino Sans GB&quot;, &quot;Hiragino Sans GB W3&quot;, FontAwesome, sans-serif; text-indent: 24px; white-space: normal;\">3、按功能可按家具分为： 客厅家具、卧室家具、书房家具、厨房家具（设备）和辅助家具等几类。</p><p style=\"box-sizing: border-box; margin-top: 1.6rem; margin-bottom: 1.6rem; color: rgb(51, 51, 51); font-family: &quot;Segoe UI&quot;, &quot;Lucida Grande&quot;, Helvetica, Arial, &quot;Microsoft YaHei&quot;, FreeSans, Arimo, &quot;Droid Sans&quot;, &quot;wenquanyi micro hei&quot;, &quot;Hiragino Sans GB&quot;, &quot;Hiragino Sans GB W3&quot;, FontAwesome, sans-serif; text-indent: 24px; white-space: normal;\">4、按家具产品的档次分类可分为： 高档、中高档、中档、中低档、低档。</p><p style=\"box-sizing: border-box; margin-top: 1.6rem; margin-bottom: 1.6rem; color: rgb(51, 51, 51); font-family: &quot;Segoe UI&quot;, &quot;Lucida Grande&quot;, Helvetica, Arial, &quot;Microsoft YaHei&quot;, FreeSans, Arimo, &quot;Droid Sans&quot;, &quot;wenquanyi micro hei&quot;, &quot;Hiragino Sans GB&quot;, &quot;Hiragino Sans GB W3&quot;, FontAwesome, sans-serif; text-indent: 24px; white-space: normal;\">5、产品的产地划分： 可分为进口家具和国产家具，也就是国际品牌和国内品牌，国际品牌在上海比较多，在北京的集中在中粮广场，向北欧风情、达.芬奇、芙莱莎、富克拉等等。但有些国际品牌也是在国内生产的，向英国品牌芝华仕沙发就是生产于深圳。目前在国内家具最大的生产基地应是广东了，国内较为知名的品牌家具多数产于深圳、东莞、广州、中山、顺德，每年3月和8月国内最大的家具展会就在这里召开，届时，国内许多的家具厂商和经销商都会云集在广东。但近几年浙江的家具也在迅速崛起，象大风范、国森、雄族等品牌也占据了一大部分市场。还有北京也有很多做的不错的品牌，以曲美和标致最有代表性。其他向东北、四川、河北、山东都有些品牌家具，但占的比重比较小了。</p><p style=\"box-sizing: border-box; margin-top: 1.6rem; margin-bottom: 1.6rem; color: rgb(51, 51, 51); font-family: &quot;Segoe UI&quot;, &quot;Lucida Grande&quot;, Helvetica, Arial, &quot;Microsoft YaHei&quot;, FreeSans, Arimo, &quot;Droid Sans&quot;, &quot;wenquanyi micro hei&quot;, &quot;Hiragino Sans GB&quot;, &quot;Hiragino Sans GB W3&quot;, FontAwesome, sans-serif; text-indent: 24px; white-space: normal;\">6、怎样区分产品的档次呢？ 其实主要看价格，卧房、沙发、床都可以从价格上分出中高低档。例如套房（5件）从一两千元到几万元不等，那么我们把价位在4000元以下的定为中低档产品，价位4000元—8000元定位中档产品，价位8000元至20000元定位中高档产品，2万元以上的定位高档产品。但也不是一成不变的，其实并没有一个具体的标准来准确的划分，只是我们对产品熟悉了，自然会给产品进行定位。再例如沙发的档次定位，2000元以下的为中低档，2000—5000属中档，5000—10000属中高档，10000元以上的为高档。床在1000元以下的为中低档，1000—4000元为中档，4000至10000为中高档，1万以上为高档。</p><p><br/></p>','卡号的，沙发上，第三发','2017-08-21 00:00:00','211',2,'1、按家具从风格上可以分为： 现代家具、欧式古典家具、美式家具、中式古典家具（也就是红木家具），还有近两年比较流行的新古典系列家具等等。2、按所用材料将家具分为： 实木家具、板式家具、软体家具、藤编家具...'),(22,'<p style=\"box-sizing: border-box; margin-top: 0px; margin-bottom: 1.6rem; color: rgb(51, 51, 51); font-family: &quot;Segoe UI&quot;, &quot;Lucida Grande&quot;, Helvetica, Arial, &quot;Microsoft YaHei&quot;, FreeSans, Arimo, &quot;Droid Sans&quot;, &quot;wenquanyi micro hei&quot;, &quot;Hiragino Sans GB&quot;, &quot;Hiragino Sans GB W3&quot;, FontAwesome, sans-serif; text-indent: 24px; white-space: normal;\">1、按家具从风格上可以分为： 现代家具、欧式古典家具、美式家具、中式古典家具（也就是红木家具），还有近两年比较流行的新古典系列家具等等。</p><p style=\"box-sizing: border-box; margin-top: 1.6rem; margin-bottom: 1.6rem; color: rgb(51, 51, 51); font-family: &quot;Segoe UI&quot;, &quot;Lucida Grande&quot;, Helvetica, Arial, &quot;Microsoft YaHei&quot;, FreeSans, Arimo, &quot;Droid Sans&quot;, &quot;wenquanyi micro hei&quot;, &quot;Hiragino Sans GB&quot;, &quot;Hiragino Sans GB W3&quot;, FontAwesome, sans-serif; text-indent: 24px; white-space: normal;\">2、按所用材料将家具分为： 实木家具、板式家具、软体家具、藤编家具、竹编家具、钢木家具和其他人造材材料制成的家具（例如玻璃家具、大理石家具等）。</p><p style=\"box-sizing: border-box; margin-top: 1.6rem; margin-bottom: 1.6rem; color: rgb(51, 51, 51); font-family: &quot;Segoe UI&quot;, &quot;Lucida Grande&quot;, Helvetica, Arial, &quot;Microsoft YaHei&quot;, FreeSans, Arimo, &quot;Droid Sans&quot;, &quot;wenquanyi micro hei&quot;, &quot;Hiragino Sans GB&quot;, &quot;Hiragino Sans GB W3&quot;, FontAwesome, sans-serif; text-indent: 24px; white-space: normal;\">3、按功能可按家具分为： 客厅家具、卧室家具、书房家具、厨房家具（设备）和辅助家具等几类。</p><p style=\"box-sizing: border-box; margin-top: 1.6rem; margin-bottom: 1.6rem; color: rgb(51, 51, 51); font-family: &quot;Segoe UI&quot;, &quot;Lucida Grande&quot;, Helvetica, Arial, &quot;Microsoft YaHei&quot;, FreeSans, Arimo, &quot;Droid Sans&quot;, &quot;wenquanyi micro hei&quot;, &quot;Hiragino Sans GB&quot;, &quot;Hiragino Sans GB W3&quot;, FontAwesome, sans-serif; text-indent: 24px; white-space: normal;\">4、按家具产品的档次分类可分为： 高档、中高档、中档、中低档、低档。</p><p style=\"box-sizing: border-box; margin-top: 1.6rem; margin-bottom: 1.6rem; color: rgb(51, 51, 51); font-family: &quot;Segoe UI&quot;, &quot;Lucida Grande&quot;, Helvetica, Arial, &quot;Microsoft YaHei&quot;, FreeSans, Arimo, &quot;Droid Sans&quot;, &quot;wenquanyi micro hei&quot;, &quot;Hiragino Sans GB&quot;, &quot;Hiragino Sans GB W3&quot;, FontAwesome, sans-serif; text-indent: 24px; white-space: normal;\">5、产品的产地划分： 可分为进口家具和国产家具，也就是国际品牌和国内品牌，国际品牌在上海比较多，在北京的集中在中粮广场，向北欧风情、达.芬奇、芙莱莎、富克拉等等。但有些国际品牌也是在国内生产的，向英国品牌芝华仕沙发就是生产于深圳。目前在国内家具最大的生产基地应是广东了，国内较为知名的品牌家具多数产于深圳、东莞、广州、中山、顺德，每年3月和8月国内最大的家具展会就在这里召开，届时，国内许多的家具厂商和经销商都会云集在广东。但近几年浙江的家具也在迅速崛起，象大风范、国森、雄族等品牌也占据了一大部分市场。还有北京也有很多做的不错的品牌，以曲美和标致最有代表性。其他向东北、四川、河北、山东都有些品牌家具，但占的比重比较小了。</p><p style=\"box-sizing: border-box; margin-top: 1.6rem; margin-bottom: 1.6rem; color: rgb(51, 51, 51); font-family: &quot;Segoe UI&quot;, &quot;Lucida Grande&quot;, Helvetica, Arial, &quot;Microsoft YaHei&quot;, FreeSans, Arimo, &quot;Droid Sans&quot;, &quot;wenquanyi micro hei&quot;, &quot;Hiragino Sans GB&quot;, &quot;Hiragino Sans GB W3&quot;, FontAwesome, sans-serif; text-indent: 24px; white-space: normal;\">6、怎样区分产品的档次呢？ 其实主要看价格，卧房、沙发、床都可以从价格上分出中高低档。例如套房（5件）从一两千元到几万元不等，那么我们把价位在4000元以下的定为中低档产品，价位4000元—8000元定位中档产品，价位8000元至20000元定位中高档产品，2万元以上的定位高档产品。但也不是一成不变的，其实并没有一个具体的标准来准确的划分，只是我们对产品熟悉了，自然会给产品进行定位。再例如沙发的档次定位，2000元以下的为中低档，2000—5000属中档，5000—10000属中高档，10000元以上的为高档。床在1000元以下的为中低档，1000—4000元为中档，4000至10000为中高档，1万以上为高档。</p><p><br/></p>','卡号的，沙发上，第三发','2017-08-22 00:00:00','221',2,'1、按家具从风格上可以分为： 现代家具、欧式古典家具、美式家具、中式古典家具（也就是红木家具），还有近两年比较流行的新古典系列家具等等。2、按所用材料将家具分为： 实木家具、板式家具、软体家具、藤编家具...'),(23,'<p style=\"box-sizing: border-box; margin-top: 0px; margin-bottom: 1.6rem; color: rgb(51, 51, 51); font-family: &quot;Segoe UI&quot;, &quot;Lucida Grande&quot;, Helvetica, Arial, &quot;Microsoft YaHei&quot;, FreeSans, Arimo, &quot;Droid Sans&quot;, &quot;wenquanyi micro hei&quot;, &quot;Hiragino Sans GB&quot;, &quot;Hiragino Sans GB W3&quot;, FontAwesome, sans-serif; text-indent: 24px; white-space: normal;\">1、按家具从风格上可以分为： 现代家具、欧式古典家具、美式家具、中式古典家具（也就是红木家具），还有近两年比较流行的新古典系列家具等等。</p><p style=\"box-sizing: border-box; margin-top: 1.6rem; margin-bottom: 1.6rem; color: rgb(51, 51, 51); font-family: &quot;Segoe UI&quot;, &quot;Lucida Grande&quot;, Helvetica, Arial, &quot;Microsoft YaHei&quot;, FreeSans, Arimo, &quot;Droid Sans&quot;, &quot;wenquanyi micro hei&quot;, &quot;Hiragino Sans GB&quot;, &quot;Hiragino Sans GB W3&quot;, FontAwesome, sans-serif; text-indent: 24px; white-space: normal;\">2、按所用材料将家具分为： 实木家具、板式家具、软体家具、藤编家具、竹编家具、钢木家具和其他人造材材料制成的家具（例如玻璃家具、大理石家具等）。</p><p style=\"box-sizing: border-box; margin-top: 1.6rem; margin-bottom: 1.6rem; color: rgb(51, 51, 51); font-family: &quot;Segoe UI&quot;, &quot;Lucida Grande&quot;, Helvetica, Arial, &quot;Microsoft YaHei&quot;, FreeSans, Arimo, &quot;Droid Sans&quot;, &quot;wenquanyi micro hei&quot;, &quot;Hiragino Sans GB&quot;, &quot;Hiragino Sans GB W3&quot;, FontAwesome, sans-serif; text-indent: 24px; white-space: normal;\">3、按功能可按家具分为： 客厅家具、卧室家具、书房家具、厨房家具（设备）和辅助家具等几类。</p><p style=\"box-sizing: border-box; margin-top: 1.6rem; margin-bottom: 1.6rem; color: rgb(51, 51, 51); font-family: &quot;Segoe UI&quot;, &quot;Lucida Grande&quot;, Helvetica, Arial, &quot;Microsoft YaHei&quot;, FreeSans, Arimo, &quot;Droid Sans&quot;, &quot;wenquanyi micro hei&quot;, &quot;Hiragino Sans GB&quot;, &quot;Hiragino Sans GB W3&quot;, FontAwesome, sans-serif; text-indent: 24px; white-space: normal;\">4、按家具产品的档次分类可分为： 高档、中高档、中档、中低档、低档。</p><p style=\"box-sizing: border-box; margin-top: 1.6rem; margin-bottom: 1.6rem; color: rgb(51, 51, 51); font-family: &quot;Segoe UI&quot;, &quot;Lucida Grande&quot;, Helvetica, Arial, &quot;Microsoft YaHei&quot;, FreeSans, Arimo, &quot;Droid Sans&quot;, &quot;wenquanyi micro hei&quot;, &quot;Hiragino Sans GB&quot;, &quot;Hiragino Sans GB W3&quot;, FontAwesome, sans-serif; text-indent: 24px; white-space: normal;\">5、产品的产地划分： 可分为进口家具和国产家具，也就是国际品牌和国内品牌，国际品牌在上海比较多，在北京的集中在中粮广场，向北欧风情、达.芬奇、芙莱莎、富克拉等等。但有些国际品牌也是在国内生产的，向英国品牌芝华仕沙发就是生产于深圳。目前在国内家具最大的生产基地应是广东了，国内较为知名的品牌家具多数产于深圳、东莞、广州、中山、顺德，每年3月和8月国内最大的家具展会就在这里召开，届时，国内许多的家具厂商和经销商都会云集在广东。但近几年浙江的家具也在迅速崛起，象大风范、国森、雄族等品牌也占据了一大部分市场。还有北京也有很多做的不错的品牌，以曲美和标致最有代表性。其他向东北、四川、河北、山东都有些品牌家具，但占的比重比较小了。</p><p style=\"box-sizing: border-box; margin-top: 1.6rem; margin-bottom: 1.6rem; color: rgb(51, 51, 51); font-family: &quot;Segoe UI&quot;, &quot;Lucida Grande&quot;, Helvetica, Arial, &quot;Microsoft YaHei&quot;, FreeSans, Arimo, &quot;Droid Sans&quot;, &quot;wenquanyi micro hei&quot;, &quot;Hiragino Sans GB&quot;, &quot;Hiragino Sans GB W3&quot;, FontAwesome, sans-serif; text-indent: 24px; white-space: normal;\">6、怎样区分产品的档次呢？ 其实主要看价格，卧房、沙发、床都可以从价格上分出中高低档。例如套房（5件）从一两千元到几万元不等，那么我们把价位在4000元以下的定为中低档产品，价位4000元—8000元定位中档产品，价位8000元至20000元定位中高档产品，2万元以上的定位高档产品。但也不是一成不变的，其实并没有一个具体的标准来准确的划分，只是我们对产品熟悉了，自然会给产品进行定位。再例如沙发的档次定位，2000元以下的为中低档，2000—5000属中档，5000—10000属中高档，10000元以上的为高档。床在1000元以下的为中低档，1000—4000元为中档，4000至10000为中高档，1万以上为高档。</p><p><br/></p>','卡号的，沙发上，第三发','2017-08-23 00:00:00','232',3,'1、按家具从风格上可以分为： 现代家具、欧式古典家具、美式家具、中式古典家具（也就是红木家具），还有近两年比较流行的新古典系列家具等等。2、按所用材料将家具分为： 实木家具、板式家具、软体家具、藤编家具...'),(24,'<p style=\"box-sizing: border-box; margin-top: 0px; margin-bottom: 1.6rem; color: rgb(51, 51, 51); font-family: &quot;Segoe UI&quot;, &quot;Lucida Grande&quot;, Helvetica, Arial, &quot;Microsoft YaHei&quot;, FreeSans, Arimo, &quot;Droid Sans&quot;, &quot;wenquanyi micro hei&quot;, &quot;Hiragino Sans GB&quot;, &quot;Hiragino Sans GB W3&quot;, FontAwesome, sans-serif; text-indent: 24px; white-space: normal;\">1、按家具从风格上可以分为： 现代家具、欧式古典家具、美式家具、中式古典家具（也就是红木家具），还有近两年比较流行的新古典系列家具等等。</p><p style=\"box-sizing: border-box; margin-top: 1.6rem; margin-bottom: 1.6rem; color: rgb(51, 51, 51); font-family: &quot;Segoe UI&quot;, &quot;Lucida Grande&quot;, Helvetica, Arial, &quot;Microsoft YaHei&quot;, FreeSans, Arimo, &quot;Droid Sans&quot;, &quot;wenquanyi micro hei&quot;, &quot;Hiragino Sans GB&quot;, &quot;Hiragino Sans GB W3&quot;, FontAwesome, sans-serif; text-indent: 24px; white-space: normal;\">2、按所用材料将家具分为： 实木家具、板式家具、软体家具、藤编家具、竹编家具、钢木家具和其他人造材材料制成的家具（例如玻璃家具、大理石家具等）。</p><p style=\"box-sizing: border-box; margin-top: 1.6rem; margin-bottom: 1.6rem; color: rgb(51, 51, 51); font-family: &quot;Segoe UI&quot;, &quot;Lucida Grande&quot;, Helvetica, Arial, &quot;Microsoft YaHei&quot;, FreeSans, Arimo, &quot;Droid Sans&quot;, &quot;wenquanyi micro hei&quot;, &quot;Hiragino Sans GB&quot;, &quot;Hiragino Sans GB W3&quot;, FontAwesome, sans-serif; text-indent: 24px; white-space: normal;\">3、按功能可按家具分为： 客厅家具、卧室家具、书房家具、厨房家具（设备）和辅助家具等几类。</p><p style=\"box-sizing: border-box; margin-top: 1.6rem; margin-bottom: 1.6rem; color: rgb(51, 51, 51); font-family: &quot;Segoe UI&quot;, &quot;Lucida Grande&quot;, Helvetica, Arial, &quot;Microsoft YaHei&quot;, FreeSans, Arimo, &quot;Droid Sans&quot;, &quot;wenquanyi micro hei&quot;, &quot;Hiragino Sans GB&quot;, &quot;Hiragino Sans GB W3&quot;, FontAwesome, sans-serif; text-indent: 24px; white-space: normal;\">4、按家具产品的档次分类可分为： 高档、中高档、中档、中低档、低档。</p><p style=\"box-sizing: border-box; margin-top: 1.6rem; margin-bottom: 1.6rem; color: rgb(51, 51, 51); font-family: &quot;Segoe UI&quot;, &quot;Lucida Grande&quot;, Helvetica, Arial, &quot;Microsoft YaHei&quot;, FreeSans, Arimo, &quot;Droid Sans&quot;, &quot;wenquanyi micro hei&quot;, &quot;Hiragino Sans GB&quot;, &quot;Hiragino Sans GB W3&quot;, FontAwesome, sans-serif; text-indent: 24px; white-space: normal;\">5、产品的产地划分： 可分为进口家具和国产家具，也就是国际品牌和国内品牌，国际品牌在上海比较多，在北京的集中在中粮广场，向北欧风情、达.芬奇、芙莱莎、富克拉等等。但有些国际品牌也是在国内生产的，向英国品牌芝华仕沙发就是生产于深圳。目前在国内家具最大的生产基地应是广东了，国内较为知名的品牌家具多数产于深圳、东莞、广州、中山、顺德，每年3月和8月国内最大的家具展会就在这里召开，届时，国内许多的家具厂商和经销商都会云集在广东。但近几年浙江的家具也在迅速崛起，象大风范、国森、雄族等品牌也占据了一大部分市场。还有北京也有很多做的不错的品牌，以曲美和标致最有代表性。其他向东北、四川、河北、山东都有些品牌家具，但占的比重比较小了。</p><p style=\"box-sizing: border-box; margin-top: 1.6rem; margin-bottom: 1.6rem; color: rgb(51, 51, 51); font-family: &quot;Segoe UI&quot;, &quot;Lucida Grande&quot;, Helvetica, Arial, &quot;Microsoft YaHei&quot;, FreeSans, Arimo, &quot;Droid Sans&quot;, &quot;wenquanyi micro hei&quot;, &quot;Hiragino Sans GB&quot;, &quot;Hiragino Sans GB W3&quot;, FontAwesome, sans-serif; text-indent: 24px; white-space: normal;\">6、怎样区分产品的档次呢？ 其实主要看价格，卧房、沙发、床都可以从价格上分出中高低档。例如套房（5件）从一两千元到几万元不等，那么我们把价位在4000元以下的定为中低档产品，价位4000元—8000元定位中档产品，价位8000元至20000元定位中高档产品，2万元以上的定位高档产品。但也不是一成不变的，其实并没有一个具体的标准来准确的划分，只是我们对产品熟悉了，自然会给产品进行定位。再例如沙发的档次定位，2000元以下的为中低档，2000—5000属中档，5000—10000属中高档，10000元以上的为高档。床在1000元以下的为中低档，1000—4000元为中档，4000至10000为中高档，1万以上为高档。</p><p><br/></p>','卡号的，沙发上，第三发','2017-08-24 00:00:00','241',2,'1、按家具从风格上可以分为： 现代家具、欧式古典家具、美式家具、中式古典家具（也就是红木家具），还有近两年比较流行的新古典系列家具等等。2、按所用材料将家具分为： 实木家具、板式家具、软体家具、藤编家具...'),(25,'<p style=\"box-sizing: border-box; margin-top: 0px; margin-bottom: 1.6rem; color: rgb(51, 51, 51); font-family: &quot;Segoe UI&quot;, &quot;Lucida Grande&quot;, Helvetica, Arial, &quot;Microsoft YaHei&quot;, FreeSans, Arimo, &quot;Droid Sans&quot;, &quot;wenquanyi micro hei&quot;, &quot;Hiragino Sans GB&quot;, &quot;Hiragino Sans GB W3&quot;, FontAwesome, sans-serif; text-indent: 24px; white-space: normal;\">1、按家具从风格上可以分为： 现代家具、欧式古典家具、美式家具、中式古典家具（也就是红木家具），还有近两年比较流行的新古典系列家具等等。</p><p style=\"box-sizing: border-box; margin-top: 1.6rem; margin-bottom: 1.6rem; color: rgb(51, 51, 51); font-family: &quot;Segoe UI&quot;, &quot;Lucida Grande&quot;, Helvetica, Arial, &quot;Microsoft YaHei&quot;, FreeSans, Arimo, &quot;Droid Sans&quot;, &quot;wenquanyi micro hei&quot;, &quot;Hiragino Sans GB&quot;, &quot;Hiragino Sans GB W3&quot;, FontAwesome, sans-serif; text-indent: 24px; white-space: normal;\">2、按所用材料将家具分为： 实木家具、板式家具、软体家具、藤编家具、竹编家具、钢木家具和其他人造材材料制成的家具（例如玻璃家具、大理石家具等）。</p><p style=\"box-sizing: border-box; margin-top: 1.6rem; margin-bottom: 1.6rem; color: rgb(51, 51, 51); font-family: &quot;Segoe UI&quot;, &quot;Lucida Grande&quot;, Helvetica, Arial, &quot;Microsoft YaHei&quot;, FreeSans, Arimo, &quot;Droid Sans&quot;, &quot;wenquanyi micro hei&quot;, &quot;Hiragino Sans GB&quot;, &quot;Hiragino Sans GB W3&quot;, FontAwesome, sans-serif; text-indent: 24px; white-space: normal;\">3、按功能可按家具分为： 客厅家具、卧室家具、书房家具、厨房家具（设备）和辅助家具等几类。</p><p style=\"box-sizing: border-box; margin-top: 1.6rem; margin-bottom: 1.6rem; color: rgb(51, 51, 51); font-family: &quot;Segoe UI&quot;, &quot;Lucida Grande&quot;, Helvetica, Arial, &quot;Microsoft YaHei&quot;, FreeSans, Arimo, &quot;Droid Sans&quot;, &quot;wenquanyi micro hei&quot;, &quot;Hiragino Sans GB&quot;, &quot;Hiragino Sans GB W3&quot;, FontAwesome, sans-serif; text-indent: 24px; white-space: normal;\">4、按家具产品的档次分类可分为： 高档、中高档、中档、中低档、低档。</p><p style=\"box-sizing: border-box; margin-top: 1.6rem; margin-bottom: 1.6rem; color: rgb(51, 51, 51); font-family: &quot;Segoe UI&quot;, &quot;Lucida Grande&quot;, Helvetica, Arial, &quot;Microsoft YaHei&quot;, FreeSans, Arimo, &quot;Droid Sans&quot;, &quot;wenquanyi micro hei&quot;, &quot;Hiragino Sans GB&quot;, &quot;Hiragino Sans GB W3&quot;, FontAwesome, sans-serif; text-indent: 24px; white-space: normal;\">5、产品的产地划分： 可分为进口家具和国产家具，也就是国际品牌和国内品牌，国际品牌在上海比较多，在北京的集中在中粮广场，向北欧风情、达.芬奇、芙莱莎、富克拉等等。但有些国际品牌也是在国内生产的，向英国品牌芝华仕沙发就是生产于深圳。目前在国内家具最大的生产基地应是广东了，国内较为知名的品牌家具多数产于深圳、东莞、广州、中山、顺德，每年3月和8月国内最大的家具展会就在这里召开，届时，国内许多的家具厂商和经销商都会云集在广东。但近几年浙江的家具也在迅速崛起，象大风范、国森、雄族等品牌也占据了一大部分市场。还有北京也有很多做的不错的品牌，以曲美和标致最有代表性。其他向东北、四川、河北、山东都有些品牌家具，但占的比重比较小了。</p><p style=\"box-sizing: border-box; margin-top: 1.6rem; margin-bottom: 1.6rem; color: rgb(51, 51, 51); font-family: &quot;Segoe UI&quot;, &quot;Lucida Grande&quot;, Helvetica, Arial, &quot;Microsoft YaHei&quot;, FreeSans, Arimo, &quot;Droid Sans&quot;, &quot;wenquanyi micro hei&quot;, &quot;Hiragino Sans GB&quot;, &quot;Hiragino Sans GB W3&quot;, FontAwesome, sans-serif; text-indent: 24px; white-space: normal;\">6、怎样区分产品的档次呢？ 其实主要看价格，卧房、沙发、床都可以从价格上分出中高低档。例如套房（5件）从一两千元到几万元不等，那么我们把价位在4000元以下的定为中低档产品，价位4000元—8000元定位中档产品，价位8000元至20000元定位中高档产品，2万元以上的定位高档产品。但也不是一成不变的，其实并没有一个具体的标准来准确的划分，只是我们对产品熟悉了，自然会给产品进行定位。再例如沙发的档次定位，2000元以下的为中低档，2000—5000属中档，5000—10000属中高档，10000元以上的为高档。床在1000元以下的为中低档，1000—4000元为中档，4000至10000为中高档，1万以上为高档。</p><p><br/></p>','卡号的，沙发上，第三发','2017-08-25 00:00:00','250',1,'1、按家具从风格上可以分为： 现代家具、欧式古典家具、美式家具、中式古典家具（也就是红木家具），还有近两年比较流行的新古典系列家具等等。2、按所用材料将家具分为： 实木家具、板式家具、软体家具、藤编家具...'),(26,'<p style=\"box-sizing: border-box; margin-top: 0px; margin-bottom: 1.6rem; color: rgb(51, 51, 51); font-family: &quot;Segoe UI&quot;, &quot;Lucida Grande&quot;, Helvetica, Arial, &quot;Microsoft YaHei&quot;, FreeSans, Arimo, &quot;Droid Sans&quot;, &quot;wenquanyi micro hei&quot;, &quot;Hiragino Sans GB&quot;, &quot;Hiragino Sans GB W3&quot;, FontAwesome, sans-serif; text-indent: 24px; white-space: normal;\">1、按家具从风格上可以分为： 现代家具、欧式古典家具、美式家具、中式古典家具（也就是红木家具），还有近两年比较流行的新古典系列家具等等。</p><p style=\"box-sizing: border-box; margin-top: 1.6rem; margin-bottom: 1.6rem; color: rgb(51, 51, 51); font-family: &quot;Segoe UI&quot;, &quot;Lucida Grande&quot;, Helvetica, Arial, &quot;Microsoft YaHei&quot;, FreeSans, Arimo, &quot;Droid Sans&quot;, &quot;wenquanyi micro hei&quot;, &quot;Hiragino Sans GB&quot;, &quot;Hiragino Sans GB W3&quot;, FontAwesome, sans-serif; text-indent: 24px; white-space: normal;\">2、按所用材料将家具分为： 实木家具、板式家具、软体家具、藤编家具、竹编家具、钢木家具和其他人造材材料制成的家具（例如玻璃家具、大理石家具等）。</p><p style=\"box-sizing: border-box; margin-top: 1.6rem; margin-bottom: 1.6rem; color: rgb(51, 51, 51); font-family: &quot;Segoe UI&quot;, &quot;Lucida Grande&quot;, Helvetica, Arial, &quot;Microsoft YaHei&quot;, FreeSans, Arimo, &quot;Droid Sans&quot;, &quot;wenquanyi micro hei&quot;, &quot;Hiragino Sans GB&quot;, &quot;Hiragino Sans GB W3&quot;, FontAwesome, sans-serif; text-indent: 24px; white-space: normal;\">3、按功能可按家具分为： 客厅家具、卧室家具、书房家具、厨房家具（设备）和辅助家具等几类。</p><p style=\"box-sizing: border-box; margin-top: 1.6rem; margin-bottom: 1.6rem; color: rgb(51, 51, 51); font-family: &quot;Segoe UI&quot;, &quot;Lucida Grande&quot;, Helvetica, Arial, &quot;Microsoft YaHei&quot;, FreeSans, Arimo, &quot;Droid Sans&quot;, &quot;wenquanyi micro hei&quot;, &quot;Hiragino Sans GB&quot;, &quot;Hiragino Sans GB W3&quot;, FontAwesome, sans-serif; text-indent: 24px; white-space: normal;\">4、按家具产品的档次分类可分为： 高档、中高档、中档、中低档、低档。</p><p style=\"box-sizing: border-box; margin-top: 1.6rem; margin-bottom: 1.6rem; color: rgb(51, 51, 51); font-family: &quot;Segoe UI&quot;, &quot;Lucida Grande&quot;, Helvetica, Arial, &quot;Microsoft YaHei&quot;, FreeSans, Arimo, &quot;Droid Sans&quot;, &quot;wenquanyi micro hei&quot;, &quot;Hiragino Sans GB&quot;, &quot;Hiragino Sans GB W3&quot;, FontAwesome, sans-serif; text-indent: 24px; white-space: normal;\">5、产品的产地划分： 可分为进口家具和国产家具，也就是国际品牌和国内品牌，国际品牌在上海比较多，在北京的集中在中粮广场，向北欧风情、达.芬奇、芙莱莎、富克拉等等。但有些国际品牌也是在国内生产的，向英国品牌芝华仕沙发就是生产于深圳。目前在国内家具最大的生产基地应是广东了，国内较为知名的品牌家具多数产于深圳、东莞、广州、中山、顺德，每年3月和8月国内最大的家具展会就在这里召开，届时，国内许多的家具厂商和经销商都会云集在广东。但近几年浙江的家具也在迅速崛起，象大风范、国森、雄族等品牌也占据了一大部分市场。还有北京也有很多做的不错的品牌，以曲美和标致最有代表性。其他向东北、四川、河北、山东都有些品牌家具，但占的比重比较小了。</p><p style=\"box-sizing: border-box; margin-top: 1.6rem; margin-bottom: 1.6rem; color: rgb(51, 51, 51); font-family: &quot;Segoe UI&quot;, &quot;Lucida Grande&quot;, Helvetica, Arial, &quot;Microsoft YaHei&quot;, FreeSans, Arimo, &quot;Droid Sans&quot;, &quot;wenquanyi micro hei&quot;, &quot;Hiragino Sans GB&quot;, &quot;Hiragino Sans GB W3&quot;, FontAwesome, sans-serif; text-indent: 24px; white-space: normal;\">6、怎样区分产品的档次呢？ 其实主要看价格，卧房、沙发、床都可以从价格上分出中高低档。例如套房（5件）从一两千元到几万元不等，那么我们把价位在4000元以下的定为中低档产品，价位4000元—8000元定位中档产品，价位8000元至20000元定位中高档产品，2万元以上的定位高档产品。但也不是一成不变的，其实并没有一个具体的标准来准确的划分，只是我们对产品熟悉了，自然会给产品进行定位。再例如沙发的档次定位，2000元以下的为中低档，2000—5000属中档，5000—10000属中高档，10000元以上的为高档。床在1000元以下的为中低档，1000—4000元为中档，4000至10000为中高档，1万以上为高档。</p><p><br/></p>','卡号的，沙发上，第三发','2017-08-26 00:00:00','261',2,'1、按家具从风格上可以分为： 现代家具、欧式古典家具、美式家具、中式古典家具（也就是红木家具），还有近两年比较流行的新古典系列家具等等。2、按所用材料将家具分为： 实木家具、板式家具、软体家具、藤编家具...'),(27,'<p style=\"box-sizing: border-box; margin-top: 0px; margin-bottom: 1.6rem; color: rgb(51, 51, 51); font-family: &quot;Segoe UI&quot;, &quot;Lucida Grande&quot;, Helvetica, Arial, &quot;Microsoft YaHei&quot;, FreeSans, Arimo, &quot;Droid Sans&quot;, &quot;wenquanyi micro hei&quot;, &quot;Hiragino Sans GB&quot;, &quot;Hiragino Sans GB W3&quot;, FontAwesome, sans-serif; text-indent: 24px; white-space: normal;\">1、按家具从风格上可以分为： 现代家具、欧式古典家具、美式家具、中式古典家具（也就是红木家具），还有近两年比较流行的新古典系列家具等等。</p><p style=\"box-sizing: border-box; margin-top: 1.6rem; margin-bottom: 1.6rem; color: rgb(51, 51, 51); font-family: &quot;Segoe UI&quot;, &quot;Lucida Grande&quot;, Helvetica, Arial, &quot;Microsoft YaHei&quot;, FreeSans, Arimo, &quot;Droid Sans&quot;, &quot;wenquanyi micro hei&quot;, &quot;Hiragino Sans GB&quot;, &quot;Hiragino Sans GB W3&quot;, FontAwesome, sans-serif; text-indent: 24px; white-space: normal;\">2、按所用材料将家具分为： 实木家具、板式家具、软体家具、藤编家具、竹编家具、钢木家具和其他人造材材料制成的家具（例如玻璃家具、大理石家具等）。</p><p style=\"box-sizing: border-box; margin-top: 1.6rem; margin-bottom: 1.6rem; color: rgb(51, 51, 51); font-family: &quot;Segoe UI&quot;, &quot;Lucida Grande&quot;, Helvetica, Arial, &quot;Microsoft YaHei&quot;, FreeSans, Arimo, &quot;Droid Sans&quot;, &quot;wenquanyi micro hei&quot;, &quot;Hiragino Sans GB&quot;, &quot;Hiragino Sans GB W3&quot;, FontAwesome, sans-serif; text-indent: 24px; white-space: normal;\">3、按功能可按家具分为： 客厅家具、卧室家具、书房家具、厨房家具（设备）和辅助家具等几类。</p><p style=\"box-sizing: border-box; margin-top: 1.6rem; margin-bottom: 1.6rem; color: rgb(51, 51, 51); font-family: &quot;Segoe UI&quot;, &quot;Lucida Grande&quot;, Helvetica, Arial, &quot;Microsoft YaHei&quot;, FreeSans, Arimo, &quot;Droid Sans&quot;, &quot;wenquanyi micro hei&quot;, &quot;Hiragino Sans GB&quot;, &quot;Hiragino Sans GB W3&quot;, FontAwesome, sans-serif; text-indent: 24px; white-space: normal;\">4、按家具产品的档次分类可分为： 高档、中高档、中档、中低档、低档。</p><p style=\"box-sizing: border-box; margin-top: 1.6rem; margin-bottom: 1.6rem; color: rgb(51, 51, 51); font-family: &quot;Segoe UI&quot;, &quot;Lucida Grande&quot;, Helvetica, Arial, &quot;Microsoft YaHei&quot;, FreeSans, Arimo, &quot;Droid Sans&quot;, &quot;wenquanyi micro hei&quot;, &quot;Hiragino Sans GB&quot;, &quot;Hiragino Sans GB W3&quot;, FontAwesome, sans-serif; text-indent: 24px; white-space: normal;\">5、产品的产地划分： 可分为进口家具和国产家具，也就是国际品牌和国内品牌，国际品牌在上海比较多，在北京的集中在中粮广场，向北欧风情、达.芬奇、芙莱莎、富克拉等等。但有些国际品牌也是在国内生产的，向英国品牌芝华仕沙发就是生产于深圳。目前在国内家具最大的生产基地应是广东了，国内较为知名的品牌家具多数产于深圳、东莞、广州、中山、顺德，每年3月和8月国内最大的家具展会就在这里召开，届时，国内许多的家具厂商和经销商都会云集在广东。但近几年浙江的家具也在迅速崛起，象大风范、国森、雄族等品牌也占据了一大部分市场。还有北京也有很多做的不错的品牌，以曲美和标致最有代表性。其他向东北、四川、河北、山东都有些品牌家具，但占的比重比较小了。</p><p style=\"box-sizing: border-box; margin-top: 1.6rem; margin-bottom: 1.6rem; color: rgb(51, 51, 51); font-family: &quot;Segoe UI&quot;, &quot;Lucida Grande&quot;, Helvetica, Arial, &quot;Microsoft YaHei&quot;, FreeSans, Arimo, &quot;Droid Sans&quot;, &quot;wenquanyi micro hei&quot;, &quot;Hiragino Sans GB&quot;, &quot;Hiragino Sans GB W3&quot;, FontAwesome, sans-serif; text-indent: 24px; white-space: normal;\">6、怎样区分产品的档次呢？ 其实主要看价格，卧房、沙发、床都可以从价格上分出中高低档。例如套房（5件）从一两千元到几万元不等，那么我们把价位在4000元以下的定为中低档产品，价位4000元—8000元定位中档产品，价位8000元至20000元定位中高档产品，2万元以上的定位高档产品。但也不是一成不变的，其实并没有一个具体的标准来准确的划分，只是我们对产品熟悉了，自然会给产品进行定位。再例如沙发的档次定位，2000元以下的为中低档，2000—5000属中档，5000—10000属中高档，10000元以上的为高档。床在1000元以下的为中低档，1000—4000元为中档，4000至10000为中高档，1万以上为高档。</p><p><br/></p>','卡号的，沙发上，第三发','2017-08-27 00:00:00','271',2,'1、按家具从风格上可以分为： 现代家具、欧式古典家具、美式家具、中式古典家具（也就是红木家具），还有近两年比较流行的新古典系列家具等等。2、按所用材料将家具分为： 实木家具、板式家具、软体家具、藤编家具...'),(28,'<p style=\"box-sizing: border-box; margin-top: 0px; margin-bottom: 1.6rem; color: rgb(51, 51, 51); font-family: &quot;Segoe UI&quot;, &quot;Lucida Grande&quot;, Helvetica, Arial, &quot;Microsoft YaHei&quot;, FreeSans, Arimo, &quot;Droid Sans&quot;, &quot;wenquanyi micro hei&quot;, &quot;Hiragino Sans GB&quot;, &quot;Hiragino Sans GB W3&quot;, FontAwesome, sans-serif; text-indent: 24px; white-space: normal;\">1、按家具从风格上可以分为： 现代家具、欧式古典家具、美式家具、中式古典家具（也就是红木家具），还有近两年比较流行的新古典系列家具等等。</p><p style=\"box-sizing: border-box; margin-top: 1.6rem; margin-bottom: 1.6rem; color: rgb(51, 51, 51); font-family: &quot;Segoe UI&quot;, &quot;Lucida Grande&quot;, Helvetica, Arial, &quot;Microsoft YaHei&quot;, FreeSans, Arimo, &quot;Droid Sans&quot;, &quot;wenquanyi micro hei&quot;, &quot;Hiragino Sans GB&quot;, &quot;Hiragino Sans GB W3&quot;, FontAwesome, sans-serif; text-indent: 24px; white-space: normal;\">2、按所用材料将家具分为： 实木家具、板式家具、软体家具、藤编家具、竹编家具、钢木家具和其他人造材材料制成的家具（例如玻璃家具、大理石家具等）。</p><p style=\"box-sizing: border-box; margin-top: 1.6rem; margin-bottom: 1.6rem; color: rgb(51, 51, 51); font-family: &quot;Segoe UI&quot;, &quot;Lucida Grande&quot;, Helvetica, Arial, &quot;Microsoft YaHei&quot;, FreeSans, Arimo, &quot;Droid Sans&quot;, &quot;wenquanyi micro hei&quot;, &quot;Hiragino Sans GB&quot;, &quot;Hiragino Sans GB W3&quot;, FontAwesome, sans-serif; text-indent: 24px; white-space: normal;\">3、按功能可按家具分为： 客厅家具、卧室家具、书房家具、厨房家具（设备）和辅助家具等几类。</p><p style=\"box-sizing: border-box; margin-top: 1.6rem; margin-bottom: 1.6rem; color: rgb(51, 51, 51); font-family: &quot;Segoe UI&quot;, &quot;Lucida Grande&quot;, Helvetica, Arial, &quot;Microsoft YaHei&quot;, FreeSans, Arimo, &quot;Droid Sans&quot;, &quot;wenquanyi micro hei&quot;, &quot;Hiragino Sans GB&quot;, &quot;Hiragino Sans GB W3&quot;, FontAwesome, sans-serif; text-indent: 24px; white-space: normal;\">4、按家具产品的档次分类可分为： 高档、中高档、中档、中低档、低档。</p><p style=\"box-sizing: border-box; margin-top: 1.6rem; margin-bottom: 1.6rem; color: rgb(51, 51, 51); font-family: &quot;Segoe UI&quot;, &quot;Lucida Grande&quot;, Helvetica, Arial, &quot;Microsoft YaHei&quot;, FreeSans, Arimo, &quot;Droid Sans&quot;, &quot;wenquanyi micro hei&quot;, &quot;Hiragino Sans GB&quot;, &quot;Hiragino Sans GB W3&quot;, FontAwesome, sans-serif; text-indent: 24px; white-space: normal;\">5、产品的产地划分： 可分为进口家具和国产家具，也就是国际品牌和国内品牌，国际品牌在上海比较多，在北京的集中在中粮广场，向北欧风情、达.芬奇、芙莱莎、富克拉等等。但有些国际品牌也是在国内生产的，向英国品牌芝华仕沙发就是生产于深圳。目前在国内家具最大的生产基地应是广东了，国内较为知名的品牌家具多数产于深圳、东莞、广州、中山、顺德，每年3月和8月国内最大的家具展会就在这里召开，届时，国内许多的家具厂商和经销商都会云集在广东。但近几年浙江的家具也在迅速崛起，象大风范、国森、雄族等品牌也占据了一大部分市场。还有北京也有很多做的不错的品牌，以曲美和标致最有代表性。其他向东北、四川、河北、山东都有些品牌家具，但占的比重比较小了。</p><p style=\"box-sizing: border-box; margin-top: 1.6rem; margin-bottom: 1.6rem; color: rgb(51, 51, 51); font-family: &quot;Segoe UI&quot;, &quot;Lucida Grande&quot;, Helvetica, Arial, &quot;Microsoft YaHei&quot;, FreeSans, Arimo, &quot;Droid Sans&quot;, &quot;wenquanyi micro hei&quot;, &quot;Hiragino Sans GB&quot;, &quot;Hiragino Sans GB W3&quot;, FontAwesome, sans-serif; text-indent: 24px; white-space: normal;\">6、怎样区分产品的档次呢？ 其实主要看价格，卧房、沙发、床都可以从价格上分出中高低档。例如套房（5件）从一两千元到几万元不等，那么我们把价位在4000元以下的定为中低档产品，价位4000元—8000元定位中档产品，价位8000元至20000元定位中高档产品，2万元以上的定位高档产品。但也不是一成不变的，其实并没有一个具体的标准来准确的划分，只是我们对产品熟悉了，自然会给产品进行定位。再例如沙发的档次定位，2000元以下的为中低档，2000—5000属中档，5000—10000属中高档，10000元以上的为高档。床在1000元以下的为中低档，1000—4000元为中档，4000至10000为中高档，1万以上为高档。</p><p><br/></p>','卡号的，沙发上，第三发','2017-08-28 00:00:00','284',5,'1、按家具从风格上可以分为： 现代家具、欧式古典家具、美式家具、中式古典家具（也就是红木家具），还有近两年比较流行的新古典系列家具等等。2、按所用材料将家具分为： 实木家具、板式家具、软体家具、藤编家具...'),(29,'<p style=\"box-sizing: border-box; margin-top: 0px; margin-bottom: 1.6rem; color: rgb(51, 51, 51); font-family: &quot;Segoe UI&quot;, &quot;Lucida Grande&quot;, Helvetica, Arial, &quot;Microsoft YaHei&quot;, FreeSans, Arimo, &quot;Droid Sans&quot;, &quot;wenquanyi micro hei&quot;, &quot;Hiragino Sans GB&quot;, &quot;Hiragino Sans GB W3&quot;, FontAwesome, sans-serif; text-indent: 24px; white-space: normal;\">1、按家具从风格上可以分为： 现代家具、欧式古典家具、美式家具、中式古典家具（也就是红木家具），还有近两年比较流行的新古典系列家具等等。</p><p style=\"box-sizing: border-box; margin-top: 1.6rem; margin-bottom: 1.6rem; color: rgb(51, 51, 51); font-family: &quot;Segoe UI&quot;, &quot;Lucida Grande&quot;, Helvetica, Arial, &quot;Microsoft YaHei&quot;, FreeSans, Arimo, &quot;Droid Sans&quot;, &quot;wenquanyi micro hei&quot;, &quot;Hiragino Sans GB&quot;, &quot;Hiragino Sans GB W3&quot;, FontAwesome, sans-serif; text-indent: 24px; white-space: normal;\">2、按所用材料将家具分为： 实木家具、板式家具、软体家具、藤编家具、竹编家具、钢木家具和其他人造材材料制成的家具（例如玻璃家具、大理石家具等）。</p><p style=\"box-sizing: border-box; margin-top: 1.6rem; margin-bottom: 1.6rem; color: rgb(51, 51, 51); font-family: &quot;Segoe UI&quot;, &quot;Lucida Grande&quot;, Helvetica, Arial, &quot;Microsoft YaHei&quot;, FreeSans, Arimo, &quot;Droid Sans&quot;, &quot;wenquanyi micro hei&quot;, &quot;Hiragino Sans GB&quot;, &quot;Hiragino Sans GB W3&quot;, FontAwesome, sans-serif; text-indent: 24px; white-space: normal;\">3、按功能可按家具分为： 客厅家具、卧室家具、书房家具、厨房家具（设备）和辅助家具等几类。</p><p style=\"box-sizing: border-box; margin-top: 1.6rem; margin-bottom: 1.6rem; color: rgb(51, 51, 51); font-family: &quot;Segoe UI&quot;, &quot;Lucida Grande&quot;, Helvetica, Arial, &quot;Microsoft YaHei&quot;, FreeSans, Arimo, &quot;Droid Sans&quot;, &quot;wenquanyi micro hei&quot;, &quot;Hiragino Sans GB&quot;, &quot;Hiragino Sans GB W3&quot;, FontAwesome, sans-serif; text-indent: 24px; white-space: normal;\">4、按家具产品的档次分类可分为： 高档、中高档、中档、中低档、低档。</p><p style=\"box-sizing: border-box; margin-top: 1.6rem; margin-bottom: 1.6rem; color: rgb(51, 51, 51); font-family: &quot;Segoe UI&quot;, &quot;Lucida Grande&quot;, Helvetica, Arial, &quot;Microsoft YaHei&quot;, FreeSans, Arimo, &quot;Droid Sans&quot;, &quot;wenquanyi micro hei&quot;, &quot;Hiragino Sans GB&quot;, &quot;Hiragino Sans GB W3&quot;, FontAwesome, sans-serif; text-indent: 24px; white-space: normal;\">5、产品的产地划分： 可分为进口家具和国产家具，也就是国际品牌和国内品牌，国际品牌在上海比较多，在北京的集中在中粮广场，向北欧风情、达.芬奇、芙莱莎、富克拉等等。但有些国际品牌也是在国内生产的，向英国品牌芝华仕沙发就是生产于深圳。目前在国内家具最大的生产基地应是广东了，国内较为知名的品牌家具多数产于深圳、东莞、广州、中山、顺德，每年3月和8月国内最大的家具展会就在这里召开，届时，国内许多的家具厂商和经销商都会云集在广东。但近几年浙江的家具也在迅速崛起，象大风范、国森、雄族等品牌也占据了一大部分市场。还有北京也有很多做的不错的品牌，以曲美和标致最有代表性。其他向东北、四川、河北、山东都有些品牌家具，但占的比重比较小了。</p><p style=\"box-sizing: border-box; margin-top: 1.6rem; margin-bottom: 1.6rem; color: rgb(51, 51, 51); font-family: &quot;Segoe UI&quot;, &quot;Lucida Grande&quot;, Helvetica, Arial, &quot;Microsoft YaHei&quot;, FreeSans, Arimo, &quot;Droid Sans&quot;, &quot;wenquanyi micro hei&quot;, &quot;Hiragino Sans GB&quot;, &quot;Hiragino Sans GB W3&quot;, FontAwesome, sans-serif; text-indent: 24px; white-space: normal;\">6、怎样区分产品的档次呢？ 其实主要看价格，卧房、沙发、床都可以从价格上分出中高低档。例如套房（5件）从一两千元到几万元不等，那么我们把价位在4000元以下的定为中低档产品，价位4000元—8000元定位中档产品，价位8000元至20000元定位中高档产品，2万元以上的定位高档产品。但也不是一成不变的，其实并没有一个具体的标准来准确的划分，只是我们对产品熟悉了，自然会给产品进行定位。再例如沙发的档次定位，2000元以下的为中低档，2000—5000属中档，5000—10000属中高档，10000元以上的为高档。床在1000元以下的为中低档，1000—4000元为中档，4000至10000为中高档，1万以上为高档。</p><p><br/></p>','卡号的，沙发上，第三发','2017-08-29 00:00:00','292',3,'1、按家具从风格上可以分为： 现代家具、欧式古典家具、美式家具、中式古典家具（也就是红木家具），还有近两年比较流行的新古典系列家具等等。2、按所用材料将家具分为： 实木家具、板式家具、软体家具、藤编家具...'),(30,'<p style=\"box-sizing: border-box; margin-top: 0px; margin-bottom: 1.6rem; color: rgb(51, 51, 51); font-family: &quot;Segoe UI&quot;, &quot;Lucida Grande&quot;, Helvetica, Arial, &quot;Microsoft YaHei&quot;, FreeSans, Arimo, &quot;Droid Sans&quot;, &quot;wenquanyi micro hei&quot;, &quot;Hiragino Sans GB&quot;, &quot;Hiragino Sans GB W3&quot;, FontAwesome, sans-serif; text-indent: 24px; white-space: normal;\">1、按家具从风格上可以分为： 现代家具、欧式古典家具、美式家具、中式古典家具（也就是红木家具），还有近两年比较流行的新古典系列家具等等。</p><p style=\"box-sizing: border-box; margin-top: 1.6rem; margin-bottom: 1.6rem; color: rgb(51, 51, 51); font-family: &quot;Segoe UI&quot;, &quot;Lucida Grande&quot;, Helvetica, Arial, &quot;Microsoft YaHei&quot;, FreeSans, Arimo, &quot;Droid Sans&quot;, &quot;wenquanyi micro hei&quot;, &quot;Hiragino Sans GB&quot;, &quot;Hiragino Sans GB W3&quot;, FontAwesome, sans-serif; text-indent: 24px; white-space: normal;\">2、按所用材料将家具分为： 实木家具、板式家具、软体家具、藤编家具、竹编家具、钢木家具和其他人造材材料制成的家具（例如玻璃家具、大理石家具等）。</p><p style=\"box-sizing: border-box; margin-top: 1.6rem; margin-bottom: 1.6rem; color: rgb(51, 51, 51); font-family: &quot;Segoe UI&quot;, &quot;Lucida Grande&quot;, Helvetica, Arial, &quot;Microsoft YaHei&quot;, FreeSans, Arimo, &quot;Droid Sans&quot;, &quot;wenquanyi micro hei&quot;, &quot;Hiragino Sans GB&quot;, &quot;Hiragino Sans GB W3&quot;, FontAwesome, sans-serif; text-indent: 24px; white-space: normal;\">3、按功能可按家具分为： 客厅家具、卧室家具、书房家具、厨房家具（设备）和辅助家具等几类。</p><p style=\"box-sizing: border-box; margin-top: 1.6rem; margin-bottom: 1.6rem; color: rgb(51, 51, 51); font-family: &quot;Segoe UI&quot;, &quot;Lucida Grande&quot;, Helvetica, Arial, &quot;Microsoft YaHei&quot;, FreeSans, Arimo, &quot;Droid Sans&quot;, &quot;wenquanyi micro hei&quot;, &quot;Hiragino Sans GB&quot;, &quot;Hiragino Sans GB W3&quot;, FontAwesome, sans-serif; text-indent: 24px; white-space: normal;\">4、按家具产品的档次分类可分为： 高档、中高档、中档、中低档、低档。</p><p style=\"box-sizing: border-box; margin-top: 1.6rem; margin-bottom: 1.6rem; color: rgb(51, 51, 51); font-family: &quot;Segoe UI&quot;, &quot;Lucida Grande&quot;, Helvetica, Arial, &quot;Microsoft YaHei&quot;, FreeSans, Arimo, &quot;Droid Sans&quot;, &quot;wenquanyi micro hei&quot;, &quot;Hiragino Sans GB&quot;, &quot;Hiragino Sans GB W3&quot;, FontAwesome, sans-serif; text-indent: 24px; white-space: normal;\">5、产品的产地划分： 可分为进口家具和国产家具，也就是国际品牌和国内品牌，国际品牌在上海比较多，在北京的集中在中粮广场，向北欧风情、达.芬奇、芙莱莎、富克拉等等。但有些国际品牌也是在国内生产的，向英国品牌芝华仕沙发就是生产于深圳。目前在国内家具最大的生产基地应是广东了，国内较为知名的品牌家具多数产于深圳、东莞、广州、中山、顺德，每年3月和8月国内最大的家具展会就在这里召开，届时，国内许多的家具厂商和经销商都会云集在广东。但近几年浙江的家具也在迅速崛起，象大风范、国森、雄族等品牌也占据了一大部分市场。还有北京也有很多做的不错的品牌，以曲美和标致最有代表性。其他向东北、四川、河北、山东都有些品牌家具，但占的比重比较小了。</p><p style=\"box-sizing: border-box; margin-top: 1.6rem; margin-bottom: 1.6rem; color: rgb(51, 51, 51); font-family: &quot;Segoe UI&quot;, &quot;Lucida Grande&quot;, Helvetica, Arial, &quot;Microsoft YaHei&quot;, FreeSans, Arimo, &quot;Droid Sans&quot;, &quot;wenquanyi micro hei&quot;, &quot;Hiragino Sans GB&quot;, &quot;Hiragino Sans GB W3&quot;, FontAwesome, sans-serif; text-indent: 24px; white-space: normal;\">6、怎样区分产品的档次呢？ 其实主要看价格，卧房、沙发、床都可以从价格上分出中高低档。例如套房（5件）从一两千元到几万元不等，那么我们把价位在4000元以下的定为中低档产品，价位4000元—8000元定位中档产品，价位8000元至20000元定位中高档产品，2万元以上的定位高档产品。但也不是一成不变的，其实并没有一个具体的标准来准确的划分，只是我们对产品熟悉了，自然会给产品进行定位。再例如沙发的档次定位，2000元以下的为中低档，2000—5000属中档，5000—10000属中高档，10000元以上的为高档。床在1000元以下的为中低档，1000—4000元为中档，4000至10000为中高档，1万以上为高档。</p><p><br/></p>','卡号的，沙发上，第三发','2017-08-30 00:00:00','302',3,'1、按家具从风格上可以分为： 现代家具、欧式古典家具、美式家具、中式古典家具（也就是红木家具），还有近两年比较流行的新古典系列家具等等。2、按所用材料将家具分为： 实木家具、板式家具、软体家具、藤编家具...'),(31,'<p style=\"box-sizing: border-box; margin-top: 0px; margin-bottom: 1.6rem; color: rgb(51, 51, 51); font-family: &quot;Segoe UI&quot;, &quot;Lucida Grande&quot;, Helvetica, Arial, &quot;Microsoft YaHei&quot;, FreeSans, Arimo, &quot;Droid Sans&quot;, &quot;wenquanyi micro hei&quot;, &quot;Hiragino Sans GB&quot;, &quot;Hiragino Sans GB W3&quot;, FontAwesome, sans-serif; text-indent: 24px; white-space: normal;\">1、按家具从风格上可以分为： 现代家具、欧式古典家具、美式家具、中式古典家具（也就是红木家具），还有近两年比较流行的新古典系列家具等等。</p><p style=\"box-sizing: border-box; margin-top: 1.6rem; margin-bottom: 1.6rem; color: rgb(51, 51, 51); font-family: &quot;Segoe UI&quot;, &quot;Lucida Grande&quot;, Helvetica, Arial, &quot;Microsoft YaHei&quot;, FreeSans, Arimo, &quot;Droid Sans&quot;, &quot;wenquanyi micro hei&quot;, &quot;Hiragino Sans GB&quot;, &quot;Hiragino Sans GB W3&quot;, FontAwesome, sans-serif; text-indent: 24px; white-space: normal;\">2、按所用材料将家具分为： 实木家具、板式家具、软体家具、藤编家具、竹编家具、钢木家具和其他人造材材料制成的家具（例如玻璃家具、大理石家具等）。</p><p style=\"box-sizing: border-box; margin-top: 1.6rem; margin-bottom: 1.6rem; color: rgb(51, 51, 51); font-family: &quot;Segoe UI&quot;, &quot;Lucida Grande&quot;, Helvetica, Arial, &quot;Microsoft YaHei&quot;, FreeSans, Arimo, &quot;Droid Sans&quot;, &quot;wenquanyi micro hei&quot;, &quot;Hiragino Sans GB&quot;, &quot;Hiragino Sans GB W3&quot;, FontAwesome, sans-serif; text-indent: 24px; white-space: normal;\">3、按功能可按家具分为： 客厅家具、卧室家具、书房家具、厨房家具（设备）和辅助家具等几类。</p><p style=\"box-sizing: border-box; margin-top: 1.6rem; margin-bottom: 1.6rem; color: rgb(51, 51, 51); font-family: &quot;Segoe UI&quot;, &quot;Lucida Grande&quot;, Helvetica, Arial, &quot;Microsoft YaHei&quot;, FreeSans, Arimo, &quot;Droid Sans&quot;, &quot;wenquanyi micro hei&quot;, &quot;Hiragino Sans GB&quot;, &quot;Hiragino Sans GB W3&quot;, FontAwesome, sans-serif; text-indent: 24px; white-space: normal;\">4、按家具产品的档次分类可分为： 高档、中高档、中档、中低档、低档。</p><p style=\"box-sizing: border-box; margin-top: 1.6rem; margin-bottom: 1.6rem; color: rgb(51, 51, 51); font-family: &quot;Segoe UI&quot;, &quot;Lucida Grande&quot;, Helvetica, Arial, &quot;Microsoft YaHei&quot;, FreeSans, Arimo, &quot;Droid Sans&quot;, &quot;wenquanyi micro hei&quot;, &quot;Hiragino Sans GB&quot;, &quot;Hiragino Sans GB W3&quot;, FontAwesome, sans-serif; text-indent: 24px; white-space: normal;\">5、产品的产地划分： 可分为进口家具和国产家具，也就是国际品牌和国内品牌，国际品牌在上海比较多，在北京的集中在中粮广场，向北欧风情、达.芬奇、芙莱莎、富克拉等等。但有些国际品牌也是在国内生产的，向英国品牌芝华仕沙发就是生产于深圳。目前在国内家具最大的生产基地应是广东了，国内较为知名的品牌家具多数产于深圳、东莞、广州、中山、顺德，每年3月和8月国内最大的家具展会就在这里召开，届时，国内许多的家具厂商和经销商都会云集在广东。但近几年浙江的家具也在迅速崛起，象大风范、国森、雄族等品牌也占据了一大部分市场。还有北京也有很多做的不错的品牌，以曲美和标致最有代表性。其他向东北、四川、河北、山东都有些品牌家具，但占的比重比较小了。</p><p style=\"box-sizing: border-box; margin-top: 1.6rem; margin-bottom: 1.6rem; color: rgb(51, 51, 51); font-family: &quot;Segoe UI&quot;, &quot;Lucida Grande&quot;, Helvetica, Arial, &quot;Microsoft YaHei&quot;, FreeSans, Arimo, &quot;Droid Sans&quot;, &quot;wenquanyi micro hei&quot;, &quot;Hiragino Sans GB&quot;, &quot;Hiragino Sans GB W3&quot;, FontAwesome, sans-serif; text-indent: 24px; white-space: normal;\">6、怎样区分产品的档次呢？ 其实主要看价格，卧房、沙发、床都可以从价格上分出中高低档。例如套房（5件）从一两千元到几万元不等，那么我们把价位在4000元以下的定为中低档产品，价位4000元—8000元定位中档产品，价位8000元至20000元定位中高档产品，2万元以上的定位高档产品。但也不是一成不变的，其实并没有一个具体的标准来准确的划分，只是我们对产品熟悉了，自然会给产品进行定位。再例如沙发的档次定位，2000元以下的为中低档，2000—5000属中档，5000—10000属中高档，10000元以上的为高档。床在1000元以下的为中低档，1000—4000元为中档，4000至10000为中高档，1万以上为高档。</p><p><br/></p>','卡号的，沙发上，第三发','2017-09-01 00:00:00','11',2,'1、按家具从风格上可以分为： 现代家具、欧式古典家具、美式家具、中式古典家具（也就是红木家具），还有近两年比较流行的新古典系列家具等等。2、按所用材料将家具分为： 实木家具、板式家具、软体家具、藤编家具...'),(32,'<p style=\"box-sizing: border-box; margin-top: 0px; margin-bottom: 1.6rem; color: rgb(51, 51, 51); font-family: &quot;Segoe UI&quot;, &quot;Lucida Grande&quot;, Helvetica, Arial, &quot;Microsoft YaHei&quot;, FreeSans, Arimo, &quot;Droid Sans&quot;, &quot;wenquanyi micro hei&quot;, &quot;Hiragino Sans GB&quot;, &quot;Hiragino Sans GB W3&quot;, FontAwesome, sans-serif; text-indent: 24px; white-space: normal;\">1、按家具从风格上可以分为： 现代家具、欧式古典家具、美式家具、中式古典家具（也就是红木家具），还有近两年比较流行的新古典系列家具等等。</p><p style=\"box-sizing: border-box; margin-top: 1.6rem; margin-bottom: 1.6rem; color: rgb(51, 51, 51); font-family: &quot;Segoe UI&quot;, &quot;Lucida Grande&quot;, Helvetica, Arial, &quot;Microsoft YaHei&quot;, FreeSans, Arimo, &quot;Droid Sans&quot;, &quot;wenquanyi micro hei&quot;, &quot;Hiragino Sans GB&quot;, &quot;Hiragino Sans GB W3&quot;, FontAwesome, sans-serif; text-indent: 24px; white-space: normal;\">2、按所用材料将家具分为： 实木家具、板式家具、软体家具、藤编家具、竹编家具、钢木家具和其他人造材材料制成的家具（例如玻璃家具、大理石家具等）。</p><p style=\"box-sizing: border-box; margin-top: 1.6rem; margin-bottom: 1.6rem; color: rgb(51, 51, 51); font-family: &quot;Segoe UI&quot;, &quot;Lucida Grande&quot;, Helvetica, Arial, &quot;Microsoft YaHei&quot;, FreeSans, Arimo, &quot;Droid Sans&quot;, &quot;wenquanyi micro hei&quot;, &quot;Hiragino Sans GB&quot;, &quot;Hiragino Sans GB W3&quot;, FontAwesome, sans-serif; text-indent: 24px; white-space: normal;\">3、按功能可按家具分为： 客厅家具、卧室家具、书房家具、厨房家具（设备）和辅助家具等几类。</p><p style=\"box-sizing: border-box; margin-top: 1.6rem; margin-bottom: 1.6rem; color: rgb(51, 51, 51); font-family: &quot;Segoe UI&quot;, &quot;Lucida Grande&quot;, Helvetica, Arial, &quot;Microsoft YaHei&quot;, FreeSans, Arimo, &quot;Droid Sans&quot;, &quot;wenquanyi micro hei&quot;, &quot;Hiragino Sans GB&quot;, &quot;Hiragino Sans GB W3&quot;, FontAwesome, sans-serif; text-indent: 24px; white-space: normal;\">4、按家具产品的档次分类可分为： 高档、中高档、中档、中低档、低档。</p><p style=\"box-sizing: border-box; margin-top: 1.6rem; margin-bottom: 1.6rem; color: rgb(51, 51, 51); font-family: &quot;Segoe UI&quot;, &quot;Lucida Grande&quot;, Helvetica, Arial, &quot;Microsoft YaHei&quot;, FreeSans, Arimo, &quot;Droid Sans&quot;, &quot;wenquanyi micro hei&quot;, &quot;Hiragino Sans GB&quot;, &quot;Hiragino Sans GB W3&quot;, FontAwesome, sans-serif; text-indent: 24px; white-space: normal;\">5、产品的产地划分： 可分为进口家具和国产家具，也就是国际品牌和国内品牌，国际品牌在上海比较多，在北京的集中在中粮广场，向北欧风情、达.芬奇、芙莱莎、富克拉等等。但有些国际品牌也是在国内生产的，向英国品牌芝华仕沙发就是生产于深圳。目前在国内家具最大的生产基地应是广东了，国内较为知名的品牌家具多数产于深圳、东莞、广州、中山、顺德，每年3月和8月国内最大的家具展会就在这里召开，届时，国内许多的家具厂商和经销商都会云集在广东。但近几年浙江的家具也在迅速崛起，象大风范、国森、雄族等品牌也占据了一大部分市场。还有北京也有很多做的不错的品牌，以曲美和标致最有代表性。其他向东北、四川、河北、山东都有些品牌家具，但占的比重比较小了。</p><p style=\"box-sizing: border-box; margin-top: 1.6rem; margin-bottom: 1.6rem; color: rgb(51, 51, 51); font-family: &quot;Segoe UI&quot;, &quot;Lucida Grande&quot;, Helvetica, Arial, &quot;Microsoft YaHei&quot;, FreeSans, Arimo, &quot;Droid Sans&quot;, &quot;wenquanyi micro hei&quot;, &quot;Hiragino Sans GB&quot;, &quot;Hiragino Sans GB W3&quot;, FontAwesome, sans-serif; text-indent: 24px; white-space: normal;\">6、怎样区分产品的档次呢？ 其实主要看价格，卧房、沙发、床都可以从价格上分出中高低档。例如套房（5件）从一两千元到几万元不等，那么我们把价位在4000元以下的定为中低档产品，价位4000元—8000元定位中档产品，价位8000元至20000元定位中高档产品，2万元以上的定位高档产品。但也不是一成不变的，其实并没有一个具体的标准来准确的划分，只是我们对产品熟悉了，自然会给产品进行定位。再例如沙发的档次定位，2000元以下的为中低档，2000—5000属中档，5000—10000属中高档，10000元以上的为高档。床在1000元以下的为中低档，1000—4000元为中档，4000至10000为中高档，1万以上为高档。</p><p><br/></p>','卡号的，沙发上，第三发','2017-09-02 00:00:00','21',2,'1、按家具从风格上可以分为： 现代家具、欧式古典家具、美式家具、中式古典家具（也就是红木家具），还有近两年比较流行的新古典系列家具等等。2、按所用材料将家具分为： 实木家具、板式家具、软体家具、藤编家具...'),(33,'<p style=\"box-sizing: border-box; margin-top: 0px; margin-bottom: 1.6rem; color: rgb(51, 51, 51); font-family: &quot;Segoe UI&quot;, &quot;Lucida Grande&quot;, Helvetica, Arial, &quot;Microsoft YaHei&quot;, FreeSans, Arimo, &quot;Droid Sans&quot;, &quot;wenquanyi micro hei&quot;, &quot;Hiragino Sans GB&quot;, &quot;Hiragino Sans GB W3&quot;, FontAwesome, sans-serif; text-indent: 24px; white-space: normal;\">1、按家具从风格上可以分为： 现代家具、欧式古典家具、美式家具、中式古典家具（也就是红木家具），还有近两年比较流行的新古典系列家具等等。</p><p style=\"box-sizing: border-box; margin-top: 1.6rem; margin-bottom: 1.6rem; color: rgb(51, 51, 51); font-family: &quot;Segoe UI&quot;, &quot;Lucida Grande&quot;, Helvetica, Arial, &quot;Microsoft YaHei&quot;, FreeSans, Arimo, &quot;Droid Sans&quot;, &quot;wenquanyi micro hei&quot;, &quot;Hiragino Sans GB&quot;, &quot;Hiragino Sans GB W3&quot;, FontAwesome, sans-serif; text-indent: 24px; white-space: normal;\">2、按所用材料将家具分为： 实木家具、板式家具、软体家具、藤编家具、竹编家具、钢木家具和其他人造材材料制成的家具（例如玻璃家具、大理石家具等）。</p><p style=\"box-sizing: border-box; margin-top: 1.6rem; margin-bottom: 1.6rem; color: rgb(51, 51, 51); font-family: &quot;Segoe UI&quot;, &quot;Lucida Grande&quot;, Helvetica, Arial, &quot;Microsoft YaHei&quot;, FreeSans, Arimo, &quot;Droid Sans&quot;, &quot;wenquanyi micro hei&quot;, &quot;Hiragino Sans GB&quot;, &quot;Hiragino Sans GB W3&quot;, FontAwesome, sans-serif; text-indent: 24px; white-space: normal;\">3、按功能可按家具分为： 客厅家具、卧室家具、书房家具、厨房家具（设备）和辅助家具等几类。</p><p style=\"box-sizing: border-box; margin-top: 1.6rem; margin-bottom: 1.6rem; color: rgb(51, 51, 51); font-family: &quot;Segoe UI&quot;, &quot;Lucida Grande&quot;, Helvetica, Arial, &quot;Microsoft YaHei&quot;, FreeSans, Arimo, &quot;Droid Sans&quot;, &quot;wenquanyi micro hei&quot;, &quot;Hiragino Sans GB&quot;, &quot;Hiragino Sans GB W3&quot;, FontAwesome, sans-serif; text-indent: 24px; white-space: normal;\">4、按家具产品的档次分类可分为： 高档、中高档、中档、中低档、低档。</p><p style=\"box-sizing: border-box; margin-top: 1.6rem; margin-bottom: 1.6rem; color: rgb(51, 51, 51); font-family: &quot;Segoe UI&quot;, &quot;Lucida Grande&quot;, Helvetica, Arial, &quot;Microsoft YaHei&quot;, FreeSans, Arimo, &quot;Droid Sans&quot;, &quot;wenquanyi micro hei&quot;, &quot;Hiragino Sans GB&quot;, &quot;Hiragino Sans GB W3&quot;, FontAwesome, sans-serif; text-indent: 24px; white-space: normal;\">5、产品的产地划分： 可分为进口家具和国产家具，也就是国际品牌和国内品牌，国际品牌在上海比较多，在北京的集中在中粮广场，向北欧风情、达.芬奇、芙莱莎、富克拉等等。但有些国际品牌也是在国内生产的，向英国品牌芝华仕沙发就是生产于深圳。目前在国内家具最大的生产基地应是广东了，国内较为知名的品牌家具多数产于深圳、东莞、广州、中山、顺德，每年3月和8月国内最大的家具展会就在这里召开，届时，国内许多的家具厂商和经销商都会云集在广东。但近几年浙江的家具也在迅速崛起，象大风范、国森、雄族等品牌也占据了一大部分市场。还有北京也有很多做的不错的品牌，以曲美和标致最有代表性。其他向东北、四川、河北、山东都有些品牌家具，但占的比重比较小了。</p><p style=\"box-sizing: border-box; margin-top: 1.6rem; margin-bottom: 1.6rem; color: rgb(51, 51, 51); font-family: &quot;Segoe UI&quot;, &quot;Lucida Grande&quot;, Helvetica, Arial, &quot;Microsoft YaHei&quot;, FreeSans, Arimo, &quot;Droid Sans&quot;, &quot;wenquanyi micro hei&quot;, &quot;Hiragino Sans GB&quot;, &quot;Hiragino Sans GB W3&quot;, FontAwesome, sans-serif; text-indent: 24px; white-space: normal;\">6、怎样区分产品的档次呢？ 其实主要看价格，卧房、沙发、床都可以从价格上分出中高低档。例如套房（5件）从一两千元到几万元不等，那么我们把价位在4000元以下的定为中低档产品，价位4000元—8000元定位中档产品，价位8000元至20000元定位中高档产品，2万元以上的定位高档产品。但也不是一成不变的，其实并没有一个具体的标准来准确的划分，只是我们对产品熟悉了，自然会给产品进行定位。再例如沙发的档次定位，2000元以下的为中低档，2000—5000属中档，5000—10000属中高档，10000元以上的为高档。床在1000元以下的为中低档，1000—4000元为中档，4000至10000为中高档，1万以上为高档。</p><p><br/></p>','卡号的，沙发上，第三发','2017-09-03 00:00:00','30',1,'1、按家具从风格上可以分为： 现代家具、欧式古典家具、美式家具、中式古典家具（也就是红木家具），还有近两年比较流行的新古典系列家具等等。2、按所用材料将家具分为： 实木家具、板式家具、软体家具、藤编家具...'),(34,'<p style=\"box-sizing: border-box; margin-top: 0px; margin-bottom: 1.6rem; color: rgb(51, 51, 51); font-family: &quot;Segoe UI&quot;, &quot;Lucida Grande&quot;, Helvetica, Arial, &quot;Microsoft YaHei&quot;, FreeSans, Arimo, &quot;Droid Sans&quot;, &quot;wenquanyi micro hei&quot;, &quot;Hiragino Sans GB&quot;, &quot;Hiragino Sans GB W3&quot;, FontAwesome, sans-serif; text-indent: 24px; white-space: normal;\">1、按家具从风格上可以分为： 现代家具、欧式古典家具、美式家具、中式古典家具（也就是红木家具），还有近两年比较流行的新古典系列家具等等。</p><p style=\"box-sizing: border-box; margin-top: 1.6rem; margin-bottom: 1.6rem; color: rgb(51, 51, 51); font-family: &quot;Segoe UI&quot;, &quot;Lucida Grande&quot;, Helvetica, Arial, &quot;Microsoft YaHei&quot;, FreeSans, Arimo, &quot;Droid Sans&quot;, &quot;wenquanyi micro hei&quot;, &quot;Hiragino Sans GB&quot;, &quot;Hiragino Sans GB W3&quot;, FontAwesome, sans-serif; text-indent: 24px; white-space: normal;\">2、按所用材料将家具分为： 实木家具、板式家具、软体家具、藤编家具、竹编家具、钢木家具和其他人造材材料制成的家具（例如玻璃家具、大理石家具等）。</p><p style=\"box-sizing: border-box; margin-top: 1.6rem; margin-bottom: 1.6rem; color: rgb(51, 51, 51); font-family: &quot;Segoe UI&quot;, &quot;Lucida Grande&quot;, Helvetica, Arial, &quot;Microsoft YaHei&quot;, FreeSans, Arimo, &quot;Droid Sans&quot;, &quot;wenquanyi micro hei&quot;, &quot;Hiragino Sans GB&quot;, &quot;Hiragino Sans GB W3&quot;, FontAwesome, sans-serif; text-indent: 24px; white-space: normal;\">3、按功能可按家具分为： 客厅家具、卧室家具、书房家具、厨房家具（设备）和辅助家具等几类。</p><p style=\"box-sizing: border-box; margin-top: 1.6rem; margin-bottom: 1.6rem; color: rgb(51, 51, 51); font-family: &quot;Segoe UI&quot;, &quot;Lucida Grande&quot;, Helvetica, Arial, &quot;Microsoft YaHei&quot;, FreeSans, Arimo, &quot;Droid Sans&quot;, &quot;wenquanyi micro hei&quot;, &quot;Hiragino Sans GB&quot;, &quot;Hiragino Sans GB W3&quot;, FontAwesome, sans-serif; text-indent: 24px; white-space: normal;\">4、按家具产品的档次分类可分为： 高档、中高档、中档、中低档、低档。</p><p style=\"box-sizing: border-box; margin-top: 1.6rem; margin-bottom: 1.6rem; color: rgb(51, 51, 51); font-family: &quot;Segoe UI&quot;, &quot;Lucida Grande&quot;, Helvetica, Arial, &quot;Microsoft YaHei&quot;, FreeSans, Arimo, &quot;Droid Sans&quot;, &quot;wenquanyi micro hei&quot;, &quot;Hiragino Sans GB&quot;, &quot;Hiragino Sans GB W3&quot;, FontAwesome, sans-serif; text-indent: 24px; white-space: normal;\">5、产品的产地划分： 可分为进口家具和国产家具，也就是国际品牌和国内品牌，国际品牌在上海比较多，在北京的集中在中粮广场，向北欧风情、达.芬奇、芙莱莎、富克拉等等。但有些国际品牌也是在国内生产的，向英国品牌芝华仕沙发就是生产于深圳。目前在国内家具最大的生产基地应是广东了，国内较为知名的品牌家具多数产于深圳、东莞、广州、中山、顺德，每年3月和8月国内最大的家具展会就在这里召开，届时，国内许多的家具厂商和经销商都会云集在广东。但近几年浙江的家具也在迅速崛起，象大风范、国森、雄族等品牌也占据了一大部分市场。还有北京也有很多做的不错的品牌，以曲美和标致最有代表性。其他向东北、四川、河北、山东都有些品牌家具，但占的比重比较小了。</p><p style=\"box-sizing: border-box; margin-top: 1.6rem; margin-bottom: 1.6rem; color: rgb(51, 51, 51); font-family: &quot;Segoe UI&quot;, &quot;Lucida Grande&quot;, Helvetica, Arial, &quot;Microsoft YaHei&quot;, FreeSans, Arimo, &quot;Droid Sans&quot;, &quot;wenquanyi micro hei&quot;, &quot;Hiragino Sans GB&quot;, &quot;Hiragino Sans GB W3&quot;, FontAwesome, sans-serif; text-indent: 24px; white-space: normal;\">6、怎样区分产品的档次呢？ 其实主要看价格，卧房、沙发、床都可以从价格上分出中高低档。例如套房（5件）从一两千元到几万元不等，那么我们把价位在4000元以下的定为中低档产品，价位4000元—8000元定位中档产品，价位8000元至20000元定位中高档产品，2万元以上的定位高档产品。但也不是一成不变的，其实并没有一个具体的标准来准确的划分，只是我们对产品熟悉了，自然会给产品进行定位。再例如沙发的档次定位，2000元以下的为中低档，2000—5000属中档，5000—10000属中高档，10000元以上的为高档。床在1000元以下的为中低档，1000—4000元为中档，4000至10000为中高档，1万以上为高档。</p><p><br/></p>','卡号的，沙发上，第三发','2017-09-04 00:00:00','42',3,'1、按家具从风格上可以分为： 现代家具、欧式古典家具、美式家具、中式古典家具（也就是红木家具），还有近两年比较流行的新古典系列家具等等。2、按所用材料将家具分为： 实木家具、板式家具、软体家具、藤编家具...'),(35,'<p style=\"box-sizing: border-box; margin-top: 0px; margin-bottom: 1.6rem; color: rgb(51, 51, 51); font-family: &quot;Segoe UI&quot;, &quot;Lucida Grande&quot;, Helvetica, Arial, &quot;Microsoft YaHei&quot;, FreeSans, Arimo, &quot;Droid Sans&quot;, &quot;wenquanyi micro hei&quot;, &quot;Hiragino Sans GB&quot;, &quot;Hiragino Sans GB W3&quot;, FontAwesome, sans-serif; text-indent: 24px; white-space: normal;\">1、按家具从风格上可以分为： 现代家具、欧式古典家具、美式家具、中式古典家具（也就是红木家具），还有近两年比较流行的新古典系列家具等等。</p><p style=\"box-sizing: border-box; margin-top: 1.6rem; margin-bottom: 1.6rem; color: rgb(51, 51, 51); font-family: &quot;Segoe UI&quot;, &quot;Lucida Grande&quot;, Helvetica, Arial, &quot;Microsoft YaHei&quot;, FreeSans, Arimo, &quot;Droid Sans&quot;, &quot;wenquanyi micro hei&quot;, &quot;Hiragino Sans GB&quot;, &quot;Hiragino Sans GB W3&quot;, FontAwesome, sans-serif; text-indent: 24px; white-space: normal;\">2、按所用材料将家具分为： 实木家具、板式家具、软体家具、藤编家具、竹编家具、钢木家具和其他人造材材料制成的家具（例如玻璃家具、大理石家具等）。</p><p style=\"box-sizing: border-box; margin-top: 1.6rem; margin-bottom: 1.6rem; color: rgb(51, 51, 51); font-family: &quot;Segoe UI&quot;, &quot;Lucida Grande&quot;, Helvetica, Arial, &quot;Microsoft YaHei&quot;, FreeSans, Arimo, &quot;Droid Sans&quot;, &quot;wenquanyi micro hei&quot;, &quot;Hiragino Sans GB&quot;, &quot;Hiragino Sans GB W3&quot;, FontAwesome, sans-serif; text-indent: 24px; white-space: normal;\">3、按功能可按家具分为： 客厅家具、卧室家具、书房家具、厨房家具（设备）和辅助家具等几类。</p><p style=\"box-sizing: border-box; margin-top: 1.6rem; margin-bottom: 1.6rem; color: rgb(51, 51, 51); font-family: &quot;Segoe UI&quot;, &quot;Lucida Grande&quot;, Helvetica, Arial, &quot;Microsoft YaHei&quot;, FreeSans, Arimo, &quot;Droid Sans&quot;, &quot;wenquanyi micro hei&quot;, &quot;Hiragino Sans GB&quot;, &quot;Hiragino Sans GB W3&quot;, FontAwesome, sans-serif; text-indent: 24px; white-space: normal;\">4、按家具产品的档次分类可分为： 高档、中高档、中档、中低档、低档。</p><p style=\"box-sizing: border-box; margin-top: 1.6rem; margin-bottom: 1.6rem; color: rgb(51, 51, 51); font-family: &quot;Segoe UI&quot;, &quot;Lucida Grande&quot;, Helvetica, Arial, &quot;Microsoft YaHei&quot;, FreeSans, Arimo, &quot;Droid Sans&quot;, &quot;wenquanyi micro hei&quot;, &quot;Hiragino Sans GB&quot;, &quot;Hiragino Sans GB W3&quot;, FontAwesome, sans-serif; text-indent: 24px; white-space: normal;\">5、产品的产地划分： 可分为进口家具和国产家具，也就是国际品牌和国内品牌，国际品牌在上海比较多，在北京的集中在中粮广场，向北欧风情、达.芬奇、芙莱莎、富克拉等等。但有些国际品牌也是在国内生产的，向英国品牌芝华仕沙发就是生产于深圳。目前在国内家具最大的生产基地应是广东了，国内较为知名的品牌家具多数产于深圳、东莞、广州、中山、顺德，每年3月和8月国内最大的家具展会就在这里召开，届时，国内许多的家具厂商和经销商都会云集在广东。但近几年浙江的家具也在迅速崛起，象大风范、国森、雄族等品牌也占据了一大部分市场。还有北京也有很多做的不错的品牌，以曲美和标致最有代表性。其他向东北、四川、河北、山东都有些品牌家具，但占的比重比较小了。</p><p style=\"box-sizing: border-box; margin-top: 1.6rem; margin-bottom: 1.6rem; color: rgb(51, 51, 51); font-family: &quot;Segoe UI&quot;, &quot;Lucida Grande&quot;, Helvetica, Arial, &quot;Microsoft YaHei&quot;, FreeSans, Arimo, &quot;Droid Sans&quot;, &quot;wenquanyi micro hei&quot;, &quot;Hiragino Sans GB&quot;, &quot;Hiragino Sans GB W3&quot;, FontAwesome, sans-serif; text-indent: 24px; white-space: normal;\">6、怎样区分产品的档次呢？ 其实主要看价格，卧房、沙发、床都可以从价格上分出中高低档。例如套房（5件）从一两千元到几万元不等，那么我们把价位在4000元以下的定为中低档产品，价位4000元—8000元定位中档产品，价位8000元至20000元定位中高档产品，2万元以上的定位高档产品。但也不是一成不变的，其实并没有一个具体的标准来准确的划分，只是我们对产品熟悉了，自然会给产品进行定位。再例如沙发的档次定位，2000元以下的为中低档，2000—5000属中档，5000—10000属中高档，10000元以上的为高档。床在1000元以下的为中低档，1000—4000元为中档，4000至10000为中高档，1万以上为高档。</p><p><br/></p>','卡号的，沙发上，第三发','2017-09-05 00:00:00','53',4,'1、按家具从风格上可以分为： 现代家具、欧式古典家具、美式家具、中式古典家具（也就是红木家具），还有近两年比较流行的新古典系列家具等等。2、按所用材料将家具分为： 实木家具、板式家具、软体家具、藤编家具...'),(36,'<p style=\"box-sizing: border-box; margin-top: 0px; margin-bottom: 1.6rem; color: rgb(51, 51, 51); font-family: &quot;Segoe UI&quot;, &quot;Lucida Grande&quot;, Helvetica, Arial, &quot;Microsoft YaHei&quot;, FreeSans, Arimo, &quot;Droid Sans&quot;, &quot;wenquanyi micro hei&quot;, &quot;Hiragino Sans GB&quot;, &quot;Hiragino Sans GB W3&quot;, FontAwesome, sans-serif; text-indent: 24px; white-space: normal;\">1、按家具从风格上可以分为： 现代家具、欧式古典家具、美式家具、中式古典家具（也就是红木家具），还有近两年比较流行的新古典系列家具等等。</p><p style=\"box-sizing: border-box; margin-top: 1.6rem; margin-bottom: 1.6rem; color: rgb(51, 51, 51); font-family: &quot;Segoe UI&quot;, &quot;Lucida Grande&quot;, Helvetica, Arial, &quot;Microsoft YaHei&quot;, FreeSans, Arimo, &quot;Droid Sans&quot;, &quot;wenquanyi micro hei&quot;, &quot;Hiragino Sans GB&quot;, &quot;Hiragino Sans GB W3&quot;, FontAwesome, sans-serif; text-indent: 24px; white-space: normal;\">2、按所用材料将家具分为： 实木家具、板式家具、软体家具、藤编家具、竹编家具、钢木家具和其他人造材材料制成的家具（例如玻璃家具、大理石家具等）。</p><p style=\"box-sizing: border-box; margin-top: 1.6rem; margin-bottom: 1.6rem; color: rgb(51, 51, 51); font-family: &quot;Segoe UI&quot;, &quot;Lucida Grande&quot;, Helvetica, Arial, &quot;Microsoft YaHei&quot;, FreeSans, Arimo, &quot;Droid Sans&quot;, &quot;wenquanyi micro hei&quot;, &quot;Hiragino Sans GB&quot;, &quot;Hiragino Sans GB W3&quot;, FontAwesome, sans-serif; text-indent: 24px; white-space: normal;\">3、按功能可按家具分为： 客厅家具、卧室家具、书房家具、厨房家具（设备）和辅助家具等几类。</p><p style=\"box-sizing: border-box; margin-top: 1.6rem; margin-bottom: 1.6rem; color: rgb(51, 51, 51); font-family: &quot;Segoe UI&quot;, &quot;Lucida Grande&quot;, Helvetica, Arial, &quot;Microsoft YaHei&quot;, FreeSans, Arimo, &quot;Droid Sans&quot;, &quot;wenquanyi micro hei&quot;, &quot;Hiragino Sans GB&quot;, &quot;Hiragino Sans GB W3&quot;, FontAwesome, sans-serif; text-indent: 24px; white-space: normal;\">4、按家具产品的档次分类可分为： 高档、中高档、中档、中低档、低档。</p><p style=\"box-sizing: border-box; margin-top: 1.6rem; margin-bottom: 1.6rem; color: rgb(51, 51, 51); font-family: &quot;Segoe UI&quot;, &quot;Lucida Grande&quot;, Helvetica, Arial, &quot;Microsoft YaHei&quot;, FreeSans, Arimo, &quot;Droid Sans&quot;, &quot;wenquanyi micro hei&quot;, &quot;Hiragino Sans GB&quot;, &quot;Hiragino Sans GB W3&quot;, FontAwesome, sans-serif; text-indent: 24px; white-space: normal;\">5、产品的产地划分： 可分为进口家具和国产家具，也就是国际品牌和国内品牌，国际品牌在上海比较多，在北京的集中在中粮广场，向北欧风情、达.芬奇、芙莱莎、富克拉等等。但有些国际品牌也是在国内生产的，向英国品牌芝华仕沙发就是生产于深圳。目前在国内家具最大的生产基地应是广东了，国内较为知名的品牌家具多数产于深圳、东莞、广州、中山、顺德，每年3月和8月国内最大的家具展会就在这里召开，届时，国内许多的家具厂商和经销商都会云集在广东。但近几年浙江的家具也在迅速崛起，象大风范、国森、雄族等品牌也占据了一大部分市场。还有北京也有很多做的不错的品牌，以曲美和标致最有代表性。其他向东北、四川、河北、山东都有些品牌家具，但占的比重比较小了。</p><p style=\"box-sizing: border-box; margin-top: 1.6rem; margin-bottom: 1.6rem; color: rgb(51, 51, 51); font-family: &quot;Segoe UI&quot;, &quot;Lucida Grande&quot;, Helvetica, Arial, &quot;Microsoft YaHei&quot;, FreeSans, Arimo, &quot;Droid Sans&quot;, &quot;wenquanyi micro hei&quot;, &quot;Hiragino Sans GB&quot;, &quot;Hiragino Sans GB W3&quot;, FontAwesome, sans-serif; text-indent: 24px; white-space: normal;\">6、怎样区分产品的档次呢？ 其实主要看价格，卧房、沙发、床都可以从价格上分出中高低档。例如套房（5件）从一两千元到几万元不等，那么我们把价位在4000元以下的定为中低档产品，价位4000元—8000元定位中档产品，价位8000元至20000元定位中高档产品，2万元以上的定位高档产品。但也不是一成不变的，其实并没有一个具体的标准来准确的划分，只是我们对产品熟悉了，自然会给产品进行定位。再例如沙发的档次定位，2000元以下的为中低档，2000—5000属中档，5000—10000属中高档，10000元以上的为高档。床在1000元以下的为中低档，1000—4000元为中档，4000至10000为中高档，1万以上为高档。</p><p><br/></p>','卡号的，沙发上，第三发','2017-09-06 00:00:00','63',4,'1、按家具从风格上可以分为： 现代家具、欧式古典家具、美式家具、中式古典家具（也就是红木家具），还有近两年比较流行的新古典系列家具等等。2、按所用材料将家具分为： 实木家具、板式家具、软体家具、藤编家具...'),(37,'<p style=\"box-sizing: border-box; margin-top: 0px; margin-bottom: 1.6rem; color: rgb(51, 51, 51); font-family: &quot;Segoe UI&quot;, &quot;Lucida Grande&quot;, Helvetica, Arial, &quot;Microsoft YaHei&quot;, FreeSans, Arimo, &quot;Droid Sans&quot;, &quot;wenquanyi micro hei&quot;, &quot;Hiragino Sans GB&quot;, &quot;Hiragino Sans GB W3&quot;, FontAwesome, sans-serif; text-indent: 24px; white-space: normal;\">1、按家具从风格上可以分为： 现代家具、欧式古典家具、美式家具、中式古典家具（也就是红木家具），还有近两年比较流行的新古典系列家具等等。</p><p style=\"box-sizing: border-box; margin-top: 1.6rem; margin-bottom: 1.6rem; color: rgb(51, 51, 51); font-family: &quot;Segoe UI&quot;, &quot;Lucida Grande&quot;, Helvetica, Arial, &quot;Microsoft YaHei&quot;, FreeSans, Arimo, &quot;Droid Sans&quot;, &quot;wenquanyi micro hei&quot;, &quot;Hiragino Sans GB&quot;, &quot;Hiragino Sans GB W3&quot;, FontAwesome, sans-serif; text-indent: 24px; white-space: normal;\">2、按所用材料将家具分为： 实木家具、板式家具、软体家具、藤编家具、竹编家具、钢木家具和其他人造材材料制成的家具（例如玻璃家具、大理石家具等）。</p><p style=\"box-sizing: border-box; margin-top: 1.6rem; margin-bottom: 1.6rem; color: rgb(51, 51, 51); font-family: &quot;Segoe UI&quot;, &quot;Lucida Grande&quot;, Helvetica, Arial, &quot;Microsoft YaHei&quot;, FreeSans, Arimo, &quot;Droid Sans&quot;, &quot;wenquanyi micro hei&quot;, &quot;Hiragino Sans GB&quot;, &quot;Hiragino Sans GB W3&quot;, FontAwesome, sans-serif; text-indent: 24px; white-space: normal;\">3、按功能可按家具分为： 客厅家具、卧室家具、书房家具、厨房家具（设备）和辅助家具等几类。</p><p style=\"box-sizing: border-box; margin-top: 1.6rem; margin-bottom: 1.6rem; color: rgb(51, 51, 51); font-family: &quot;Segoe UI&quot;, &quot;Lucida Grande&quot;, Helvetica, Arial, &quot;Microsoft YaHei&quot;, FreeSans, Arimo, &quot;Droid Sans&quot;, &quot;wenquanyi micro hei&quot;, &quot;Hiragino Sans GB&quot;, &quot;Hiragino Sans GB W3&quot;, FontAwesome, sans-serif; text-indent: 24px; white-space: normal;\">4、按家具产品的档次分类可分为： 高档、中高档、中档、中低档、低档。</p><p style=\"box-sizing: border-box; margin-top: 1.6rem; margin-bottom: 1.6rem; color: rgb(51, 51, 51); font-family: &quot;Segoe UI&quot;, &quot;Lucida Grande&quot;, Helvetica, Arial, &quot;Microsoft YaHei&quot;, FreeSans, Arimo, &quot;Droid Sans&quot;, &quot;wenquanyi micro hei&quot;, &quot;Hiragino Sans GB&quot;, &quot;Hiragino Sans GB W3&quot;, FontAwesome, sans-serif; text-indent: 24px; white-space: normal;\">5、产品的产地划分： 可分为进口家具和国产家具，也就是国际品牌和国内品牌，国际品牌在上海比较多，在北京的集中在中粮广场，向北欧风情、达.芬奇、芙莱莎、富克拉等等。但有些国际品牌也是在国内生产的，向英国品牌芝华仕沙发就是生产于深圳。目前在国内家具最大的生产基地应是广东了，国内较为知名的品牌家具多数产于深圳、东莞、广州、中山、顺德，每年3月和8月国内最大的家具展会就在这里召开，届时，国内许多的家具厂商和经销商都会云集在广东。但近几年浙江的家具也在迅速崛起，象大风范、国森、雄族等品牌也占据了一大部分市场。还有北京也有很多做的不错的品牌，以曲美和标致最有代表性。其他向东北、四川、河北、山东都有些品牌家具，但占的比重比较小了。</p><p style=\"box-sizing: border-box; margin-top: 1.6rem; margin-bottom: 1.6rem; color: rgb(51, 51, 51); font-family: &quot;Segoe UI&quot;, &quot;Lucida Grande&quot;, Helvetica, Arial, &quot;Microsoft YaHei&quot;, FreeSans, Arimo, &quot;Droid Sans&quot;, &quot;wenquanyi micro hei&quot;, &quot;Hiragino Sans GB&quot;, &quot;Hiragino Sans GB W3&quot;, FontAwesome, sans-serif; text-indent: 24px; white-space: normal;\">6、怎样区分产品的档次呢？ 其实主要看价格，卧房、沙发、床都可以从价格上分出中高低档。例如套房（5件）从一两千元到几万元不等，那么我们把价位在4000元以下的定为中低档产品，价位4000元—8000元定位中档产品，价位8000元至20000元定位中高档产品，2万元以上的定位高档产品。但也不是一成不变的，其实并没有一个具体的标准来准确的划分，只是我们对产品熟悉了，自然会给产品进行定位。再例如沙发的档次定位，2000元以下的为中低档，2000—5000属中档，5000—10000属中高档，10000元以上的为高档。床在1000元以下的为中低档，1000—4000元为中档，4000至10000为中高档，1万以上为高档。</p><p><br/></p>','卡号的，沙发上，第三发','2017-09-07 00:00:00','70',1,'1、按家具从风格上可以分为： 现代家具、欧式古典家具、美式家具、中式古典家具（也就是红木家具），还有近两年比较流行的新古典系列家具等等。2、按所用材料将家具分为： 实木家具、板式家具、软体家具、藤编家具...'),(38,'<p style=\"box-sizing: border-box; margin-top: 0px; margin-bottom: 1.6rem; color: rgb(51, 51, 51); font-family: &quot;Segoe UI&quot;, &quot;Lucida Grande&quot;, Helvetica, Arial, &quot;Microsoft YaHei&quot;, FreeSans, Arimo, &quot;Droid Sans&quot;, &quot;wenquanyi micro hei&quot;, &quot;Hiragino Sans GB&quot;, &quot;Hiragino Sans GB W3&quot;, FontAwesome, sans-serif; text-indent: 24px; white-space: normal;\">1、按家具从风格上可以分为： 现代家具、欧式古典家具、美式家具、中式古典家具（也就是红木家具），还有近两年比较流行的新古典系列家具等等。</p><p style=\"box-sizing: border-box; margin-top: 1.6rem; margin-bottom: 1.6rem; color: rgb(51, 51, 51); font-family: &quot;Segoe UI&quot;, &quot;Lucida Grande&quot;, Helvetica, Arial, &quot;Microsoft YaHei&quot;, FreeSans, Arimo, &quot;Droid Sans&quot;, &quot;wenquanyi micro hei&quot;, &quot;Hiragino Sans GB&quot;, &quot;Hiragino Sans GB W3&quot;, FontAwesome, sans-serif; text-indent: 24px; white-space: normal;\">2、按所用材料将家具分为： 实木家具、板式家具、软体家具、藤编家具、竹编家具、钢木家具和其他人造材材料制成的家具（例如玻璃家具、大理石家具等）。</p><p style=\"box-sizing: border-box; margin-top: 1.6rem; margin-bottom: 1.6rem; color: rgb(51, 51, 51); font-family: &quot;Segoe UI&quot;, &quot;Lucida Grande&quot;, Helvetica, Arial, &quot;Microsoft YaHei&quot;, FreeSans, Arimo, &quot;Droid Sans&quot;, &quot;wenquanyi micro hei&quot;, &quot;Hiragino Sans GB&quot;, &quot;Hiragino Sans GB W3&quot;, FontAwesome, sans-serif; text-indent: 24px; white-space: normal;\">3、按功能可按家具分为： 客厅家具、卧室家具、书房家具、厨房家具（设备）和辅助家具等几类。</p><p style=\"box-sizing: border-box; margin-top: 1.6rem; margin-bottom: 1.6rem; color: rgb(51, 51, 51); font-family: &quot;Segoe UI&quot;, &quot;Lucida Grande&quot;, Helvetica, Arial, &quot;Microsoft YaHei&quot;, FreeSans, Arimo, &quot;Droid Sans&quot;, &quot;wenquanyi micro hei&quot;, &quot;Hiragino Sans GB&quot;, &quot;Hiragino Sans GB W3&quot;, FontAwesome, sans-serif; text-indent: 24px; white-space: normal;\">4、按家具产品的档次分类可分为： 高档、中高档、中档、中低档、低档。</p><p style=\"box-sizing: border-box; margin-top: 1.6rem; margin-bottom: 1.6rem; color: rgb(51, 51, 51); font-family: &quot;Segoe UI&quot;, &quot;Lucida Grande&quot;, Helvetica, Arial, &quot;Microsoft YaHei&quot;, FreeSans, Arimo, &quot;Droid Sans&quot;, &quot;wenquanyi micro hei&quot;, &quot;Hiragino Sans GB&quot;, &quot;Hiragino Sans GB W3&quot;, FontAwesome, sans-serif; text-indent: 24px; white-space: normal;\">5、产品的产地划分： 可分为进口家具和国产家具，也就是国际品牌和国内品牌，国际品牌在上海比较多，在北京的集中在中粮广场，向北欧风情、达.芬奇、芙莱莎、富克拉等等。但有些国际品牌也是在国内生产的，向英国品牌芝华仕沙发就是生产于深圳。目前在国内家具最大的生产基地应是广东了，国内较为知名的品牌家具多数产于深圳、东莞、广州、中山、顺德，每年3月和8月国内最大的家具展会就在这里召开，届时，国内许多的家具厂商和经销商都会云集在广东。但近几年浙江的家具也在迅速崛起，象大风范、国森、雄族等品牌也占据了一大部分市场。还有北京也有很多做的不错的品牌，以曲美和标致最有代表性。其他向东北、四川、河北、山东都有些品牌家具，但占的比重比较小了。</p><p style=\"box-sizing: border-box; margin-top: 1.6rem; margin-bottom: 1.6rem; color: rgb(51, 51, 51); font-family: &quot;Segoe UI&quot;, &quot;Lucida Grande&quot;, Helvetica, Arial, &quot;Microsoft YaHei&quot;, FreeSans, Arimo, &quot;Droid Sans&quot;, &quot;wenquanyi micro hei&quot;, &quot;Hiragino Sans GB&quot;, &quot;Hiragino Sans GB W3&quot;, FontAwesome, sans-serif; text-indent: 24px; white-space: normal;\">6、怎样区分产品的档次呢？ 其实主要看价格，卧房、沙发、床都可以从价格上分出中高低档。例如套房（5件）从一两千元到几万元不等，那么我们把价位在4000元以下的定为中低档产品，价位4000元—8000元定位中档产品，价位8000元至20000元定位中高档产品，2万元以上的定位高档产品。但也不是一成不变的，其实并没有一个具体的标准来准确的划分，只是我们对产品熟悉了，自然会给产品进行定位。再例如沙发的档次定位，2000元以下的为中低档，2000—5000属中档，5000—10000属中高档，10000元以上的为高档。床在1000元以下的为中低档，1000—4000元为中档，4000至10000为中高档，1万以上为高档。</p><p><br/></p>','卡号的，沙发上，第三发','2017-09-08 00:00:00','84',5,'1、按家具从风格上可以分为： 现代家具、欧式古典家具、美式家具、中式古典家具（也就是红木家具），还有近两年比较流行的新古典系列家具等等。2、按所用材料将家具分为： 实木家具、板式家具、软体家具、藤编家具...'),(39,'<p style=\"box-sizing: border-box; margin-top: 0px; margin-bottom: 1.6rem; color: rgb(51, 51, 51); font-family: &quot;Segoe UI&quot;, &quot;Lucida Grande&quot;, Helvetica, Arial, &quot;Microsoft YaHei&quot;, FreeSans, Arimo, &quot;Droid Sans&quot;, &quot;wenquanyi micro hei&quot;, &quot;Hiragino Sans GB&quot;, &quot;Hiragino Sans GB W3&quot;, FontAwesome, sans-serif; text-indent: 24px; white-space: normal;\">1、按家具从风格上可以分为： 现代家具、欧式古典家具、美式家具、中式古典家具（也就是红木家具），还有近两年比较流行的新古典系列家具等等。</p><p style=\"box-sizing: border-box; margin-top: 1.6rem; margin-bottom: 1.6rem; color: rgb(51, 51, 51); font-family: &quot;Segoe UI&quot;, &quot;Lucida Grande&quot;, Helvetica, Arial, &quot;Microsoft YaHei&quot;, FreeSans, Arimo, &quot;Droid Sans&quot;, &quot;wenquanyi micro hei&quot;, &quot;Hiragino Sans GB&quot;, &quot;Hiragino Sans GB W3&quot;, FontAwesome, sans-serif; text-indent: 24px; white-space: normal;\">2、按所用材料将家具分为： 实木家具、板式家具、软体家具、藤编家具、竹编家具、钢木家具和其他人造材材料制成的家具（例如玻璃家具、大理石家具等）。</p><p style=\"box-sizing: border-box; margin-top: 1.6rem; margin-bottom: 1.6rem; color: rgb(51, 51, 51); font-family: &quot;Segoe UI&quot;, &quot;Lucida Grande&quot;, Helvetica, Arial, &quot;Microsoft YaHei&quot;, FreeSans, Arimo, &quot;Droid Sans&quot;, &quot;wenquanyi micro hei&quot;, &quot;Hiragino Sans GB&quot;, &quot;Hiragino Sans GB W3&quot;, FontAwesome, sans-serif; text-indent: 24px; white-space: normal;\">3、按功能可按家具分为： 客厅家具、卧室家具、书房家具、厨房家具（设备）和辅助家具等几类。</p><p style=\"box-sizing: border-box; margin-top: 1.6rem; margin-bottom: 1.6rem; color: rgb(51, 51, 51); font-family: &quot;Segoe UI&quot;, &quot;Lucida Grande&quot;, Helvetica, Arial, &quot;Microsoft YaHei&quot;, FreeSans, Arimo, &quot;Droid Sans&quot;, &quot;wenquanyi micro hei&quot;, &quot;Hiragino Sans GB&quot;, &quot;Hiragino Sans GB W3&quot;, FontAwesome, sans-serif; text-indent: 24px; white-space: normal;\">4、按家具产品的档次分类可分为： 高档、中高档、中档、中低档、低档。</p><p style=\"box-sizing: border-box; margin-top: 1.6rem; margin-bottom: 1.6rem; color: rgb(51, 51, 51); font-family: &quot;Segoe UI&quot;, &quot;Lucida Grande&quot;, Helvetica, Arial, &quot;Microsoft YaHei&quot;, FreeSans, Arimo, &quot;Droid Sans&quot;, &quot;wenquanyi micro hei&quot;, &quot;Hiragino Sans GB&quot;, &quot;Hiragino Sans GB W3&quot;, FontAwesome, sans-serif; text-indent: 24px; white-space: normal;\">5、产品的产地划分： 可分为进口家具和国产家具，也就是国际品牌和国内品牌，国际品牌在上海比较多，在北京的集中在中粮广场，向北欧风情、达.芬奇、芙莱莎、富克拉等等。但有些国际品牌也是在国内生产的，向英国品牌芝华仕沙发就是生产于深圳。目前在国内家具最大的生产基地应是广东了，国内较为知名的品牌家具多数产于深圳、东莞、广州、中山、顺德，每年3月和8月国内最大的家具展会就在这里召开，届时，国内许多的家具厂商和经销商都会云集在广东。但近几年浙江的家具也在迅速崛起，象大风范、国森、雄族等品牌也占据了一大部分市场。还有北京也有很多做的不错的品牌，以曲美和标致最有代表性。其他向东北、四川、河北、山东都有些品牌家具，但占的比重比较小了。</p><p style=\"box-sizing: border-box; margin-top: 1.6rem; margin-bottom: 1.6rem; color: rgb(51, 51, 51); font-family: &quot;Segoe UI&quot;, &quot;Lucida Grande&quot;, Helvetica, Arial, &quot;Microsoft YaHei&quot;, FreeSans, Arimo, &quot;Droid Sans&quot;, &quot;wenquanyi micro hei&quot;, &quot;Hiragino Sans GB&quot;, &quot;Hiragino Sans GB W3&quot;, FontAwesome, sans-serif; text-indent: 24px; white-space: normal;\">6、怎样区分产品的档次呢？ 其实主要看价格，卧房、沙发、床都可以从价格上分出中高低档。例如套房（5件）从一两千元到几万元不等，那么我们把价位在4000元以下的定为中低档产品，价位4000元—8000元定位中档产品，价位8000元至20000元定位中高档产品，2万元以上的定位高档产品。但也不是一成不变的，其实并没有一个具体的标准来准确的划分，只是我们对产品熟悉了，自然会给产品进行定位。再例如沙发的档次定位，2000元以下的为中低档，2000—5000属中档，5000—10000属中高档，10000元以上的为高档。床在1000元以下的为中低档，1000—4000元为中档，4000至10000为中高档，1万以上为高档。</p><p><br/></p>','卡号的，沙发上，第三发','2017-09-09 00:00:00','90',1,'1、按家具从风格上可以分为： 现代家具、欧式古典家具、美式家具、中式古典家具（也就是红木家具），还有近两年比较流行的新古典系列家具等等。2、按所用材料将家具分为： 实木家具、板式家具、软体家具、藤编家具...'),(40,'<p style=\"box-sizing: border-box; margin-top: 0px; margin-bottom: 1.6rem; color: rgb(51, 51, 51); font-family: &quot;Segoe UI&quot;, &quot;Lucida Grande&quot;, Helvetica, Arial, &quot;Microsoft YaHei&quot;, FreeSans, Arimo, &quot;Droid Sans&quot;, &quot;wenquanyi micro hei&quot;, &quot;Hiragino Sans GB&quot;, &quot;Hiragino Sans GB W3&quot;, FontAwesome, sans-serif; text-indent: 24px; white-space: normal;\">1、按家具从风格上可以分为： 现代家具、欧式古典家具、美式家具、中式古典家具（也就是红木家具），还有近两年比较流行的新古典系列家具等等。</p><p style=\"box-sizing: border-box; margin-top: 1.6rem; margin-bottom: 1.6rem; color: rgb(51, 51, 51); font-family: &quot;Segoe UI&quot;, &quot;Lucida Grande&quot;, Helvetica, Arial, &quot;Microsoft YaHei&quot;, FreeSans, Arimo, &quot;Droid Sans&quot;, &quot;wenquanyi micro hei&quot;, &quot;Hiragino Sans GB&quot;, &quot;Hiragino Sans GB W3&quot;, FontAwesome, sans-serif; text-indent: 24px; white-space: normal;\">2、按所用材料将家具分为： 实木家具、板式家具、软体家具、藤编家具、竹编家具、钢木家具和其他人造材材料制成的家具（例如玻璃家具、大理石家具等）。</p><p style=\"box-sizing: border-box; margin-top: 1.6rem; margin-bottom: 1.6rem; color: rgb(51, 51, 51); font-family: &quot;Segoe UI&quot;, &quot;Lucida Grande&quot;, Helvetica, Arial, &quot;Microsoft YaHei&quot;, FreeSans, Arimo, &quot;Droid Sans&quot;, &quot;wenquanyi micro hei&quot;, &quot;Hiragino Sans GB&quot;, &quot;Hiragino Sans GB W3&quot;, FontAwesome, sans-serif; text-indent: 24px; white-space: normal;\">3、按功能可按家具分为： 客厅家具、卧室家具、书房家具、厨房家具（设备）和辅助家具等几类。</p><p style=\"box-sizing: border-box; margin-top: 1.6rem; margin-bottom: 1.6rem; color: rgb(51, 51, 51); font-family: &quot;Segoe UI&quot;, &quot;Lucida Grande&quot;, Helvetica, Arial, &quot;Microsoft YaHei&quot;, FreeSans, Arimo, &quot;Droid Sans&quot;, &quot;wenquanyi micro hei&quot;, &quot;Hiragino Sans GB&quot;, &quot;Hiragino Sans GB W3&quot;, FontAwesome, sans-serif; text-indent: 24px; white-space: normal;\">4、按家具产品的档次分类可分为： 高档、中高档、中档、中低档、低档。</p><p style=\"box-sizing: border-box; margin-top: 1.6rem; margin-bottom: 1.6rem; color: rgb(51, 51, 51); font-family: &quot;Segoe UI&quot;, &quot;Lucida Grande&quot;, Helvetica, Arial, &quot;Microsoft YaHei&quot;, FreeSans, Arimo, &quot;Droid Sans&quot;, &quot;wenquanyi micro hei&quot;, &quot;Hiragino Sans GB&quot;, &quot;Hiragino Sans GB W3&quot;, FontAwesome, sans-serif; text-indent: 24px; white-space: normal;\">5、产品的产地划分： 可分为进口家具和国产家具，也就是国际品牌和国内品牌，国际品牌在上海比较多，在北京的集中在中粮广场，向北欧风情、达.芬奇、芙莱莎、富克拉等等。但有些国际品牌也是在国内生产的，向英国品牌芝华仕沙发就是生产于深圳。目前在国内家具最大的生产基地应是广东了，国内较为知名的品牌家具多数产于深圳、东莞、广州、中山、顺德，每年3月和8月国内最大的家具展会就在这里召开，届时，国内许多的家具厂商和经销商都会云集在广东。但近几年浙江的家具也在迅速崛起，象大风范、国森、雄族等品牌也占据了一大部分市场。还有北京也有很多做的不错的品牌，以曲美和标致最有代表性。其他向东北、四川、河北、山东都有些品牌家具，但占的比重比较小了。</p><p style=\"box-sizing: border-box; margin-top: 1.6rem; margin-bottom: 1.6rem; color: rgb(51, 51, 51); font-family: &quot;Segoe UI&quot;, &quot;Lucida Grande&quot;, Helvetica, Arial, &quot;Microsoft YaHei&quot;, FreeSans, Arimo, &quot;Droid Sans&quot;, &quot;wenquanyi micro hei&quot;, &quot;Hiragino Sans GB&quot;, &quot;Hiragino Sans GB W3&quot;, FontAwesome, sans-serif; text-indent: 24px; white-space: normal;\">6、怎样区分产品的档次呢？ 其实主要看价格，卧房、沙发、床都可以从价格上分出中高低档。例如套房（5件）从一两千元到几万元不等，那么我们把价位在4000元以下的定为中低档产品，价位4000元—8000元定位中档产品，价位8000元至20000元定位中高档产品，2万元以上的定位高档产品。但也不是一成不变的，其实并没有一个具体的标准来准确的划分，只是我们对产品熟悉了，自然会给产品进行定位。再例如沙发的档次定位，2000元以下的为中低档，2000—5000属中档，5000—10000属中高档，10000元以上的为高档。床在1000元以下的为中低档，1000—4000元为中档，4000至10000为中高档，1万以上为高档。</p><p><br/></p>','卡号的，沙发上，第三发','2017-09-10 00:00:00','103',4,'1、按家具从风格上可以分为： 现代家具、欧式古典家具、美式家具、中式古典家具（也就是红木家具），还有近两年比较流行的新古典系列家具等等。2、按所用材料将家具分为： 实木家具、板式家具、软体家具、藤编家具...'),(41,'<p style=\"box-sizing: border-box; margin-top: 0px; margin-bottom: 1.6rem; color: rgb(51, 51, 51); font-family: &quot;Segoe UI&quot;, &quot;Lucida Grande&quot;, Helvetica, Arial, &quot;Microsoft YaHei&quot;, FreeSans, Arimo, &quot;Droid Sans&quot;, &quot;wenquanyi micro hei&quot;, &quot;Hiragino Sans GB&quot;, &quot;Hiragino Sans GB W3&quot;, FontAwesome, sans-serif; text-indent: 24px; white-space: normal;\">1、按家具从风格上可以分为： 现代家具、欧式古典家具、美式家具、中式古典家具（也就是红木家具），还有近两年比较流行的新古典系列家具等等。</p><p style=\"box-sizing: border-box; margin-top: 1.6rem; margin-bottom: 1.6rem; color: rgb(51, 51, 51); font-family: &quot;Segoe UI&quot;, &quot;Lucida Grande&quot;, Helvetica, Arial, &quot;Microsoft YaHei&quot;, FreeSans, Arimo, &quot;Droid Sans&quot;, &quot;wenquanyi micro hei&quot;, &quot;Hiragino Sans GB&quot;, &quot;Hiragino Sans GB W3&quot;, FontAwesome, sans-serif; text-indent: 24px; white-space: normal;\">2、按所用材料将家具分为： 实木家具、板式家具、软体家具、藤编家具、竹编家具、钢木家具和其他人造材材料制成的家具（例如玻璃家具、大理石家具等）。</p><p style=\"box-sizing: border-box; margin-top: 1.6rem; margin-bottom: 1.6rem; color: rgb(51, 51, 51); font-family: &quot;Segoe UI&quot;, &quot;Lucida Grande&quot;, Helvetica, Arial, &quot;Microsoft YaHei&quot;, FreeSans, Arimo, &quot;Droid Sans&quot;, &quot;wenquanyi micro hei&quot;, &quot;Hiragino Sans GB&quot;, &quot;Hiragino Sans GB W3&quot;, FontAwesome, sans-serif; text-indent: 24px; white-space: normal;\">3、按功能可按家具分为： 客厅家具、卧室家具、书房家具、厨房家具（设备）和辅助家具等几类。</p><p style=\"box-sizing: border-box; margin-top: 1.6rem; margin-bottom: 1.6rem; color: rgb(51, 51, 51); font-family: &quot;Segoe UI&quot;, &quot;Lucida Grande&quot;, Helvetica, Arial, &quot;Microsoft YaHei&quot;, FreeSans, Arimo, &quot;Droid Sans&quot;, &quot;wenquanyi micro hei&quot;, &quot;Hiragino Sans GB&quot;, &quot;Hiragino Sans GB W3&quot;, FontAwesome, sans-serif; text-indent: 24px; white-space: normal;\">4、按家具产品的档次分类可分为： 高档、中高档、中档、中低档、低档。</p><p style=\"box-sizing: border-box; margin-top: 1.6rem; margin-bottom: 1.6rem; color: rgb(51, 51, 51); font-family: &quot;Segoe UI&quot;, &quot;Lucida Grande&quot;, Helvetica, Arial, &quot;Microsoft YaHei&quot;, FreeSans, Arimo, &quot;Droid Sans&quot;, &quot;wenquanyi micro hei&quot;, &quot;Hiragino Sans GB&quot;, &quot;Hiragino Sans GB W3&quot;, FontAwesome, sans-serif; text-indent: 24px; white-space: normal;\">5、产品的产地划分： 可分为进口家具和国产家具，也就是国际品牌和国内品牌，国际品牌在上海比较多，在北京的集中在中粮广场，向北欧风情、达.芬奇、芙莱莎、富克拉等等。但有些国际品牌也是在国内生产的，向英国品牌芝华仕沙发就是生产于深圳。目前在国内家具最大的生产基地应是广东了，国内较为知名的品牌家具多数产于深圳、东莞、广州、中山、顺德，每年3月和8月国内最大的家具展会就在这里召开，届时，国内许多的家具厂商和经销商都会云集在广东。但近几年浙江的家具也在迅速崛起，象大风范、国森、雄族等品牌也占据了一大部分市场。还有北京也有很多做的不错的品牌，以曲美和标致最有代表性。其他向东北、四川、河北、山东都有些品牌家具，但占的比重比较小了。</p><p style=\"box-sizing: border-box; margin-top: 1.6rem; margin-bottom: 1.6rem; color: rgb(51, 51, 51); font-family: &quot;Segoe UI&quot;, &quot;Lucida Grande&quot;, Helvetica, Arial, &quot;Microsoft YaHei&quot;, FreeSans, Arimo, &quot;Droid Sans&quot;, &quot;wenquanyi micro hei&quot;, &quot;Hiragino Sans GB&quot;, &quot;Hiragino Sans GB W3&quot;, FontAwesome, sans-serif; text-indent: 24px; white-space: normal;\">6、怎样区分产品的档次呢？ 其实主要看价格，卧房、沙发、床都可以从价格上分出中高低档。例如套房（5件）从一两千元到几万元不等，那么我们把价位在4000元以下的定为中低档产品，价位4000元—8000元定位中档产品，价位8000元至20000元定位中高档产品，2万元以上的定位高档产品。但也不是一成不变的，其实并没有一个具体的标准来准确的划分，只是我们对产品熟悉了，自然会给产品进行定位。再例如沙发的档次定位，2000元以下的为中低档，2000—5000属中档，5000—10000属中高档，10000元以上的为高档。床在1000元以下的为中低档，1000—4000元为中档，4000至10000为中高档，1万以上为高档。</p><p><br/></p>','卡号的，沙发上，第三发','2017-09-11 00:00:00','113',4,'1、按家具从风格上可以分为： 现代家具、欧式古典家具、美式家具、中式古典家具（也就是红木家具），还有近两年比较流行的新古典系列家具等等。2、按所用材料将家具分为： 实木家具、板式家具、软体家具、藤编家具...'),(42,'<p style=\"box-sizing: border-box; margin-top: 0px; margin-bottom: 1.6rem; color: rgb(51, 51, 51); font-family: &quot;Segoe UI&quot;, &quot;Lucida Grande&quot;, Helvetica, Arial, &quot;Microsoft YaHei&quot;, FreeSans, Arimo, &quot;Droid Sans&quot;, &quot;wenquanyi micro hei&quot;, &quot;Hiragino Sans GB&quot;, &quot;Hiragino Sans GB W3&quot;, FontAwesome, sans-serif; text-indent: 24px; white-space: normal;\">1、按家具从风格上可以分为： 现代家具、欧式古典家具、美式家具、中式古典家具（也就是红木家具），还有近两年比较流行的新古典系列家具等等。</p><p style=\"box-sizing: border-box; margin-top: 1.6rem; margin-bottom: 1.6rem; color: rgb(51, 51, 51); font-family: &quot;Segoe UI&quot;, &quot;Lucida Grande&quot;, Helvetica, Arial, &quot;Microsoft YaHei&quot;, FreeSans, Arimo, &quot;Droid Sans&quot;, &quot;wenquanyi micro hei&quot;, &quot;Hiragino Sans GB&quot;, &quot;Hiragino Sans GB W3&quot;, FontAwesome, sans-serif; text-indent: 24px; white-space: normal;\">2、按所用材料将家具分为： 实木家具、板式家具、软体家具、藤编家具、竹编家具、钢木家具和其他人造材材料制成的家具（例如玻璃家具、大理石家具等）。</p><p style=\"box-sizing: border-box; margin-top: 1.6rem; margin-bottom: 1.6rem; color: rgb(51, 51, 51); font-family: &quot;Segoe UI&quot;, &quot;Lucida Grande&quot;, Helvetica, Arial, &quot;Microsoft YaHei&quot;, FreeSans, Arimo, &quot;Droid Sans&quot;, &quot;wenquanyi micro hei&quot;, &quot;Hiragino Sans GB&quot;, &quot;Hiragino Sans GB W3&quot;, FontAwesome, sans-serif; text-indent: 24px; white-space: normal;\">3、按功能可按家具分为： 客厅家具、卧室家具、书房家具、厨房家具（设备）和辅助家具等几类。</p><p style=\"box-sizing: border-box; margin-top: 1.6rem; margin-bottom: 1.6rem; color: rgb(51, 51, 51); font-family: &quot;Segoe UI&quot;, &quot;Lucida Grande&quot;, Helvetica, Arial, &quot;Microsoft YaHei&quot;, FreeSans, Arimo, &quot;Droid Sans&quot;, &quot;wenquanyi micro hei&quot;, &quot;Hiragino Sans GB&quot;, &quot;Hiragino Sans GB W3&quot;, FontAwesome, sans-serif; text-indent: 24px; white-space: normal;\">4、按家具产品的档次分类可分为： 高档、中高档、中档、中低档、低档。</p><p style=\"box-sizing: border-box; margin-top: 1.6rem; margin-bottom: 1.6rem; color: rgb(51, 51, 51); font-family: &quot;Segoe UI&quot;, &quot;Lucida Grande&quot;, Helvetica, Arial, &quot;Microsoft YaHei&quot;, FreeSans, Arimo, &quot;Droid Sans&quot;, &quot;wenquanyi micro hei&quot;, &quot;Hiragino Sans GB&quot;, &quot;Hiragino Sans GB W3&quot;, FontAwesome, sans-serif; text-indent: 24px; white-space: normal;\">5、产品的产地划分： 可分为进口家具和国产家具，也就是国际品牌和国内品牌，国际品牌在上海比较多，在北京的集中在中粮广场，向北欧风情、达.芬奇、芙莱莎、富克拉等等。但有些国际品牌也是在国内生产的，向英国品牌芝华仕沙发就是生产于深圳。目前在国内家具最大的生产基地应是广东了，国内较为知名的品牌家具多数产于深圳、东莞、广州、中山、顺德，每年3月和8月国内最大的家具展会就在这里召开，届时，国内许多的家具厂商和经销商都会云集在广东。但近几年浙江的家具也在迅速崛起，象大风范、国森、雄族等品牌也占据了一大部分市场。还有北京也有很多做的不错的品牌，以曲美和标致最有代表性。其他向东北、四川、河北、山东都有些品牌家具，但占的比重比较小了。</p><p style=\"box-sizing: border-box; margin-top: 1.6rem; margin-bottom: 1.6rem; color: rgb(51, 51, 51); font-family: &quot;Segoe UI&quot;, &quot;Lucida Grande&quot;, Helvetica, Arial, &quot;Microsoft YaHei&quot;, FreeSans, Arimo, &quot;Droid Sans&quot;, &quot;wenquanyi micro hei&quot;, &quot;Hiragino Sans GB&quot;, &quot;Hiragino Sans GB W3&quot;, FontAwesome, sans-serif; text-indent: 24px; white-space: normal;\">6、怎样区分产品的档次呢？ 其实主要看价格，卧房、沙发、床都可以从价格上分出中高低档。例如套房（5件）从一两千元到几万元不等，那么我们把价位在4000元以下的定为中低档产品，价位4000元—8000元定位中档产品，价位8000元至20000元定位中高档产品，2万元以上的定位高档产品。但也不是一成不变的，其实并没有一个具体的标准来准确的划分，只是我们对产品熟悉了，自然会给产品进行定位。再例如沙发的档次定位，2000元以下的为中低档，2000—5000属中档，5000—10000属中高档，10000元以上的为高档。床在1000元以下的为中低档，1000—4000元为中档，4000至10000为中高档，1万以上为高档。</p><p><br/></p>','卡号的，沙发上，第三发','2017-09-12 00:00:00','120',1,'1、按家具从风格上可以分为： 现代家具、欧式古典家具、美式家具、中式古典家具（也就是红木家具），还有近两年比较流行的新古典系列家具等等。2、按所用材料将家具分为： 实木家具、板式家具、软体家具、藤编家具...'),(43,'<p style=\"box-sizing: border-box; margin-top: 0px; margin-bottom: 1.6rem; color: rgb(51, 51, 51); font-family: &quot;Segoe UI&quot;, &quot;Lucida Grande&quot;, Helvetica, Arial, &quot;Microsoft YaHei&quot;, FreeSans, Arimo, &quot;Droid Sans&quot;, &quot;wenquanyi micro hei&quot;, &quot;Hiragino Sans GB&quot;, &quot;Hiragino Sans GB W3&quot;, FontAwesome, sans-serif; text-indent: 24px; white-space: normal;\">1、按家具从风格上可以分为： 现代家具、欧式古典家具、美式家具、中式古典家具（也就是红木家具），还有近两年比较流行的新古典系列家具等等。</p><p style=\"box-sizing: border-box; margin-top: 1.6rem; margin-bottom: 1.6rem; color: rgb(51, 51, 51); font-family: &quot;Segoe UI&quot;, &quot;Lucida Grande&quot;, Helvetica, Arial, &quot;Microsoft YaHei&quot;, FreeSans, Arimo, &quot;Droid Sans&quot;, &quot;wenquanyi micro hei&quot;, &quot;Hiragino Sans GB&quot;, &quot;Hiragino Sans GB W3&quot;, FontAwesome, sans-serif; text-indent: 24px; white-space: normal;\">2、按所用材料将家具分为： 实木家具、板式家具、软体家具、藤编家具、竹编家具、钢木家具和其他人造材材料制成的家具（例如玻璃家具、大理石家具等）。</p><p style=\"box-sizing: border-box; margin-top: 1.6rem; margin-bottom: 1.6rem; color: rgb(51, 51, 51); font-family: &quot;Segoe UI&quot;, &quot;Lucida Grande&quot;, Helvetica, Arial, &quot;Microsoft YaHei&quot;, FreeSans, Arimo, &quot;Droid Sans&quot;, &quot;wenquanyi micro hei&quot;, &quot;Hiragino Sans GB&quot;, &quot;Hiragino Sans GB W3&quot;, FontAwesome, sans-serif; text-indent: 24px; white-space: normal;\">3、按功能可按家具分为： 客厅家具、卧室家具、书房家具、厨房家具（设备）和辅助家具等几类。</p><p style=\"box-sizing: border-box; margin-top: 1.6rem; margin-bottom: 1.6rem; color: rgb(51, 51, 51); font-family: &quot;Segoe UI&quot;, &quot;Lucida Grande&quot;, Helvetica, Arial, &quot;Microsoft YaHei&quot;, FreeSans, Arimo, &quot;Droid Sans&quot;, &quot;wenquanyi micro hei&quot;, &quot;Hiragino Sans GB&quot;, &quot;Hiragino Sans GB W3&quot;, FontAwesome, sans-serif; text-indent: 24px; white-space: normal;\">4、按家具产品的档次分类可分为： 高档、中高档、中档、中低档、低档。</p><p style=\"box-sizing: border-box; margin-top: 1.6rem; margin-bottom: 1.6rem; color: rgb(51, 51, 51); font-family: &quot;Segoe UI&quot;, &quot;Lucida Grande&quot;, Helvetica, Arial, &quot;Microsoft YaHei&quot;, FreeSans, Arimo, &quot;Droid Sans&quot;, &quot;wenquanyi micro hei&quot;, &quot;Hiragino Sans GB&quot;, &quot;Hiragino Sans GB W3&quot;, FontAwesome, sans-serif; text-indent: 24px; white-space: normal;\">5、产品的产地划分： 可分为进口家具和国产家具，也就是国际品牌和国内品牌，国际品牌在上海比较多，在北京的集中在中粮广场，向北欧风情、达.芬奇、芙莱莎、富克拉等等。但有些国际品牌也是在国内生产的，向英国品牌芝华仕沙发就是生产于深圳。目前在国内家具最大的生产基地应是广东了，国内较为知名的品牌家具多数产于深圳、东莞、广州、中山、顺德，每年3月和8月国内最大的家具展会就在这里召开，届时，国内许多的家具厂商和经销商都会云集在广东。但近几年浙江的家具也在迅速崛起，象大风范、国森、雄族等品牌也占据了一大部分市场。还有北京也有很多做的不错的品牌，以曲美和标致最有代表性。其他向东北、四川、河北、山东都有些品牌家具，但占的比重比较小了。</p><p style=\"box-sizing: border-box; margin-top: 1.6rem; margin-bottom: 1.6rem; color: rgb(51, 51, 51); font-family: &quot;Segoe UI&quot;, &quot;Lucida Grande&quot;, Helvetica, Arial, &quot;Microsoft YaHei&quot;, FreeSans, Arimo, &quot;Droid Sans&quot;, &quot;wenquanyi micro hei&quot;, &quot;Hiragino Sans GB&quot;, &quot;Hiragino Sans GB W3&quot;, FontAwesome, sans-serif; text-indent: 24px; white-space: normal;\">6、怎样区分产品的档次呢？ 其实主要看价格，卧房、沙发、床都可以从价格上分出中高低档。例如套房（5件）从一两千元到几万元不等，那么我们把价位在4000元以下的定为中低档产品，价位4000元—8000元定位中档产品，价位8000元至20000元定位中高档产品，2万元以上的定位高档产品。但也不是一成不变的，其实并没有一个具体的标准来准确的划分，只是我们对产品熟悉了，自然会给产品进行定位。再例如沙发的档次定位，2000元以下的为中低档，2000—5000属中档，5000—10000属中高档，10000元以上的为高档。床在1000元以下的为中低档，1000—4000元为中档，4000至10000为中高档，1万以上为高档。</p><p><br/></p>','卡号的，沙发上，第三发','2017-09-13 00:00:00','133',4,'1、按家具从风格上可以分为： 现代家具、欧式古典家具、美式家具、中式古典家具（也就是红木家具），还有近两年比较流行的新古典系列家具等等。2、按所用材料将家具分为： 实木家具、板式家具、软体家具、藤编家具...'),(44,'<p style=\"box-sizing: border-box; margin-top: 0px; margin-bottom: 1.6rem; color: rgb(51, 51, 51); font-family: &quot;Segoe UI&quot;, &quot;Lucida Grande&quot;, Helvetica, Arial, &quot;Microsoft YaHei&quot;, FreeSans, Arimo, &quot;Droid Sans&quot;, &quot;wenquanyi micro hei&quot;, &quot;Hiragino Sans GB&quot;, &quot;Hiragino Sans GB W3&quot;, FontAwesome, sans-serif; text-indent: 24px; white-space: normal;\">1、按家具从风格上可以分为： 现代家具、欧式古典家具、美式家具、中式古典家具（也就是红木家具），还有近两年比较流行的新古典系列家具等等。</p><p style=\"box-sizing: border-box; margin-top: 1.6rem; margin-bottom: 1.6rem; color: rgb(51, 51, 51); font-family: &quot;Segoe UI&quot;, &quot;Lucida Grande&quot;, Helvetica, Arial, &quot;Microsoft YaHei&quot;, FreeSans, Arimo, &quot;Droid Sans&quot;, &quot;wenquanyi micro hei&quot;, &quot;Hiragino Sans GB&quot;, &quot;Hiragino Sans GB W3&quot;, FontAwesome, sans-serif; text-indent: 24px; white-space: normal;\">2、按所用材料将家具分为： 实木家具、板式家具、软体家具、藤编家具、竹编家具、钢木家具和其他人造材材料制成的家具（例如玻璃家具、大理石家具等）。</p><p style=\"box-sizing: border-box; margin-top: 1.6rem; margin-bottom: 1.6rem; color: rgb(51, 51, 51); font-family: &quot;Segoe UI&quot;, &quot;Lucida Grande&quot;, Helvetica, Arial, &quot;Microsoft YaHei&quot;, FreeSans, Arimo, &quot;Droid Sans&quot;, &quot;wenquanyi micro hei&quot;, &quot;Hiragino Sans GB&quot;, &quot;Hiragino Sans GB W3&quot;, FontAwesome, sans-serif; text-indent: 24px; white-space: normal;\">3、按功能可按家具分为： 客厅家具、卧室家具、书房家具、厨房家具（设备）和辅助家具等几类。</p><p style=\"box-sizing: border-box; margin-top: 1.6rem; margin-bottom: 1.6rem; color: rgb(51, 51, 51); font-family: &quot;Segoe UI&quot;, &quot;Lucida Grande&quot;, Helvetica, Arial, &quot;Microsoft YaHei&quot;, FreeSans, Arimo, &quot;Droid Sans&quot;, &quot;wenquanyi micro hei&quot;, &quot;Hiragino Sans GB&quot;, &quot;Hiragino Sans GB W3&quot;, FontAwesome, sans-serif; text-indent: 24px; white-space: normal;\">4、按家具产品的档次分类可分为： 高档、中高档、中档、中低档、低档。</p><p style=\"box-sizing: border-box; margin-top: 1.6rem; margin-bottom: 1.6rem; color: rgb(51, 51, 51); font-family: &quot;Segoe UI&quot;, &quot;Lucida Grande&quot;, Helvetica, Arial, &quot;Microsoft YaHei&quot;, FreeSans, Arimo, &quot;Droid Sans&quot;, &quot;wenquanyi micro hei&quot;, &quot;Hiragino Sans GB&quot;, &quot;Hiragino Sans GB W3&quot;, FontAwesome, sans-serif; text-indent: 24px; white-space: normal;\">5、产品的产地划分： 可分为进口家具和国产家具，也就是国际品牌和国内品牌，国际品牌在上海比较多，在北京的集中在中粮广场，向北欧风情、达.芬奇、芙莱莎、富克拉等等。但有些国际品牌也是在国内生产的，向英国品牌芝华仕沙发就是生产于深圳。目前在国内家具最大的生产基地应是广东了，国内较为知名的品牌家具多数产于深圳、东莞、广州、中山、顺德，每年3月和8月国内最大的家具展会就在这里召开，届时，国内许多的家具厂商和经销商都会云集在广东。但近几年浙江的家具也在迅速崛起，象大风范、国森、雄族等品牌也占据了一大部分市场。还有北京也有很多做的不错的品牌，以曲美和标致最有代表性。其他向东北、四川、河北、山东都有些品牌家具，但占的比重比较小了。</p><p style=\"box-sizing: border-box; margin-top: 1.6rem; margin-bottom: 1.6rem; color: rgb(51, 51, 51); font-family: &quot;Segoe UI&quot;, &quot;Lucida Grande&quot;, Helvetica, Arial, &quot;Microsoft YaHei&quot;, FreeSans, Arimo, &quot;Droid Sans&quot;, &quot;wenquanyi micro hei&quot;, &quot;Hiragino Sans GB&quot;, &quot;Hiragino Sans GB W3&quot;, FontAwesome, sans-serif; text-indent: 24px; white-space: normal;\">6、怎样区分产品的档次呢？ 其实主要看价格，卧房、沙发、床都可以从价格上分出中高低档。例如套房（5件）从一两千元到几万元不等，那么我们把价位在4000元以下的定为中低档产品，价位4000元—8000元定位中档产品，价位8000元至20000元定位中高档产品，2万元以上的定位高档产品。但也不是一成不变的，其实并没有一个具体的标准来准确的划分，只是我们对产品熟悉了，自然会给产品进行定位。再例如沙发的档次定位，2000元以下的为中低档，2000—5000属中档，5000—10000属中高档，10000元以上的为高档。床在1000元以下的为中低档，1000—4000元为中档，4000至10000为中高档，1万以上为高档。</p><p><br/></p>','卡号的，沙发上，第三发','2017-09-14 00:00:00','142',3,'1、按家具从风格上可以分为： 现代家具、欧式古典家具、美式家具、中式古典家具（也就是红木家具），还有近两年比较流行的新古典系列家具等等。2、按所用材料将家具分为： 实木家具、板式家具、软体家具、藤编家具...'),(45,'<p style=\"box-sizing: border-box; margin-top: 0px; margin-bottom: 1.6rem; color: rgb(51, 51, 51); font-family: &quot;Segoe UI&quot;, &quot;Lucida Grande&quot;, Helvetica, Arial, &quot;Microsoft YaHei&quot;, FreeSans, Arimo, &quot;Droid Sans&quot;, &quot;wenquanyi micro hei&quot;, &quot;Hiragino Sans GB&quot;, &quot;Hiragino Sans GB W3&quot;, FontAwesome, sans-serif; text-indent: 24px; white-space: normal;\">1、按家具从风格上可以分为： 现代家具、欧式古典家具、美式家具、中式古典家具（也就是红木家具），还有近两年比较流行的新古典系列家具等等。</p><p style=\"box-sizing: border-box; margin-top: 1.6rem; margin-bottom: 1.6rem; color: rgb(51, 51, 51); font-family: &quot;Segoe UI&quot;, &quot;Lucida Grande&quot;, Helvetica, Arial, &quot;Microsoft YaHei&quot;, FreeSans, Arimo, &quot;Droid Sans&quot;, &quot;wenquanyi micro hei&quot;, &quot;Hiragino Sans GB&quot;, &quot;Hiragino Sans GB W3&quot;, FontAwesome, sans-serif; text-indent: 24px; white-space: normal;\">2、按所用材料将家具分为： 实木家具、板式家具、软体家具、藤编家具、竹编家具、钢木家具和其他人造材材料制成的家具（例如玻璃家具、大理石家具等）。</p><p style=\"box-sizing: border-box; margin-top: 1.6rem; margin-bottom: 1.6rem; color: rgb(51, 51, 51); font-family: &quot;Segoe UI&quot;, &quot;Lucida Grande&quot;, Helvetica, Arial, &quot;Microsoft YaHei&quot;, FreeSans, Arimo, &quot;Droid Sans&quot;, &quot;wenquanyi micro hei&quot;, &quot;Hiragino Sans GB&quot;, &quot;Hiragino Sans GB W3&quot;, FontAwesome, sans-serif; text-indent: 24px; white-space: normal;\">3、按功能可按家具分为： 客厅家具、卧室家具、书房家具、厨房家具（设备）和辅助家具等几类。</p><p style=\"box-sizing: border-box; margin-top: 1.6rem; margin-bottom: 1.6rem; color: rgb(51, 51, 51); font-family: &quot;Segoe UI&quot;, &quot;Lucida Grande&quot;, Helvetica, Arial, &quot;Microsoft YaHei&quot;, FreeSans, Arimo, &quot;Droid Sans&quot;, &quot;wenquanyi micro hei&quot;, &quot;Hiragino Sans GB&quot;, &quot;Hiragino Sans GB W3&quot;, FontAwesome, sans-serif; text-indent: 24px; white-space: normal;\">4、按家具产品的档次分类可分为： 高档、中高档、中档、中低档、低档。</p><p style=\"box-sizing: border-box; margin-top: 1.6rem; margin-bottom: 1.6rem; color: rgb(51, 51, 51); font-family: &quot;Segoe UI&quot;, &quot;Lucida Grande&quot;, Helvetica, Arial, &quot;Microsoft YaHei&quot;, FreeSans, Arimo, &quot;Droid Sans&quot;, &quot;wenquanyi micro hei&quot;, &quot;Hiragino Sans GB&quot;, &quot;Hiragino Sans GB W3&quot;, FontAwesome, sans-serif; text-indent: 24px; white-space: normal;\">5、产品的产地划分： 可分为进口家具和国产家具，也就是国际品牌和国内品牌，国际品牌在上海比较多，在北京的集中在中粮广场，向北欧风情、达.芬奇、芙莱莎、富克拉等等。但有些国际品牌也是在国内生产的，向英国品牌芝华仕沙发就是生产于深圳。目前在国内家具最大的生产基地应是广东了，国内较为知名的品牌家具多数产于深圳、东莞、广州、中山、顺德，每年3月和8月国内最大的家具展会就在这里召开，届时，国内许多的家具厂商和经销商都会云集在广东。但近几年浙江的家具也在迅速崛起，象大风范、国森、雄族等品牌也占据了一大部分市场。还有北京也有很多做的不错的品牌，以曲美和标致最有代表性。其他向东北、四川、河北、山东都有些品牌家具，但占的比重比较小了。</p><p style=\"box-sizing: border-box; margin-top: 1.6rem; margin-bottom: 1.6rem; color: rgb(51, 51, 51); font-family: &quot;Segoe UI&quot;, &quot;Lucida Grande&quot;, Helvetica, Arial, &quot;Microsoft YaHei&quot;, FreeSans, Arimo, &quot;Droid Sans&quot;, &quot;wenquanyi micro hei&quot;, &quot;Hiragino Sans GB&quot;, &quot;Hiragino Sans GB W3&quot;, FontAwesome, sans-serif; text-indent: 24px; white-space: normal;\">6、怎样区分产品的档次呢？ 其实主要看价格，卧房、沙发、床都可以从价格上分出中高低档。例如套房（5件）从一两千元到几万元不等，那么我们把价位在4000元以下的定为中低档产品，价位4000元—8000元定位中档产品，价位8000元至20000元定位中高档产品，2万元以上的定位高档产品。但也不是一成不变的，其实并没有一个具体的标准来准确的划分，只是我们对产品熟悉了，自然会给产品进行定位。再例如沙发的档次定位，2000元以下的为中低档，2000—5000属中档，5000—10000属中高档，10000元以上的为高档。床在1000元以下的为中低档，1000—4000元为中档，4000至10000为中高档，1万以上为高档。</p><p><br/></p>','卡号的，沙发上，第三发','2017-09-15 00:00:00','152',3,'1、按家具从风格上可以分为： 现代家具、欧式古典家具、美式家具、中式古典家具（也就是红木家具），还有近两年比较流行的新古典系列家具等等。2、按所用材料将家具分为： 实木家具、板式家具、软体家具、藤编家具...'),(46,'<p style=\"box-sizing: border-box; margin-top: 0px; margin-bottom: 1.6rem; color: rgb(51, 51, 51); font-family: &quot;Segoe UI&quot;, &quot;Lucida Grande&quot;, Helvetica, Arial, &quot;Microsoft YaHei&quot;, FreeSans, Arimo, &quot;Droid Sans&quot;, &quot;wenquanyi micro hei&quot;, &quot;Hiragino Sans GB&quot;, &quot;Hiragino Sans GB W3&quot;, FontAwesome, sans-serif; text-indent: 24px; white-space: normal;\">1、按家具从风格上可以分为： 现代家具、欧式古典家具、美式家具、中式古典家具（也就是红木家具），还有近两年比较流行的新古典系列家具等等。</p><p style=\"box-sizing: border-box; margin-top: 1.6rem; margin-bottom: 1.6rem; color: rgb(51, 51, 51); font-family: &quot;Segoe UI&quot;, &quot;Lucida Grande&quot;, Helvetica, Arial, &quot;Microsoft YaHei&quot;, FreeSans, Arimo, &quot;Droid Sans&quot;, &quot;wenquanyi micro hei&quot;, &quot;Hiragino Sans GB&quot;, &quot;Hiragino Sans GB W3&quot;, FontAwesome, sans-serif; text-indent: 24px; white-space: normal;\">2、按所用材料将家具分为： 实木家具、板式家具、软体家具、藤编家具、竹编家具、钢木家具和其他人造材材料制成的家具（例如玻璃家具、大理石家具等）。</p><p style=\"box-sizing: border-box; margin-top: 1.6rem; margin-bottom: 1.6rem; color: rgb(51, 51, 51); font-family: &quot;Segoe UI&quot;, &quot;Lucida Grande&quot;, Helvetica, Arial, &quot;Microsoft YaHei&quot;, FreeSans, Arimo, &quot;Droid Sans&quot;, &quot;wenquanyi micro hei&quot;, &quot;Hiragino Sans GB&quot;, &quot;Hiragino Sans GB W3&quot;, FontAwesome, sans-serif; text-indent: 24px; white-space: normal;\">3、按功能可按家具分为： 客厅家具、卧室家具、书房家具、厨房家具（设备）和辅助家具等几类。</p><p style=\"box-sizing: border-box; margin-top: 1.6rem; margin-bottom: 1.6rem; color: rgb(51, 51, 51); font-family: &quot;Segoe UI&quot;, &quot;Lucida Grande&quot;, Helvetica, Arial, &quot;Microsoft YaHei&quot;, FreeSans, Arimo, &quot;Droid Sans&quot;, &quot;wenquanyi micro hei&quot;, &quot;Hiragino Sans GB&quot;, &quot;Hiragino Sans GB W3&quot;, FontAwesome, sans-serif; text-indent: 24px; white-space: normal;\">4、按家具产品的档次分类可分为： 高档、中高档、中档、中低档、低档。</p><p style=\"box-sizing: border-box; margin-top: 1.6rem; margin-bottom: 1.6rem; color: rgb(51, 51, 51); font-family: &quot;Segoe UI&quot;, &quot;Lucida Grande&quot;, Helvetica, Arial, &quot;Microsoft YaHei&quot;, FreeSans, Arimo, &quot;Droid Sans&quot;, &quot;wenquanyi micro hei&quot;, &quot;Hiragino Sans GB&quot;, &quot;Hiragino Sans GB W3&quot;, FontAwesome, sans-serif; text-indent: 24px; white-space: normal;\">5、产品的产地划分： 可分为进口家具和国产家具，也就是国际品牌和国内品牌，国际品牌在上海比较多，在北京的集中在中粮广场，向北欧风情、达.芬奇、芙莱莎、富克拉等等。但有些国际品牌也是在国内生产的，向英国品牌芝华仕沙发就是生产于深圳。目前在国内家具最大的生产基地应是广东了，国内较为知名的品牌家具多数产于深圳、东莞、广州、中山、顺德，每年3月和8月国内最大的家具展会就在这里召开，届时，国内许多的家具厂商和经销商都会云集在广东。但近几年浙江的家具也在迅速崛起，象大风范、国森、雄族等品牌也占据了一大部分市场。还有北京也有很多做的不错的品牌，以曲美和标致最有代表性。其他向东北、四川、河北、山东都有些品牌家具，但占的比重比较小了。</p><p style=\"box-sizing: border-box; margin-top: 1.6rem; margin-bottom: 1.6rem; color: rgb(51, 51, 51); font-family: &quot;Segoe UI&quot;, &quot;Lucida Grande&quot;, Helvetica, Arial, &quot;Microsoft YaHei&quot;, FreeSans, Arimo, &quot;Droid Sans&quot;, &quot;wenquanyi micro hei&quot;, &quot;Hiragino Sans GB&quot;, &quot;Hiragino Sans GB W3&quot;, FontAwesome, sans-serif; text-indent: 24px; white-space: normal;\">6、怎样区分产品的档次呢？ 其实主要看价格，卧房、沙发、床都可以从价格上分出中高低档。例如套房（5件）从一两千元到几万元不等，那么我们把价位在4000元以下的定为中低档产品，价位4000元—8000元定位中档产品，价位8000元至20000元定位中高档产品，2万元以上的定位高档产品。但也不是一成不变的，其实并没有一个具体的标准来准确的划分，只是我们对产品熟悉了，自然会给产品进行定位。再例如沙发的档次定位，2000元以下的为中低档，2000—5000属中档，5000—10000属中高档，10000元以上的为高档。床在1000元以下的为中低档，1000—4000元为中档，4000至10000为中高档，1万以上为高档。</p><p><br/></p>','卡号的，沙发上，第三发','2017-09-16 00:00:00','161',2,'1、按家具从风格上可以分为： 现代家具、欧式古典家具、美式家具、中式古典家具（也就是红木家具），还有近两年比较流行的新古典系列家具等等。2、按所用材料将家具分为： 实木家具、板式家具、软体家具、藤编家具...'),(47,'<p style=\"box-sizing: border-box; margin-top: 0px; margin-bottom: 1.6rem; color: rgb(51, 51, 51); font-family: &quot;Segoe UI&quot;, &quot;Lucida Grande&quot;, Helvetica, Arial, &quot;Microsoft YaHei&quot;, FreeSans, Arimo, &quot;Droid Sans&quot;, &quot;wenquanyi micro hei&quot;, &quot;Hiragino Sans GB&quot;, &quot;Hiragino Sans GB W3&quot;, FontAwesome, sans-serif; text-indent: 24px; white-space: normal;\">1、按家具从风格上可以分为： 现代家具、欧式古典家具、美式家具、中式古典家具（也就是红木家具），还有近两年比较流行的新古典系列家具等等。</p><p style=\"box-sizing: border-box; margin-top: 1.6rem; margin-bottom: 1.6rem; color: rgb(51, 51, 51); font-family: &quot;Segoe UI&quot;, &quot;Lucida Grande&quot;, Helvetica, Arial, &quot;Microsoft YaHei&quot;, FreeSans, Arimo, &quot;Droid Sans&quot;, &quot;wenquanyi micro hei&quot;, &quot;Hiragino Sans GB&quot;, &quot;Hiragino Sans GB W3&quot;, FontAwesome, sans-serif; text-indent: 24px; white-space: normal;\">2、按所用材料将家具分为： 实木家具、板式家具、软体家具、藤编家具、竹编家具、钢木家具和其他人造材材料制成的家具（例如玻璃家具、大理石家具等）。</p><p style=\"box-sizing: border-box; margin-top: 1.6rem; margin-bottom: 1.6rem; color: rgb(51, 51, 51); font-family: &quot;Segoe UI&quot;, &quot;Lucida Grande&quot;, Helvetica, Arial, &quot;Microsoft YaHei&quot;, FreeSans, Arimo, &quot;Droid Sans&quot;, &quot;wenquanyi micro hei&quot;, &quot;Hiragino Sans GB&quot;, &quot;Hiragino Sans GB W3&quot;, FontAwesome, sans-serif; text-indent: 24px; white-space: normal;\">3、按功能可按家具分为： 客厅家具、卧室家具、书房家具、厨房家具（设备）和辅助家具等几类。</p><p style=\"box-sizing: border-box; margin-top: 1.6rem; margin-bottom: 1.6rem; color: rgb(51, 51, 51); font-family: &quot;Segoe UI&quot;, &quot;Lucida Grande&quot;, Helvetica, Arial, &quot;Microsoft YaHei&quot;, FreeSans, Arimo, &quot;Droid Sans&quot;, &quot;wenquanyi micro hei&quot;, &quot;Hiragino Sans GB&quot;, &quot;Hiragino Sans GB W3&quot;, FontAwesome, sans-serif; text-indent: 24px; white-space: normal;\">4、按家具产品的档次分类可分为： 高档、中高档、中档、中低档、低档。</p><p style=\"box-sizing: border-box; margin-top: 1.6rem; margin-bottom: 1.6rem; color: rgb(51, 51, 51); font-family: &quot;Segoe UI&quot;, &quot;Lucida Grande&quot;, Helvetica, Arial, &quot;Microsoft YaHei&quot;, FreeSans, Arimo, &quot;Droid Sans&quot;, &quot;wenquanyi micro hei&quot;, &quot;Hiragino Sans GB&quot;, &quot;Hiragino Sans GB W3&quot;, FontAwesome, sans-serif; text-indent: 24px; white-space: normal;\">5、产品的产地划分： 可分为进口家具和国产家具，也就是国际品牌和国内品牌，国际品牌在上海比较多，在北京的集中在中粮广场，向北欧风情、达.芬奇、芙莱莎、富克拉等等。但有些国际品牌也是在国内生产的，向英国品牌芝华仕沙发就是生产于深圳。目前在国内家具最大的生产基地应是广东了，国内较为知名的品牌家具多数产于深圳、东莞、广州、中山、顺德，每年3月和8月国内最大的家具展会就在这里召开，届时，国内许多的家具厂商和经销商都会云集在广东。但近几年浙江的家具也在迅速崛起，象大风范、国森、雄族等品牌也占据了一大部分市场。还有北京也有很多做的不错的品牌，以曲美和标致最有代表性。其他向东北、四川、河北、山东都有些品牌家具，但占的比重比较小了。</p><p style=\"box-sizing: border-box; margin-top: 1.6rem; margin-bottom: 1.6rem; color: rgb(51, 51, 51); font-family: &quot;Segoe UI&quot;, &quot;Lucida Grande&quot;, Helvetica, Arial, &quot;Microsoft YaHei&quot;, FreeSans, Arimo, &quot;Droid Sans&quot;, &quot;wenquanyi micro hei&quot;, &quot;Hiragino Sans GB&quot;, &quot;Hiragino Sans GB W3&quot;, FontAwesome, sans-serif; text-indent: 24px; white-space: normal;\">6、怎样区分产品的档次呢？ 其实主要看价格，卧房、沙发、床都可以从价格上分出中高低档。例如套房（5件）从一两千元到几万元不等，那么我们把价位在4000元以下的定为中低档产品，价位4000元—8000元定位中档产品，价位8000元至20000元定位中高档产品，2万元以上的定位高档产品。但也不是一成不变的，其实并没有一个具体的标准来准确的划分，只是我们对产品熟悉了，自然会给产品进行定位。再例如沙发的档次定位，2000元以下的为中低档，2000—5000属中档，5000—10000属中高档，10000元以上的为高档。床在1000元以下的为中低档，1000—4000元为中档，4000至10000为中高档，1万以上为高档。</p><p><br/></p>','卡号的，沙发上，第三发','2017-09-17 00:00:00','172',3,'1、按家具从风格上可以分为： 现代家具、欧式古典家具、美式家具、中式古典家具（也就是红木家具），还有近两年比较流行的新古典系列家具等等。2、按所用材料将家具分为： 实木家具、板式家具、软体家具、藤编家具...'),(48,'<p style=\"box-sizing: border-box; margin-top: 0px; margin-bottom: 1.6rem; color: rgb(51, 51, 51); font-family: &quot;Segoe UI&quot;, &quot;Lucida Grande&quot;, Helvetica, Arial, &quot;Microsoft YaHei&quot;, FreeSans, Arimo, &quot;Droid Sans&quot;, &quot;wenquanyi micro hei&quot;, &quot;Hiragino Sans GB&quot;, &quot;Hiragino Sans GB W3&quot;, FontAwesome, sans-serif; text-indent: 24px; white-space: normal;\">1、按家具从风格上可以分为： 现代家具、欧式古典家具、美式家具、中式古典家具（也就是红木家具），还有近两年比较流行的新古典系列家具等等。</p><p style=\"box-sizing: border-box; margin-top: 1.6rem; margin-bottom: 1.6rem; color: rgb(51, 51, 51); font-family: &quot;Segoe UI&quot;, &quot;Lucida Grande&quot;, Helvetica, Arial, &quot;Microsoft YaHei&quot;, FreeSans, Arimo, &quot;Droid Sans&quot;, &quot;wenquanyi micro hei&quot;, &quot;Hiragino Sans GB&quot;, &quot;Hiragino Sans GB W3&quot;, FontAwesome, sans-serif; text-indent: 24px; white-space: normal;\">2、按所用材料将家具分为： 实木家具、板式家具、软体家具、藤编家具、竹编家具、钢木家具和其他人造材材料制成的家具（例如玻璃家具、大理石家具等）。</p><p style=\"box-sizing: border-box; margin-top: 1.6rem; margin-bottom: 1.6rem; color: rgb(51, 51, 51); font-family: &quot;Segoe UI&quot;, &quot;Lucida Grande&quot;, Helvetica, Arial, &quot;Microsoft YaHei&quot;, FreeSans, Arimo, &quot;Droid Sans&quot;, &quot;wenquanyi micro hei&quot;, &quot;Hiragino Sans GB&quot;, &quot;Hiragino Sans GB W3&quot;, FontAwesome, sans-serif; text-indent: 24px; white-space: normal;\">3、按功能可按家具分为： 客厅家具、卧室家具、书房家具、厨房家具（设备）和辅助家具等几类。</p><p style=\"box-sizing: border-box; margin-top: 1.6rem; margin-bottom: 1.6rem; color: rgb(51, 51, 51); font-family: &quot;Segoe UI&quot;, &quot;Lucida Grande&quot;, Helvetica, Arial, &quot;Microsoft YaHei&quot;, FreeSans, Arimo, &quot;Droid Sans&quot;, &quot;wenquanyi micro hei&quot;, &quot;Hiragino Sans GB&quot;, &quot;Hiragino Sans GB W3&quot;, FontAwesome, sans-serif; text-indent: 24px; white-space: normal;\">4、按家具产品的档次分类可分为： 高档、中高档、中档、中低档、低档。</p><p style=\"box-sizing: border-box; margin-top: 1.6rem; margin-bottom: 1.6rem; color: rgb(51, 51, 51); font-family: &quot;Segoe UI&quot;, &quot;Lucida Grande&quot;, Helvetica, Arial, &quot;Microsoft YaHei&quot;, FreeSans, Arimo, &quot;Droid Sans&quot;, &quot;wenquanyi micro hei&quot;, &quot;Hiragino Sans GB&quot;, &quot;Hiragino Sans GB W3&quot;, FontAwesome, sans-serif; text-indent: 24px; white-space: normal;\">5、产品的产地划分： 可分为进口家具和国产家具，也就是国际品牌和国内品牌，国际品牌在上海比较多，在北京的集中在中粮广场，向北欧风情、达.芬奇、芙莱莎、富克拉等等。但有些国际品牌也是在国内生产的，向英国品牌芝华仕沙发就是生产于深圳。目前在国内家具最大的生产基地应是广东了，国内较为知名的品牌家具多数产于深圳、东莞、广州、中山、顺德，每年3月和8月国内最大的家具展会就在这里召开，届时，国内许多的家具厂商和经销商都会云集在广东。但近几年浙江的家具也在迅速崛起，象大风范、国森、雄族等品牌也占据了一大部分市场。还有北京也有很多做的不错的品牌，以曲美和标致最有代表性。其他向东北、四川、河北、山东都有些品牌家具，但占的比重比较小了。</p><p style=\"box-sizing: border-box; margin-top: 1.6rem; margin-bottom: 1.6rem; color: rgb(51, 51, 51); font-family: &quot;Segoe UI&quot;, &quot;Lucida Grande&quot;, Helvetica, Arial, &quot;Microsoft YaHei&quot;, FreeSans, Arimo, &quot;Droid Sans&quot;, &quot;wenquanyi micro hei&quot;, &quot;Hiragino Sans GB&quot;, &quot;Hiragino Sans GB W3&quot;, FontAwesome, sans-serif; text-indent: 24px; white-space: normal;\">6、怎样区分产品的档次呢？ 其实主要看价格，卧房、沙发、床都可以从价格上分出中高低档。例如套房（5件）从一两千元到几万元不等，那么我们把价位在4000元以下的定为中低档产品，价位4000元—8000元定位中档产品，价位8000元至20000元定位中高档产品，2万元以上的定位高档产品。但也不是一成不变的，其实并没有一个具体的标准来准确的划分，只是我们对产品熟悉了，自然会给产品进行定位。再例如沙发的档次定位，2000元以下的为中低档，2000—5000属中档，5000—10000属中高档，10000元以上的为高档。床在1000元以下的为中低档，1000—4000元为中档，4000至10000为中高档，1万以上为高档。</p><p><br/></p>','卡号的，沙发上，第三发','2017-09-18 00:00:00','182',3,'1、按家具从风格上可以分为： 现代家具、欧式古典家具、美式家具、中式古典家具（也就是红木家具），还有近两年比较流行的新古典系列家具等等。2、按所用材料将家具分为： 实木家具、板式家具、软体家具、藤编家具...'),(49,'<p style=\"box-sizing: border-box; margin-top: 0px; margin-bottom: 1.6rem; color: rgb(51, 51, 51); font-family: &quot;Segoe UI&quot;, &quot;Lucida Grande&quot;, Helvetica, Arial, &quot;Microsoft YaHei&quot;, FreeSans, Arimo, &quot;Droid Sans&quot;, &quot;wenquanyi micro hei&quot;, &quot;Hiragino Sans GB&quot;, &quot;Hiragino Sans GB W3&quot;, FontAwesome, sans-serif; text-indent: 24px; white-space: normal;\">1、按家具从风格上可以分为： 现代家具、欧式古典家具、美式家具、中式古典家具（也就是红木家具），还有近两年比较流行的新古典系列家具等等。</p><p style=\"box-sizing: border-box; margin-top: 1.6rem; margin-bottom: 1.6rem; color: rgb(51, 51, 51); font-family: &quot;Segoe UI&quot;, &quot;Lucida Grande&quot;, Helvetica, Arial, &quot;Microsoft YaHei&quot;, FreeSans, Arimo, &quot;Droid Sans&quot;, &quot;wenquanyi micro hei&quot;, &quot;Hiragino Sans GB&quot;, &quot;Hiragino Sans GB W3&quot;, FontAwesome, sans-serif; text-indent: 24px; white-space: normal;\">2、按所用材料将家具分为： 实木家具、板式家具、软体家具、藤编家具、竹编家具、钢木家具和其他人造材材料制成的家具（例如玻璃家具、大理石家具等）。</p><p style=\"box-sizing: border-box; margin-top: 1.6rem; margin-bottom: 1.6rem; color: rgb(51, 51, 51); font-family: &quot;Segoe UI&quot;, &quot;Lucida Grande&quot;, Helvetica, Arial, &quot;Microsoft YaHei&quot;, FreeSans, Arimo, &quot;Droid Sans&quot;, &quot;wenquanyi micro hei&quot;, &quot;Hiragino Sans GB&quot;, &quot;Hiragino Sans GB W3&quot;, FontAwesome, sans-serif; text-indent: 24px; white-space: normal;\">3、按功能可按家具分为： 客厅家具、卧室家具、书房家具、厨房家具（设备）和辅助家具等几类。</p><p style=\"box-sizing: border-box; margin-top: 1.6rem; margin-bottom: 1.6rem; color: rgb(51, 51, 51); font-family: &quot;Segoe UI&quot;, &quot;Lucida Grande&quot;, Helvetica, Arial, &quot;Microsoft YaHei&quot;, FreeSans, Arimo, &quot;Droid Sans&quot;, &quot;wenquanyi micro hei&quot;, &quot;Hiragino Sans GB&quot;, &quot;Hiragino Sans GB W3&quot;, FontAwesome, sans-serif; text-indent: 24px; white-space: normal;\">4、按家具产品的档次分类可分为： 高档、中高档、中档、中低档、低档。</p><p style=\"box-sizing: border-box; margin-top: 1.6rem; margin-bottom: 1.6rem; color: rgb(51, 51, 51); font-family: &quot;Segoe UI&quot;, &quot;Lucida Grande&quot;, Helvetica, Arial, &quot;Microsoft YaHei&quot;, FreeSans, Arimo, &quot;Droid Sans&quot;, &quot;wenquanyi micro hei&quot;, &quot;Hiragino Sans GB&quot;, &quot;Hiragino Sans GB W3&quot;, FontAwesome, sans-serif; text-indent: 24px; white-space: normal;\">5、产品的产地划分： 可分为进口家具和国产家具，也就是国际品牌和国内品牌，国际品牌在上海比较多，在北京的集中在中粮广场，向北欧风情、达.芬奇、芙莱莎、富克拉等等。但有些国际品牌也是在国内生产的，向英国品牌芝华仕沙发就是生产于深圳。目前在国内家具最大的生产基地应是广东了，国内较为知名的品牌家具多数产于深圳、东莞、广州、中山、顺德，每年3月和8月国内最大的家具展会就在这里召开，届时，国内许多的家具厂商和经销商都会云集在广东。但近几年浙江的家具也在迅速崛起，象大风范、国森、雄族等品牌也占据了一大部分市场。还有北京也有很多做的不错的品牌，以曲美和标致最有代表性。其他向东北、四川、河北、山东都有些品牌家具，但占的比重比较小了。</p><p style=\"box-sizing: border-box; margin-top: 1.6rem; margin-bottom: 1.6rem; color: rgb(51, 51, 51); font-family: &quot;Segoe UI&quot;, &quot;Lucida Grande&quot;, Helvetica, Arial, &quot;Microsoft YaHei&quot;, FreeSans, Arimo, &quot;Droid Sans&quot;, &quot;wenquanyi micro hei&quot;, &quot;Hiragino Sans GB&quot;, &quot;Hiragino Sans GB W3&quot;, FontAwesome, sans-serif; text-indent: 24px; white-space: normal;\">6、怎样区分产品的档次呢？ 其实主要看价格，卧房、沙发、床都可以从价格上分出中高低档。例如套房（5件）从一两千元到几万元不等，那么我们把价位在4000元以下的定为中低档产品，价位4000元—8000元定位中档产品，价位8000元至20000元定位中高档产品，2万元以上的定位高档产品。但也不是一成不变的，其实并没有一个具体的标准来准确的划分，只是我们对产品熟悉了，自然会给产品进行定位。再例如沙发的档次定位，2000元以下的为中低档，2000—5000属中档，5000—10000属中高档，10000元以上的为高档。床在1000元以下的为中低档，1000—4000元为中档，4000至10000为中高档，1万以上为高档。</p><p><br/></p>','卡号的，沙发上，第三发','2017-09-19 00:00:00','194',5,'1、按家具从风格上可以分为： 现代家具、欧式古典家具、美式家具、中式古典家具（也就是红木家具），还有近两年比较流行的新古典系列家具等等。2、按所用材料将家具分为： 实木家具、板式家具、软体家具、藤编家具...'),(50,'<p style=\"box-sizing: border-box; margin-top: 0px; margin-bottom: 1.6rem; color: rgb(51, 51, 51); font-family: &quot;Segoe UI&quot;, &quot;Lucida Grande&quot;, Helvetica, Arial, &quot;Microsoft YaHei&quot;, FreeSans, Arimo, &quot;Droid Sans&quot;, &quot;wenquanyi micro hei&quot;, &quot;Hiragino Sans GB&quot;, &quot;Hiragino Sans GB W3&quot;, FontAwesome, sans-serif; text-indent: 24px; white-space: normal;\">1、按家具从风格上可以分为： 现代家具、欧式古典家具、美式家具、中式古典家具（也就是红木家具），还有近两年比较流行的新古典系列家具等等。</p><p style=\"box-sizing: border-box; margin-top: 1.6rem; margin-bottom: 1.6rem; color: rgb(51, 51, 51); font-family: &quot;Segoe UI&quot;, &quot;Lucida Grande&quot;, Helvetica, Arial, &quot;Microsoft YaHei&quot;, FreeSans, Arimo, &quot;Droid Sans&quot;, &quot;wenquanyi micro hei&quot;, &quot;Hiragino Sans GB&quot;, &quot;Hiragino Sans GB W3&quot;, FontAwesome, sans-serif; text-indent: 24px; white-space: normal;\">2、按所用材料将家具分为： 实木家具、板式家具、软体家具、藤编家具、竹编家具、钢木家具和其他人造材材料制成的家具（例如玻璃家具、大理石家具等）。</p><p style=\"box-sizing: border-box; margin-top: 1.6rem; margin-bottom: 1.6rem; color: rgb(51, 51, 51); font-family: &quot;Segoe UI&quot;, &quot;Lucida Grande&quot;, Helvetica, Arial, &quot;Microsoft YaHei&quot;, FreeSans, Arimo, &quot;Droid Sans&quot;, &quot;wenquanyi micro hei&quot;, &quot;Hiragino Sans GB&quot;, &quot;Hiragino Sans GB W3&quot;, FontAwesome, sans-serif; text-indent: 24px; white-space: normal;\">3、按功能可按家具分为： 客厅家具、卧室家具、书房家具、厨房家具（设备）和辅助家具等几类。</p><p style=\"box-sizing: border-box; margin-top: 1.6rem; margin-bottom: 1.6rem; color: rgb(51, 51, 51); font-family: &quot;Segoe UI&quot;, &quot;Lucida Grande&quot;, Helvetica, Arial, &quot;Microsoft YaHei&quot;, FreeSans, Arimo, &quot;Droid Sans&quot;, &quot;wenquanyi micro hei&quot;, &quot;Hiragino Sans GB&quot;, &quot;Hiragino Sans GB W3&quot;, FontAwesome, sans-serif; text-indent: 24px; white-space: normal;\">4、按家具产品的档次分类可分为： 高档、中高档、中档、中低档、低档。</p><p style=\"box-sizing: border-box; margin-top: 1.6rem; margin-bottom: 1.6rem; color: rgb(51, 51, 51); font-family: &quot;Segoe UI&quot;, &quot;Lucida Grande&quot;, Helvetica, Arial, &quot;Microsoft YaHei&quot;, FreeSans, Arimo, &quot;Droid Sans&quot;, &quot;wenquanyi micro hei&quot;, &quot;Hiragino Sans GB&quot;, &quot;Hiragino Sans GB W3&quot;, FontAwesome, sans-serif; text-indent: 24px; white-space: normal;\">5、产品的产地划分： 可分为进口家具和国产家具，也就是国际品牌和国内品牌，国际品牌在上海比较多，在北京的集中在中粮广场，向北欧风情、达.芬奇、芙莱莎、富克拉等等。但有些国际品牌也是在国内生产的，向英国品牌芝华仕沙发就是生产于深圳。目前在国内家具最大的生产基地应是广东了，国内较为知名的品牌家具多数产于深圳、东莞、广州、中山、顺德，每年3月和8月国内最大的家具展会就在这里召开，届时，国内许多的家具厂商和经销商都会云集在广东。但近几年浙江的家具也在迅速崛起，象大风范、国森、雄族等品牌也占据了一大部分市场。还有北京也有很多做的不错的品牌，以曲美和标致最有代表性。其他向东北、四川、河北、山东都有些品牌家具，但占的比重比较小了。</p><p style=\"box-sizing: border-box; margin-top: 1.6rem; margin-bottom: 1.6rem; color: rgb(51, 51, 51); font-family: &quot;Segoe UI&quot;, &quot;Lucida Grande&quot;, Helvetica, Arial, &quot;Microsoft YaHei&quot;, FreeSans, Arimo, &quot;Droid Sans&quot;, &quot;wenquanyi micro hei&quot;, &quot;Hiragino Sans GB&quot;, &quot;Hiragino Sans GB W3&quot;, FontAwesome, sans-serif; text-indent: 24px; white-space: normal;\">6、怎样区分产品的档次呢？ 其实主要看价格，卧房、沙发、床都可以从价格上分出中高低档。例如套房（5件）从一两千元到几万元不等，那么我们把价位在4000元以下的定为中低档产品，价位4000元—8000元定位中档产品，价位8000元至20000元定位中高档产品，2万元以上的定位高档产品。但也不是一成不变的，其实并没有一个具体的标准来准确的划分，只是我们对产品熟悉了，自然会给产品进行定位。再例如沙发的档次定位，2000元以下的为中低档，2000—5000属中档，5000—10000属中高档，10000元以上的为高档。床在1000元以下的为中低档，1000—4000元为中档，4000至10000为中高档，1万以上为高档。</p><p><br/></p>','卡号的，沙发上，第三发','2017-09-20 00:00:00','204',5,'1、按家具从风格上可以分为： 现代家具、欧式古典家具、美式家具、中式古典家具（也就是红木家具），还有近两年比较流行的新古典系列家具等等。2、按所用材料将家具分为： 实木家具、板式家具、软体家具、藤编家具...'),(51,'<p style=\"box-sizing: border-box; margin-top: 0px; margin-bottom: 1.6rem; color: rgb(51, 51, 51); font-family: &quot;Segoe UI&quot;, &quot;Lucida Grande&quot;, Helvetica, Arial, &quot;Microsoft YaHei&quot;, FreeSans, Arimo, &quot;Droid Sans&quot;, &quot;wenquanyi micro hei&quot;, &quot;Hiragino Sans GB&quot;, &quot;Hiragino Sans GB W3&quot;, FontAwesome, sans-serif; text-indent: 24px; white-space: normal;\">1、按家具从风格上可以分为： 现代家具、欧式古典家具、美式家具、中式古典家具（也就是红木家具），还有近两年比较流行的新古典系列家具等等。</p><p style=\"box-sizing: border-box; margin-top: 1.6rem; margin-bottom: 1.6rem; color: rgb(51, 51, 51); font-family: &quot;Segoe UI&quot;, &quot;Lucida Grande&quot;, Helvetica, Arial, &quot;Microsoft YaHei&quot;, FreeSans, Arimo, &quot;Droid Sans&quot;, &quot;wenquanyi micro hei&quot;, &quot;Hiragino Sans GB&quot;, &quot;Hiragino Sans GB W3&quot;, FontAwesome, sans-serif; text-indent: 24px; white-space: normal;\">2、按所用材料将家具分为： 实木家具、板式家具、软体家具、藤编家具、竹编家具、钢木家具和其他人造材材料制成的家具（例如玻璃家具、大理石家具等）。</p><p style=\"box-sizing: border-box; margin-top: 1.6rem; margin-bottom: 1.6rem; color: rgb(51, 51, 51); font-family: &quot;Segoe UI&quot;, &quot;Lucida Grande&quot;, Helvetica, Arial, &quot;Microsoft YaHei&quot;, FreeSans, Arimo, &quot;Droid Sans&quot;, &quot;wenquanyi micro hei&quot;, &quot;Hiragino Sans GB&quot;, &quot;Hiragino Sans GB W3&quot;, FontAwesome, sans-serif; text-indent: 24px; white-space: normal;\">3、按功能可按家具分为： 客厅家具、卧室家具、书房家具、厨房家具（设备）和辅助家具等几类。</p><p style=\"box-sizing: border-box; margin-top: 1.6rem; margin-bottom: 1.6rem; color: rgb(51, 51, 51); font-family: &quot;Segoe UI&quot;, &quot;Lucida Grande&quot;, Helvetica, Arial, &quot;Microsoft YaHei&quot;, FreeSans, Arimo, &quot;Droid Sans&quot;, &quot;wenquanyi micro hei&quot;, &quot;Hiragino Sans GB&quot;, &quot;Hiragino Sans GB W3&quot;, FontAwesome, sans-serif; text-indent: 24px; white-space: normal;\">4、按家具产品的档次分类可分为： 高档、中高档、中档、中低档、低档。</p><p style=\"box-sizing: border-box; margin-top: 1.6rem; margin-bottom: 1.6rem; color: rgb(51, 51, 51); font-family: &quot;Segoe UI&quot;, &quot;Lucida Grande&quot;, Helvetica, Arial, &quot;Microsoft YaHei&quot;, FreeSans, Arimo, &quot;Droid Sans&quot;, &quot;wenquanyi micro hei&quot;, &quot;Hiragino Sans GB&quot;, &quot;Hiragino Sans GB W3&quot;, FontAwesome, sans-serif; text-indent: 24px; white-space: normal;\">5、产品的产地划分： 可分为进口家具和国产家具，也就是国际品牌和国内品牌，国际品牌在上海比较多，在北京的集中在中粮广场，向北欧风情、达.芬奇、芙莱莎、富克拉等等。但有些国际品牌也是在国内生产的，向英国品牌芝华仕沙发就是生产于深圳。目前在国内家具最大的生产基地应是广东了，国内较为知名的品牌家具多数产于深圳、东莞、广州、中山、顺德，每年3月和8月国内最大的家具展会就在这里召开，届时，国内许多的家具厂商和经销商都会云集在广东。但近几年浙江的家具也在迅速崛起，象大风范、国森、雄族等品牌也占据了一大部分市场。还有北京也有很多做的不错的品牌，以曲美和标致最有代表性。其他向东北、四川、河北、山东都有些品牌家具，但占的比重比较小了。</p><p style=\"box-sizing: border-box; margin-top: 1.6rem; margin-bottom: 1.6rem; color: rgb(51, 51, 51); font-family: &quot;Segoe UI&quot;, &quot;Lucida Grande&quot;, Helvetica, Arial, &quot;Microsoft YaHei&quot;, FreeSans, Arimo, &quot;Droid Sans&quot;, &quot;wenquanyi micro hei&quot;, &quot;Hiragino Sans GB&quot;, &quot;Hiragino Sans GB W3&quot;, FontAwesome, sans-serif; text-indent: 24px; white-space: normal;\">6、怎样区分产品的档次呢？ 其实主要看价格，卧房、沙发、床都可以从价格上分出中高低档。例如套房（5件）从一两千元到几万元不等，那么我们把价位在4000元以下的定为中低档产品，价位4000元—8000元定位中档产品，价位8000元至20000元定位中高档产品，2万元以上的定位高档产品。但也不是一成不变的，其实并没有一个具体的标准来准确的划分，只是我们对产品熟悉了，自然会给产品进行定位。再例如沙发的档次定位，2000元以下的为中低档，2000—5000属中档，5000—10000属中高档，10000元以上的为高档。床在1000元以下的为中低档，1000—4000元为中档，4000至10000为中高档，1万以上为高档。</p><p><br/></p>','卡号的，沙发上，第三发','2017-09-21 00:00:00','214',5,'1、按家具从风格上可以分为： 现代家具、欧式古典家具、美式家具、中式古典家具（也就是红木家具），还有近两年比较流行的新古典系列家具等等。2、按所用材料将家具分为： 实木家具、板式家具、软体家具、藤编家具...'),(52,'<p style=\"box-sizing: border-box; margin-top: 0px; margin-bottom: 1.6rem; color: rgb(51, 51, 51); font-family: &quot;Segoe UI&quot;, &quot;Lucida Grande&quot;, Helvetica, Arial, &quot;Microsoft YaHei&quot;, FreeSans, Arimo, &quot;Droid Sans&quot;, &quot;wenquanyi micro hei&quot;, &quot;Hiragino Sans GB&quot;, &quot;Hiragino Sans GB W3&quot;, FontAwesome, sans-serif; text-indent: 24px; white-space: normal;\">1、按家具从风格上可以分为： 现代家具、欧式古典家具、美式家具、中式古典家具（也就是红木家具），还有近两年比较流行的新古典系列家具等等。</p><p style=\"box-sizing: border-box; margin-top: 1.6rem; margin-bottom: 1.6rem; color: rgb(51, 51, 51); font-family: &quot;Segoe UI&quot;, &quot;Lucida Grande&quot;, Helvetica, Arial, &quot;Microsoft YaHei&quot;, FreeSans, Arimo, &quot;Droid Sans&quot;, &quot;wenquanyi micro hei&quot;, &quot;Hiragino Sans GB&quot;, &quot;Hiragino Sans GB W3&quot;, FontAwesome, sans-serif; text-indent: 24px; white-space: normal;\">2、按所用材料将家具分为： 实木家具、板式家具、软体家具、藤编家具、竹编家具、钢木家具和其他人造材材料制成的家具（例如玻璃家具、大理石家具等）。</p><p style=\"box-sizing: border-box; margin-top: 1.6rem; margin-bottom: 1.6rem; color: rgb(51, 51, 51); font-family: &quot;Segoe UI&quot;, &quot;Lucida Grande&quot;, Helvetica, Arial, &quot;Microsoft YaHei&quot;, FreeSans, Arimo, &quot;Droid Sans&quot;, &quot;wenquanyi micro hei&quot;, &quot;Hiragino Sans GB&quot;, &quot;Hiragino Sans GB W3&quot;, FontAwesome, sans-serif; text-indent: 24px; white-space: normal;\">3、按功能可按家具分为： 客厅家具、卧室家具、书房家具、厨房家具（设备）和辅助家具等几类。</p><p style=\"box-sizing: border-box; margin-top: 1.6rem; margin-bottom: 1.6rem; color: rgb(51, 51, 51); font-family: &quot;Segoe UI&quot;, &quot;Lucida Grande&quot;, Helvetica, Arial, &quot;Microsoft YaHei&quot;, FreeSans, Arimo, &quot;Droid Sans&quot;, &quot;wenquanyi micro hei&quot;, &quot;Hiragino Sans GB&quot;, &quot;Hiragino Sans GB W3&quot;, FontAwesome, sans-serif; text-indent: 24px; white-space: normal;\">4、按家具产品的档次分类可分为： 高档、中高档、中档、中低档、低档。</p><p style=\"box-sizing: border-box; margin-top: 1.6rem; margin-bottom: 1.6rem; color: rgb(51, 51, 51); font-family: &quot;Segoe UI&quot;, &quot;Lucida Grande&quot;, Helvetica, Arial, &quot;Microsoft YaHei&quot;, FreeSans, Arimo, &quot;Droid Sans&quot;, &quot;wenquanyi micro hei&quot;, &quot;Hiragino Sans GB&quot;, &quot;Hiragino Sans GB W3&quot;, FontAwesome, sans-serif; text-indent: 24px; white-space: normal;\">5、产品的产地划分： 可分为进口家具和国产家具，也就是国际品牌和国内品牌，国际品牌在上海比较多，在北京的集中在中粮广场，向北欧风情、达.芬奇、芙莱莎、富克拉等等。但有些国际品牌也是在国内生产的，向英国品牌芝华仕沙发就是生产于深圳。目前在国内家具最大的生产基地应是广东了，国内较为知名的品牌家具多数产于深圳、东莞、广州、中山、顺德，每年3月和8月国内最大的家具展会就在这里召开，届时，国内许多的家具厂商和经销商都会云集在广东。但近几年浙江的家具也在迅速崛起，象大风范、国森、雄族等品牌也占据了一大部分市场。还有北京也有很多做的不错的品牌，以曲美和标致最有代表性。其他向东北、四川、河北、山东都有些品牌家具，但占的比重比较小了。</p><p style=\"box-sizing: border-box; margin-top: 1.6rem; margin-bottom: 1.6rem; color: rgb(51, 51, 51); font-family: &quot;Segoe UI&quot;, &quot;Lucida Grande&quot;, Helvetica, Arial, &quot;Microsoft YaHei&quot;, FreeSans, Arimo, &quot;Droid Sans&quot;, &quot;wenquanyi micro hei&quot;, &quot;Hiragino Sans GB&quot;, &quot;Hiragino Sans GB W3&quot;, FontAwesome, sans-serif; text-indent: 24px; white-space: normal;\">6、怎样区分产品的档次呢？ 其实主要看价格，卧房、沙发、床都可以从价格上分出中高低档。例如套房（5件）从一两千元到几万元不等，那么我们把价位在4000元以下的定为中低档产品，价位4000元—8000元定位中档产品，价位8000元至20000元定位中高档产品，2万元以上的定位高档产品。但也不是一成不变的，其实并没有一个具体的标准来准确的划分，只是我们对产品熟悉了，自然会给产品进行定位。再例如沙发的档次定位，2000元以下的为中低档，2000—5000属中档，5000—10000属中高档，10000元以上的为高档。床在1000元以下的为中低档，1000—4000元为中档，4000至10000为中高档，1万以上为高档。</p><p><br/></p>','卡号的，沙发上，第三发','2017-09-22 00:00:00','220',1,'1、按家具从风格上可以分为： 现代家具、欧式古典家具、美式家具、中式古典家具（也就是红木家具），还有近两年比较流行的新古典系列家具等等。2、按所用材料将家具分为： 实木家具、板式家具、软体家具、藤编家具...'),(53,'<p style=\"box-sizing: border-box; margin-top: 0px; margin-bottom: 1.6rem; color: rgb(51, 51, 51); font-family: &quot;Segoe UI&quot;, &quot;Lucida Grande&quot;, Helvetica, Arial, &quot;Microsoft YaHei&quot;, FreeSans, Arimo, &quot;Droid Sans&quot;, &quot;wenquanyi micro hei&quot;, &quot;Hiragino Sans GB&quot;, &quot;Hiragino Sans GB W3&quot;, FontAwesome, sans-serif; text-indent: 24px; white-space: normal;\">1、按家具从风格上可以分为： 现代家具、欧式古典家具、美式家具、中式古典家具（也就是红木家具），还有近两年比较流行的新古典系列家具等等。</p><p style=\"box-sizing: border-box; margin-top: 1.6rem; margin-bottom: 1.6rem; color: rgb(51, 51, 51); font-family: &quot;Segoe UI&quot;, &quot;Lucida Grande&quot;, Helvetica, Arial, &quot;Microsoft YaHei&quot;, FreeSans, Arimo, &quot;Droid Sans&quot;, &quot;wenquanyi micro hei&quot;, &quot;Hiragino Sans GB&quot;, &quot;Hiragino Sans GB W3&quot;, FontAwesome, sans-serif; text-indent: 24px; white-space: normal;\">2、按所用材料将家具分为： 实木家具、板式家具、软体家具、藤编家具、竹编家具、钢木家具和其他人造材材料制成的家具（例如玻璃家具、大理石家具等）。</p><p style=\"box-sizing: border-box; margin-top: 1.6rem; margin-bottom: 1.6rem; color: rgb(51, 51, 51); font-family: &quot;Segoe UI&quot;, &quot;Lucida Grande&quot;, Helvetica, Arial, &quot;Microsoft YaHei&quot;, FreeSans, Arimo, &quot;Droid Sans&quot;, &quot;wenquanyi micro hei&quot;, &quot;Hiragino Sans GB&quot;, &quot;Hiragino Sans GB W3&quot;, FontAwesome, sans-serif; text-indent: 24px; white-space: normal;\">3、按功能可按家具分为： 客厅家具、卧室家具、书房家具、厨房家具（设备）和辅助家具等几类。</p><p style=\"box-sizing: border-box; margin-top: 1.6rem; margin-bottom: 1.6rem; color: rgb(51, 51, 51); font-family: &quot;Segoe UI&quot;, &quot;Lucida Grande&quot;, Helvetica, Arial, &quot;Microsoft YaHei&quot;, FreeSans, Arimo, &quot;Droid Sans&quot;, &quot;wenquanyi micro hei&quot;, &quot;Hiragino Sans GB&quot;, &quot;Hiragino Sans GB W3&quot;, FontAwesome, sans-serif; text-indent: 24px; white-space: normal;\">4、按家具产品的档次分类可分为： 高档、中高档、中档、中低档、低档。</p><p style=\"box-sizing: border-box; margin-top: 1.6rem; margin-bottom: 1.6rem; color: rgb(51, 51, 51); font-family: &quot;Segoe UI&quot;, &quot;Lucida Grande&quot;, Helvetica, Arial, &quot;Microsoft YaHei&quot;, FreeSans, Arimo, &quot;Droid Sans&quot;, &quot;wenquanyi micro hei&quot;, &quot;Hiragino Sans GB&quot;, &quot;Hiragino Sans GB W3&quot;, FontAwesome, sans-serif; text-indent: 24px; white-space: normal;\">5、产品的产地划分： 可分为进口家具和国产家具，也就是国际品牌和国内品牌，国际品牌在上海比较多，在北京的集中在中粮广场，向北欧风情、达.芬奇、芙莱莎、富克拉等等。但有些国际品牌也是在国内生产的，向英国品牌芝华仕沙发就是生产于深圳。目前在国内家具最大的生产基地应是广东了，国内较为知名的品牌家具多数产于深圳、东莞、广州、中山、顺德，每年3月和8月国内最大的家具展会就在这里召开，届时，国内许多的家具厂商和经销商都会云集在广东。但近几年浙江的家具也在迅速崛起，象大风范、国森、雄族等品牌也占据了一大部分市场。还有北京也有很多做的不错的品牌，以曲美和标致最有代表性。其他向东北、四川、河北、山东都有些品牌家具，但占的比重比较小了。</p><p style=\"box-sizing: border-box; margin-top: 1.6rem; margin-bottom: 1.6rem; color: rgb(51, 51, 51); font-family: &quot;Segoe UI&quot;, &quot;Lucida Grande&quot;, Helvetica, Arial, &quot;Microsoft YaHei&quot;, FreeSans, Arimo, &quot;Droid Sans&quot;, &quot;wenquanyi micro hei&quot;, &quot;Hiragino Sans GB&quot;, &quot;Hiragino Sans GB W3&quot;, FontAwesome, sans-serif; text-indent: 24px; white-space: normal;\">6、怎样区分产品的档次呢？ 其实主要看价格，卧房、沙发、床都可以从价格上分出中高低档。例如套房（5件）从一两千元到几万元不等，那么我们把价位在4000元以下的定为中低档产品，价位4000元—8000元定位中档产品，价位8000元至20000元定位中高档产品，2万元以上的定位高档产品。但也不是一成不变的，其实并没有一个具体的标准来准确的划分，只是我们对产品熟悉了，自然会给产品进行定位。再例如沙发的档次定位，2000元以下的为中低档，2000—5000属中档，5000—10000属中高档，10000元以上的为高档。床在1000元以下的为中低档，1000—4000元为中档，4000至10000为中高档，1万以上为高档。</p><p><br/></p>','卡号的，沙发上，第三发','2017-09-23 00:00:00','234',5,'1、按家具从风格上可以分为： 现代家具、欧式古典家具、美式家具、中式古典家具（也就是红木家具），还有近两年比较流行的新古典系列家具等等。2、按所用材料将家具分为： 实木家具、板式家具、软体家具、藤编家具...'),(54,'<p style=\"box-sizing: border-box; margin-top: 0px; margin-bottom: 1.6rem; color: rgb(51, 51, 51); font-family: &quot;Segoe UI&quot;, &quot;Lucida Grande&quot;, Helvetica, Arial, &quot;Microsoft YaHei&quot;, FreeSans, Arimo, &quot;Droid Sans&quot;, &quot;wenquanyi micro hei&quot;, &quot;Hiragino Sans GB&quot;, &quot;Hiragino Sans GB W3&quot;, FontAwesome, sans-serif; text-indent: 24px; white-space: normal;\">1、按家具从风格上可以分为： 现代家具、欧式古典家具、美式家具、中式古典家具（也就是红木家具），还有近两年比较流行的新古典系列家具等等。</p><p style=\"box-sizing: border-box; margin-top: 1.6rem; margin-bottom: 1.6rem; color: rgb(51, 51, 51); font-family: &quot;Segoe UI&quot;, &quot;Lucida Grande&quot;, Helvetica, Arial, &quot;Microsoft YaHei&quot;, FreeSans, Arimo, &quot;Droid Sans&quot;, &quot;wenquanyi micro hei&quot;, &quot;Hiragino Sans GB&quot;, &quot;Hiragino Sans GB W3&quot;, FontAwesome, sans-serif; text-indent: 24px; white-space: normal;\">2、按所用材料将家具分为： 实木家具、板式家具、软体家具、藤编家具、竹编家具、钢木家具和其他人造材材料制成的家具（例如玻璃家具、大理石家具等）。</p><p style=\"box-sizing: border-box; margin-top: 1.6rem; margin-bottom: 1.6rem; color: rgb(51, 51, 51); font-family: &quot;Segoe UI&quot;, &quot;Lucida Grande&quot;, Helvetica, Arial, &quot;Microsoft YaHei&quot;, FreeSans, Arimo, &quot;Droid Sans&quot;, &quot;wenquanyi micro hei&quot;, &quot;Hiragino Sans GB&quot;, &quot;Hiragino Sans GB W3&quot;, FontAwesome, sans-serif; text-indent: 24px; white-space: normal;\">3、按功能可按家具分为： 客厅家具、卧室家具、书房家具、厨房家具（设备）和辅助家具等几类。</p><p style=\"box-sizing: border-box; margin-top: 1.6rem; margin-bottom: 1.6rem; color: rgb(51, 51, 51); font-family: &quot;Segoe UI&quot;, &quot;Lucida Grande&quot;, Helvetica, Arial, &quot;Microsoft YaHei&quot;, FreeSans, Arimo, &quot;Droid Sans&quot;, &quot;wenquanyi micro hei&quot;, &quot;Hiragino Sans GB&quot;, &quot;Hiragino Sans GB W3&quot;, FontAwesome, sans-serif; text-indent: 24px; white-space: normal;\">4、按家具产品的档次分类可分为： 高档、中高档、中档、中低档、低档。</p><p style=\"box-sizing: border-box; margin-top: 1.6rem; margin-bottom: 1.6rem; color: rgb(51, 51, 51); font-family: &quot;Segoe UI&quot;, &quot;Lucida Grande&quot;, Helvetica, Arial, &quot;Microsoft YaHei&quot;, FreeSans, Arimo, &quot;Droid Sans&quot;, &quot;wenquanyi micro hei&quot;, &quot;Hiragino Sans GB&quot;, &quot;Hiragino Sans GB W3&quot;, FontAwesome, sans-serif; text-indent: 24px; white-space: normal;\">5、产品的产地划分： 可分为进口家具和国产家具，也就是国际品牌和国内品牌，国际品牌在上海比较多，在北京的集中在中粮广场，向北欧风情、达.芬奇、芙莱莎、富克拉等等。但有些国际品牌也是在国内生产的，向英国品牌芝华仕沙发就是生产于深圳。目前在国内家具最大的生产基地应是广东了，国内较为知名的品牌家具多数产于深圳、东莞、广州、中山、顺德，每年3月和8月国内最大的家具展会就在这里召开，届时，国内许多的家具厂商和经销商都会云集在广东。但近几年浙江的家具也在迅速崛起，象大风范、国森、雄族等品牌也占据了一大部分市场。还有北京也有很多做的不错的品牌，以曲美和标致最有代表性。其他向东北、四川、河北、山东都有些品牌家具，但占的比重比较小了。</p><p style=\"box-sizing: border-box; margin-top: 1.6rem; margin-bottom: 1.6rem; color: rgb(51, 51, 51); font-family: &quot;Segoe UI&quot;, &quot;Lucida Grande&quot;, Helvetica, Arial, &quot;Microsoft YaHei&quot;, FreeSans, Arimo, &quot;Droid Sans&quot;, &quot;wenquanyi micro hei&quot;, &quot;Hiragino Sans GB&quot;, &quot;Hiragino Sans GB W3&quot;, FontAwesome, sans-serif; text-indent: 24px; white-space: normal;\">6、怎样区分产品的档次呢？ 其实主要看价格，卧房、沙发、床都可以从价格上分出中高低档。例如套房（5件）从一两千元到几万元不等，那么我们把价位在4000元以下的定为中低档产品，价位4000元—8000元定位中档产品，价位8000元至20000元定位中高档产品，2万元以上的定位高档产品。但也不是一成不变的，其实并没有一个具体的标准来准确的划分，只是我们对产品熟悉了，自然会给产品进行定位。再例如沙发的档次定位，2000元以下的为中低档，2000—5000属中档，5000—10000属中高档，10000元以上的为高档。床在1000元以下的为中低档，1000—4000元为中档，4000至10000为中高档，1万以上为高档。</p><p><br/></p>','卡号的，沙发上，第三发','2017-09-24 00:00:00','242',3,'1、按家具从风格上可以分为： 现代家具、欧式古典家具、美式家具、中式古典家具（也就是红木家具），还有近两年比较流行的新古典系列家具等等。2、按所用材料将家具分为： 实木家具、板式家具、软体家具、藤编家具...'),(55,'<p style=\"box-sizing: border-box; margin-top: 0px; margin-bottom: 1.6rem; color: rgb(51, 51, 51); font-family: &quot;Segoe UI&quot;, &quot;Lucida Grande&quot;, Helvetica, Arial, &quot;Microsoft YaHei&quot;, FreeSans, Arimo, &quot;Droid Sans&quot;, &quot;wenquanyi micro hei&quot;, &quot;Hiragino Sans GB&quot;, &quot;Hiragino Sans GB W3&quot;, FontAwesome, sans-serif; text-indent: 24px; white-space: normal;\">1、按家具从风格上可以分为： 现代家具、欧式古典家具、美式家具、中式古典家具（也就是红木家具），还有近两年比较流行的新古典系列家具等等。</p><p style=\"box-sizing: border-box; margin-top: 1.6rem; margin-bottom: 1.6rem; color: rgb(51, 51, 51); font-family: &quot;Segoe UI&quot;, &quot;Lucida Grande&quot;, Helvetica, Arial, &quot;Microsoft YaHei&quot;, FreeSans, Arimo, &quot;Droid Sans&quot;, &quot;wenquanyi micro hei&quot;, &quot;Hiragino Sans GB&quot;, &quot;Hiragino Sans GB W3&quot;, FontAwesome, sans-serif; text-indent: 24px; white-space: normal;\">2、按所用材料将家具分为： 实木家具、板式家具、软体家具、藤编家具、竹编家具、钢木家具和其他人造材材料制成的家具（例如玻璃家具、大理石家具等）。</p><p style=\"box-sizing: border-box; margin-top: 1.6rem; margin-bottom: 1.6rem; color: rgb(51, 51, 51); font-family: &quot;Segoe UI&quot;, &quot;Lucida Grande&quot;, Helvetica, Arial, &quot;Microsoft YaHei&quot;, FreeSans, Arimo, &quot;Droid Sans&quot;, &quot;wenquanyi micro hei&quot;, &quot;Hiragino Sans GB&quot;, &quot;Hiragino Sans GB W3&quot;, FontAwesome, sans-serif; text-indent: 24px; white-space: normal;\">3、按功能可按家具分为： 客厅家具、卧室家具、书房家具、厨房家具（设备）和辅助家具等几类。</p><p style=\"box-sizing: border-box; margin-top: 1.6rem; margin-bottom: 1.6rem; color: rgb(51, 51, 51); font-family: &quot;Segoe UI&quot;, &quot;Lucida Grande&quot;, Helvetica, Arial, &quot;Microsoft YaHei&quot;, FreeSans, Arimo, &quot;Droid Sans&quot;, &quot;wenquanyi micro hei&quot;, &quot;Hiragino Sans GB&quot;, &quot;Hiragino Sans GB W3&quot;, FontAwesome, sans-serif; text-indent: 24px; white-space: normal;\">4、按家具产品的档次分类可分为： 高档、中高档、中档、中低档、低档。</p><p style=\"box-sizing: border-box; margin-top: 1.6rem; margin-bottom: 1.6rem; color: rgb(51, 51, 51); font-family: &quot;Segoe UI&quot;, &quot;Lucida Grande&quot;, Helvetica, Arial, &quot;Microsoft YaHei&quot;, FreeSans, Arimo, &quot;Droid Sans&quot;, &quot;wenquanyi micro hei&quot;, &quot;Hiragino Sans GB&quot;, &quot;Hiragino Sans GB W3&quot;, FontAwesome, sans-serif; text-indent: 24px; white-space: normal;\">5、产品的产地划分： 可分为进口家具和国产家具，也就是国际品牌和国内品牌，国际品牌在上海比较多，在北京的集中在中粮广场，向北欧风情、达.芬奇、芙莱莎、富克拉等等。但有些国际品牌也是在国内生产的，向英国品牌芝华仕沙发就是生产于深圳。目前在国内家具最大的生产基地应是广东了，国内较为知名的品牌家具多数产于深圳、东莞、广州、中山、顺德，每年3月和8月国内最大的家具展会就在这里召开，届时，国内许多的家具厂商和经销商都会云集在广东。但近几年浙江的家具也在迅速崛起，象大风范、国森、雄族等品牌也占据了一大部分市场。还有北京也有很多做的不错的品牌，以曲美和标致最有代表性。其他向东北、四川、河北、山东都有些品牌家具，但占的比重比较小了。</p><p style=\"box-sizing: border-box; margin-top: 1.6rem; margin-bottom: 1.6rem; color: rgb(51, 51, 51); font-family: &quot;Segoe UI&quot;, &quot;Lucida Grande&quot;, Helvetica, Arial, &quot;Microsoft YaHei&quot;, FreeSans, Arimo, &quot;Droid Sans&quot;, &quot;wenquanyi micro hei&quot;, &quot;Hiragino Sans GB&quot;, &quot;Hiragino Sans GB W3&quot;, FontAwesome, sans-serif; text-indent: 24px; white-space: normal;\">6、怎样区分产品的档次呢？ 其实主要看价格，卧房、沙发、床都可以从价格上分出中高低档。例如套房（5件）从一两千元到几万元不等，那么我们把价位在4000元以下的定为中低档产品，价位4000元—8000元定位中档产品，价位8000元至20000元定位中高档产品，2万元以上的定位高档产品。但也不是一成不变的，其实并没有一个具体的标准来准确的划分，只是我们对产品熟悉了，自然会给产品进行定位。再例如沙发的档次定位，2000元以下的为中低档，2000—5000属中档，5000—10000属中高档，10000元以上的为高档。床在1000元以下的为中低档，1000—4000元为中档，4000至10000为中高档，1万以上为高档。</p><p><br/></p>','卡号的，沙发上，第三发','2017-09-25 00:00:00','251',2,'1、按家具从风格上可以分为： 现代家具、欧式古典家具、美式家具、中式古典家具（也就是红木家具），还有近两年比较流行的新古典系列家具等等。2、按所用材料将家具分为： 实木家具、板式家具、软体家具、藤编家具...'),(56,'<p style=\"box-sizing: border-box; margin-top: 0px; margin-bottom: 1.6rem; color: rgb(51, 51, 51); font-family: &quot;Segoe UI&quot;, &quot;Lucida Grande&quot;, Helvetica, Arial, &quot;Microsoft YaHei&quot;, FreeSans, Arimo, &quot;Droid Sans&quot;, &quot;wenquanyi micro hei&quot;, &quot;Hiragino Sans GB&quot;, &quot;Hiragino Sans GB W3&quot;, FontAwesome, sans-serif; text-indent: 24px; white-space: normal;\">1、按家具从风格上可以分为： 现代家具、欧式古典家具、美式家具、中式古典家具（也就是红木家具），还有近两年比较流行的新古典系列家具等等。</p><p style=\"box-sizing: border-box; margin-top: 1.6rem; margin-bottom: 1.6rem; color: rgb(51, 51, 51); font-family: &quot;Segoe UI&quot;, &quot;Lucida Grande&quot;, Helvetica, Arial, &quot;Microsoft YaHei&quot;, FreeSans, Arimo, &quot;Droid Sans&quot;, &quot;wenquanyi micro hei&quot;, &quot;Hiragino Sans GB&quot;, &quot;Hiragino Sans GB W3&quot;, FontAwesome, sans-serif; text-indent: 24px; white-space: normal;\">2、按所用材料将家具分为： 实木家具、板式家具、软体家具、藤编家具、竹编家具、钢木家具和其他人造材材料制成的家具（例如玻璃家具、大理石家具等）。</p><p style=\"box-sizing: border-box; margin-top: 1.6rem; margin-bottom: 1.6rem; color: rgb(51, 51, 51); font-family: &quot;Segoe UI&quot;, &quot;Lucida Grande&quot;, Helvetica, Arial, &quot;Microsoft YaHei&quot;, FreeSans, Arimo, &quot;Droid Sans&quot;, &quot;wenquanyi micro hei&quot;, &quot;Hiragino Sans GB&quot;, &quot;Hiragino Sans GB W3&quot;, FontAwesome, sans-serif; text-indent: 24px; white-space: normal;\">3、按功能可按家具分为： 客厅家具、卧室家具、书房家具、厨房家具（设备）和辅助家具等几类。</p><p style=\"box-sizing: border-box; margin-top: 1.6rem; margin-bottom: 1.6rem; color: rgb(51, 51, 51); font-family: &quot;Segoe UI&quot;, &quot;Lucida Grande&quot;, Helvetica, Arial, &quot;Microsoft YaHei&quot;, FreeSans, Arimo, &quot;Droid Sans&quot;, &quot;wenquanyi micro hei&quot;, &quot;Hiragino Sans GB&quot;, &quot;Hiragino Sans GB W3&quot;, FontAwesome, sans-serif; text-indent: 24px; white-space: normal;\">4、按家具产品的档次分类可分为： 高档、中高档、中档、中低档、低档。</p><p style=\"box-sizing: border-box; margin-top: 1.6rem; margin-bottom: 1.6rem; color: rgb(51, 51, 51); font-family: &quot;Segoe UI&quot;, &quot;Lucida Grande&quot;, Helvetica, Arial, &quot;Microsoft YaHei&quot;, FreeSans, Arimo, &quot;Droid Sans&quot;, &quot;wenquanyi micro hei&quot;, &quot;Hiragino Sans GB&quot;, &quot;Hiragino Sans GB W3&quot;, FontAwesome, sans-serif; text-indent: 24px; white-space: normal;\">5、产品的产地划分： 可分为进口家具和国产家具，也就是国际品牌和国内品牌，国际品牌在上海比较多，在北京的集中在中粮广场，向北欧风情、达.芬奇、芙莱莎、富克拉等等。但有些国际品牌也是在国内生产的，向英国品牌芝华仕沙发就是生产于深圳。目前在国内家具最大的生产基地应是广东了，国内较为知名的品牌家具多数产于深圳、东莞、广州、中山、顺德，每年3月和8月国内最大的家具展会就在这里召开，届时，国内许多的家具厂商和经销商都会云集在广东。但近几年浙江的家具也在迅速崛起，象大风范、国森、雄族等品牌也占据了一大部分市场。还有北京也有很多做的不错的品牌，以曲美和标致最有代表性。其他向东北、四川、河北、山东都有些品牌家具，但占的比重比较小了。</p><p style=\"box-sizing: border-box; margin-top: 1.6rem; margin-bottom: 1.6rem; color: rgb(51, 51, 51); font-family: &quot;Segoe UI&quot;, &quot;Lucida Grande&quot;, Helvetica, Arial, &quot;Microsoft YaHei&quot;, FreeSans, Arimo, &quot;Droid Sans&quot;, &quot;wenquanyi micro hei&quot;, &quot;Hiragino Sans GB&quot;, &quot;Hiragino Sans GB W3&quot;, FontAwesome, sans-serif; text-indent: 24px; white-space: normal;\">6、怎样区分产品的档次呢？ 其实主要看价格，卧房、沙发、床都可以从价格上分出中高低档。例如套房（5件）从一两千元到几万元不等，那么我们把价位在4000元以下的定为中低档产品，价位4000元—8000元定位中档产品，价位8000元至20000元定位中高档产品，2万元以上的定位高档产品。但也不是一成不变的，其实并没有一个具体的标准来准确的划分，只是我们对产品熟悉了，自然会给产品进行定位。再例如沙发的档次定位，2000元以下的为中低档，2000—5000属中档，5000—10000属中高档，10000元以上的为高档。床在1000元以下的为中低档，1000—4000元为中档，4000至10000为中高档，1万以上为高档。</p><p><br/></p>','卡号的，沙发上，第三发','2017-09-26 00:00:00','263',4,'1、按家具从风格上可以分为： 现代家具、欧式古典家具、美式家具、中式古典家具（也就是红木家具），还有近两年比较流行的新古典系列家具等等。2、按所用材料将家具分为： 实木家具、板式家具、软体家具、藤编家具...'),(57,'<p style=\"box-sizing: border-box; margin-top: 0px; margin-bottom: 1.6rem; color: rgb(51, 51, 51); font-family: &quot;Segoe UI&quot;, &quot;Lucida Grande&quot;, Helvetica, Arial, &quot;Microsoft YaHei&quot;, FreeSans, Arimo, &quot;Droid Sans&quot;, &quot;wenquanyi micro hei&quot;, &quot;Hiragino Sans GB&quot;, &quot;Hiragino Sans GB W3&quot;, FontAwesome, sans-serif; text-indent: 24px; white-space: normal;\">1、按家具从风格上可以分为： 现代家具、欧式古典家具、美式家具、中式古典家具（也就是红木家具），还有近两年比较流行的新古典系列家具等等。</p><p style=\"box-sizing: border-box; margin-top: 1.6rem; margin-bottom: 1.6rem; color: rgb(51, 51, 51); font-family: &quot;Segoe UI&quot;, &quot;Lucida Grande&quot;, Helvetica, Arial, &quot;Microsoft YaHei&quot;, FreeSans, Arimo, &quot;Droid Sans&quot;, &quot;wenquanyi micro hei&quot;, &quot;Hiragino Sans GB&quot;, &quot;Hiragino Sans GB W3&quot;, FontAwesome, sans-serif; text-indent: 24px; white-space: normal;\">2、按所用材料将家具分为： 实木家具、板式家具、软体家具、藤编家具、竹编家具、钢木家具和其他人造材材料制成的家具（例如玻璃家具、大理石家具等）。</p><p style=\"box-sizing: border-box; margin-top: 1.6rem; margin-bottom: 1.6rem; color: rgb(51, 51, 51); font-family: &quot;Segoe UI&quot;, &quot;Lucida Grande&quot;, Helvetica, Arial, &quot;Microsoft YaHei&quot;, FreeSans, Arimo, &quot;Droid Sans&quot;, &quot;wenquanyi micro hei&quot;, &quot;Hiragino Sans GB&quot;, &quot;Hiragino Sans GB W3&quot;, FontAwesome, sans-serif; text-indent: 24px; white-space: normal;\">3、按功能可按家具分为： 客厅家具、卧室家具、书房家具、厨房家具（设备）和辅助家具等几类。</p><p style=\"box-sizing: border-box; margin-top: 1.6rem; margin-bottom: 1.6rem; color: rgb(51, 51, 51); font-family: &quot;Segoe UI&quot;, &quot;Lucida Grande&quot;, Helvetica, Arial, &quot;Microsoft YaHei&quot;, FreeSans, Arimo, &quot;Droid Sans&quot;, &quot;wenquanyi micro hei&quot;, &quot;Hiragino Sans GB&quot;, &quot;Hiragino Sans GB W3&quot;, FontAwesome, sans-serif; text-indent: 24px; white-space: normal;\">4、按家具产品的档次分类可分为： 高档、中高档、中档、中低档、低档。</p><p style=\"box-sizing: border-box; margin-top: 1.6rem; margin-bottom: 1.6rem; color: rgb(51, 51, 51); font-family: &quot;Segoe UI&quot;, &quot;Lucida Grande&quot;, Helvetica, Arial, &quot;Microsoft YaHei&quot;, FreeSans, Arimo, &quot;Droid Sans&quot;, &quot;wenquanyi micro hei&quot;, &quot;Hiragino Sans GB&quot;, &quot;Hiragino Sans GB W3&quot;, FontAwesome, sans-serif; text-indent: 24px; white-space: normal;\">5、产品的产地划分： 可分为进口家具和国产家具，也就是国际品牌和国内品牌，国际品牌在上海比较多，在北京的集中在中粮广场，向北欧风情、达.芬奇、芙莱莎、富克拉等等。但有些国际品牌也是在国内生产的，向英国品牌芝华仕沙发就是生产于深圳。目前在国内家具最大的生产基地应是广东了，国内较为知名的品牌家具多数产于深圳、东莞、广州、中山、顺德，每年3月和8月国内最大的家具展会就在这里召开，届时，国内许多的家具厂商和经销商都会云集在广东。但近几年浙江的家具也在迅速崛起，象大风范、国森、雄族等品牌也占据了一大部分市场。还有北京也有很多做的不错的品牌，以曲美和标致最有代表性。其他向东北、四川、河北、山东都有些品牌家具，但占的比重比较小了。</p><p style=\"box-sizing: border-box; margin-top: 1.6rem; margin-bottom: 1.6rem; color: rgb(51, 51, 51); font-family: &quot;Segoe UI&quot;, &quot;Lucida Grande&quot;, Helvetica, Arial, &quot;Microsoft YaHei&quot;, FreeSans, Arimo, &quot;Droid Sans&quot;, &quot;wenquanyi micro hei&quot;, &quot;Hiragino Sans GB&quot;, &quot;Hiragino Sans GB W3&quot;, FontAwesome, sans-serif; text-indent: 24px; white-space: normal;\">6、怎样区分产品的档次呢？ 其实主要看价格，卧房、沙发、床都可以从价格上分出中高低档。例如套房（5件）从一两千元到几万元不等，那么我们把价位在4000元以下的定为中低档产品，价位4000元—8000元定位中档产品，价位8000元至20000元定位中高档产品，2万元以上的定位高档产品。但也不是一成不变的，其实并没有一个具体的标准来准确的划分，只是我们对产品熟悉了，自然会给产品进行定位。再例如沙发的档次定位，2000元以下的为中低档，2000—5000属中档，5000—10000属中高档，10000元以上的为高档。床在1000元以下的为中低档，1000—4000元为中档，4000至10000为中高档，1万以上为高档。</p><p><br/></p>','卡号的，沙发上，第三发','2017-09-27 00:00:00','273',4,'1、按家具从风格上可以分为： 现代家具、欧式古典家具、美式家具、中式古典家具（也就是红木家具），还有近两年比较流行的新古典系列家具等等。2、按所用材料将家具分为： 实木家具、板式家具、软体家具、藤编家具...'),(58,'<p style=\"box-sizing: border-box; margin-top: 0px; margin-bottom: 1.6rem; color: rgb(51, 51, 51); font-family: &quot;Segoe UI&quot;, &quot;Lucida Grande&quot;, Helvetica, Arial, &quot;Microsoft YaHei&quot;, FreeSans, Arimo, &quot;Droid Sans&quot;, &quot;wenquanyi micro hei&quot;, &quot;Hiragino Sans GB&quot;, &quot;Hiragino Sans GB W3&quot;, FontAwesome, sans-serif; text-indent: 24px; white-space: normal;\">1、按家具从风格上可以分为： 现代家具、欧式古典家具、美式家具、中式古典家具（也就是红木家具），还有近两年比较流行的新古典系列家具等等。</p><p style=\"box-sizing: border-box; margin-top: 1.6rem; margin-bottom: 1.6rem; color: rgb(51, 51, 51); font-family: &quot;Segoe UI&quot;, &quot;Lucida Grande&quot;, Helvetica, Arial, &quot;Microsoft YaHei&quot;, FreeSans, Arimo, &quot;Droid Sans&quot;, &quot;wenquanyi micro hei&quot;, &quot;Hiragino Sans GB&quot;, &quot;Hiragino Sans GB W3&quot;, FontAwesome, sans-serif; text-indent: 24px; white-space: normal;\">2、按所用材料将家具分为： 实木家具、板式家具、软体家具、藤编家具、竹编家具、钢木家具和其他人造材材料制成的家具（例如玻璃家具、大理石家具等）。</p><p style=\"box-sizing: border-box; margin-top: 1.6rem; margin-bottom: 1.6rem; color: rgb(51, 51, 51); font-family: &quot;Segoe UI&quot;, &quot;Lucida Grande&quot;, Helvetica, Arial, &quot;Microsoft YaHei&quot;, FreeSans, Arimo, &quot;Droid Sans&quot;, &quot;wenquanyi micro hei&quot;, &quot;Hiragino Sans GB&quot;, &quot;Hiragino Sans GB W3&quot;, FontAwesome, sans-serif; text-indent: 24px; white-space: normal;\">3、按功能可按家具分为： 客厅家具、卧室家具、书房家具、厨房家具（设备）和辅助家具等几类。</p><p style=\"box-sizing: border-box; margin-top: 1.6rem; margin-bottom: 1.6rem; color: rgb(51, 51, 51); font-family: &quot;Segoe UI&quot;, &quot;Lucida Grande&quot;, Helvetica, Arial, &quot;Microsoft YaHei&quot;, FreeSans, Arimo, &quot;Droid Sans&quot;, &quot;wenquanyi micro hei&quot;, &quot;Hiragino Sans GB&quot;, &quot;Hiragino Sans GB W3&quot;, FontAwesome, sans-serif; text-indent: 24px; white-space: normal;\">4、按家具产品的档次分类可分为： 高档、中高档、中档、中低档、低档。</p><p style=\"box-sizing: border-box; margin-top: 1.6rem; margin-bottom: 1.6rem; color: rgb(51, 51, 51); font-family: &quot;Segoe UI&quot;, &quot;Lucida Grande&quot;, Helvetica, Arial, &quot;Microsoft YaHei&quot;, FreeSans, Arimo, &quot;Droid Sans&quot;, &quot;wenquanyi micro hei&quot;, &quot;Hiragino Sans GB&quot;, &quot;Hiragino Sans GB W3&quot;, FontAwesome, sans-serif; text-indent: 24px; white-space: normal;\">5、产品的产地划分： 可分为进口家具和国产家具，也就是国际品牌和国内品牌，国际品牌在上海比较多，在北京的集中在中粮广场，向北欧风情、达.芬奇、芙莱莎、富克拉等等。但有些国际品牌也是在国内生产的，向英国品牌芝华仕沙发就是生产于深圳。目前在国内家具最大的生产基地应是广东了，国内较为知名的品牌家具多数产于深圳、东莞、广州、中山、顺德，每年3月和8月国内最大的家具展会就在这里召开，届时，国内许多的家具厂商和经销商都会云集在广东。但近几年浙江的家具也在迅速崛起，象大风范、国森、雄族等品牌也占据了一大部分市场。还有北京也有很多做的不错的品牌，以曲美和标致最有代表性。其他向东北、四川、河北、山东都有些品牌家具，但占的比重比较小了。</p><p style=\"box-sizing: border-box; margin-top: 1.6rem; margin-bottom: 1.6rem; color: rgb(51, 51, 51); font-family: &quot;Segoe UI&quot;, &quot;Lucida Grande&quot;, Helvetica, Arial, &quot;Microsoft YaHei&quot;, FreeSans, Arimo, &quot;Droid Sans&quot;, &quot;wenquanyi micro hei&quot;, &quot;Hiragino Sans GB&quot;, &quot;Hiragino Sans GB W3&quot;, FontAwesome, sans-serif; text-indent: 24px; white-space: normal;\">6、怎样区分产品的档次呢？ 其实主要看价格，卧房、沙发、床都可以从价格上分出中高低档。例如套房（5件）从一两千元到几万元不等，那么我们把价位在4000元以下的定为中低档产品，价位4000元—8000元定位中档产品，价位8000元至20000元定位中高档产品，2万元以上的定位高档产品。但也不是一成不变的，其实并没有一个具体的标准来准确的划分，只是我们对产品熟悉了，自然会给产品进行定位。再例如沙发的档次定位，2000元以下的为中低档，2000—5000属中档，5000—10000属中高档，10000元以上的为高档。床在1000元以下的为中低档，1000—4000元为中档，4000至10000为中高档，1万以上为高档。</p><p><br/></p>','卡号的，沙发上，第三发','2017-09-28 00:00:00','283',4,'1、按家具从风格上可以分为： 现代家具、欧式古典家具、美式家具、中式古典家具（也就是红木家具），还有近两年比较流行的新古典系列家具等等。2、按所用材料将家具分为： 实木家具、板式家具、软体家具、藤编家具...'),(59,'<p style=\"box-sizing: border-box; margin-top: 0px; margin-bottom: 1.6rem; color: rgb(51, 51, 51); font-family: &quot;Segoe UI&quot;, &quot;Lucida Grande&quot;, Helvetica, Arial, &quot;Microsoft YaHei&quot;, FreeSans, Arimo, &quot;Droid Sans&quot;, &quot;wenquanyi micro hei&quot;, &quot;Hiragino Sans GB&quot;, &quot;Hiragino Sans GB W3&quot;, FontAwesome, sans-serif; text-indent: 24px; white-space: normal;\">1、按家具从风格上可以分为： 现代家具、欧式古典家具、美式家具、中式古典家具（也就是红木家具），还有近两年比较流行的新古典系列家具等等。</p><p style=\"box-sizing: border-box; margin-top: 1.6rem; margin-bottom: 1.6rem; color: rgb(51, 51, 51); font-family: &quot;Segoe UI&quot;, &quot;Lucida Grande&quot;, Helvetica, Arial, &quot;Microsoft YaHei&quot;, FreeSans, Arimo, &quot;Droid Sans&quot;, &quot;wenquanyi micro hei&quot;, &quot;Hiragino Sans GB&quot;, &quot;Hiragino Sans GB W3&quot;, FontAwesome, sans-serif; text-indent: 24px; white-space: normal;\">2、按所用材料将家具分为： 实木家具、板式家具、软体家具、藤编家具、竹编家具、钢木家具和其他人造材材料制成的家具（例如玻璃家具、大理石家具等）。</p><p style=\"box-sizing: border-box; margin-top: 1.6rem; margin-bottom: 1.6rem; color: rgb(51, 51, 51); font-family: &quot;Segoe UI&quot;, &quot;Lucida Grande&quot;, Helvetica, Arial, &quot;Microsoft YaHei&quot;, FreeSans, Arimo, &quot;Droid Sans&quot;, &quot;wenquanyi micro hei&quot;, &quot;Hiragino Sans GB&quot;, &quot;Hiragino Sans GB W3&quot;, FontAwesome, sans-serif; text-indent: 24px; white-space: normal;\">3、按功能可按家具分为： 客厅家具、卧室家具、书房家具、厨房家具（设备）和辅助家具等几类。</p><p style=\"box-sizing: border-box; margin-top: 1.6rem; margin-bottom: 1.6rem; color: rgb(51, 51, 51); font-family: &quot;Segoe UI&quot;, &quot;Lucida Grande&quot;, Helvetica, Arial, &quot;Microsoft YaHei&quot;, FreeSans, Arimo, &quot;Droid Sans&quot;, &quot;wenquanyi micro hei&quot;, &quot;Hiragino Sans GB&quot;, &quot;Hiragino Sans GB W3&quot;, FontAwesome, sans-serif; text-indent: 24px; white-space: normal;\">4、按家具产品的档次分类可分为： 高档、中高档、中档、中低档、低档。</p><p style=\"box-sizing: border-box; margin-top: 1.6rem; margin-bottom: 1.6rem; color: rgb(51, 51, 51); font-family: &quot;Segoe UI&quot;, &quot;Lucida Grande&quot;, Helvetica, Arial, &quot;Microsoft YaHei&quot;, FreeSans, Arimo, &quot;Droid Sans&quot;, &quot;wenquanyi micro hei&quot;, &quot;Hiragino Sans GB&quot;, &quot;Hiragino Sans GB W3&quot;, FontAwesome, sans-serif; text-indent: 24px; white-space: normal;\">5、产品的产地划分： 可分为进口家具和国产家具，也就是国际品牌和国内品牌，国际品牌在上海比较多，在北京的集中在中粮广场，向北欧风情、达.芬奇、芙莱莎、富克拉等等。但有些国际品牌也是在国内生产的，向英国品牌芝华仕沙发就是生产于深圳。目前在国内家具最大的生产基地应是广东了，国内较为知名的品牌家具多数产于深圳、东莞、广州、中山、顺德，每年3月和8月国内最大的家具展会就在这里召开，届时，国内许多的家具厂商和经销商都会云集在广东。但近几年浙江的家具也在迅速崛起，象大风范、国森、雄族等品牌也占据了一大部分市场。还有北京也有很多做的不错的品牌，以曲美和标致最有代表性。其他向东北、四川、河北、山东都有些品牌家具，但占的比重比较小了。</p><p style=\"box-sizing: border-box; margin-top: 1.6rem; margin-bottom: 1.6rem; color: rgb(51, 51, 51); font-family: &quot;Segoe UI&quot;, &quot;Lucida Grande&quot;, Helvetica, Arial, &quot;Microsoft YaHei&quot;, FreeSans, Arimo, &quot;Droid Sans&quot;, &quot;wenquanyi micro hei&quot;, &quot;Hiragino Sans GB&quot;, &quot;Hiragino Sans GB W3&quot;, FontAwesome, sans-serif; text-indent: 24px; white-space: normal;\">6、怎样区分产品的档次呢？ 其实主要看价格，卧房、沙发、床都可以从价格上分出中高低档。例如套房（5件）从一两千元到几万元不等，那么我们把价位在4000元以下的定为中低档产品，价位4000元—8000元定位中档产品，价位8000元至20000元定位中高档产品，2万元以上的定位高档产品。但也不是一成不变的，其实并没有一个具体的标准来准确的划分，只是我们对产品熟悉了，自然会给产品进行定位。再例如沙发的档次定位，2000元以下的为中低档，2000—5000属中档，5000—10000属中高档，10000元以上的为高档。床在1000元以下的为中低档，1000—4000元为中档，4000至10000为中高档，1万以上为高档。</p><p><br/></p>','卡号的，沙发上，第三发','2017-09-29 00:00:00','291',2,'1、按家具从风格上可以分为： 现代家具、欧式古典家具、美式家具、中式古典家具（也就是红木家具），还有近两年比较流行的新古典系列家具等等。2、按所用材料将家具分为： 实木家具、板式家具、软体家具、藤编家具...'),(60,'<h1 style=\"box-sizing: border-box; margin-top: 1.6rem; margin-bottom: 1.6rem; color: rgb(51, 51, 51); font-family: &quot;Segoe UI&quot;, &quot;Lucida Grande&quot;, Helvetica, Arial, &quot;Microsoft YaHei&quot;, FreeSans, Arimo, &quot;Droid Sans&quot;, &quot;wenquanyi micro hei&quot;, &quot;Hiragino Sans GB&quot;, &quot;Hiragino Sans GB W3&quot;, FontAwesome, sans-serif; text-indent: 24px; white-space: normal;\">1、按家具从风格上可以分为： 现代家具、欧式古典家具、美式家具、中式古典家具（也就是红木家具），还有近两年比较流行的新古典系列家具等等。<br>2、按所用材料将家具分为： 实木家具、板式家具、软体家具、藤编家具、竹编家具、钢木家具和其他人造材材料制成的家具（例如玻璃家具、大理石家具等）。<br>3、按功能可按家具分为： 客厅家具、卧室家具、书房家具、厨房家具（设备）和辅助家具等几类。<br>4、按家具产品的档次分类可分为： 高档、中高档、中档、中低档、低档。<br>5、产品的产地划分： 可分为进口家具和国产家具，也就是国际品牌和国内品牌，国际品牌在上海比较多，在北京的集中在中粮广场，向北欧风情、达.芬奇、芙莱莎、富克拉等等。但有些国际品牌也是在国内生产的，向英国品牌芝华仕沙发就是生产于深圳。目前在国内家具最大的生产基地应是广东了，国内较为知名的品牌家具多数产于深圳、东莞、广州、中山、顺德，每年3月和8月国内最大的家具展会就在这里召开，届时，国内许多的家具厂商和经销商都会云集在广东。但近几年浙江的家具也在迅速崛起，象大风范、国森、雄族等品牌也占据了一大部分市场。还有北京也有很多做的不错的品牌，以曲美和标致最有代表性。其他向东北、四川、河北、山东都有些品牌家具，但占的比重比较小了。<br>6、怎样区分产品的档次呢？ 其实主要看价格，卧房、沙发、床都可以从价格上分出中高低档。例如套房（5件）从一两千元到几万元不等，那么我们把价位在4000元以下的定为中低档产品，价位4000元—8000元定位中档产品，价位8000元至20000元定位中高档产品，2万元以上的定位高档产品。但也不是一成不变的，其实并没有一个具体的标准来准确的划分，只是我们对产品熟悉了，自然会给产品进行定位。再例如沙发的档次定位，2000元以下的为中低档，2000—5000属中档，5000—10000属中高档，10000元以上的为高档。床在1000元以下的为中低档，1000—4000元为中档，4000至10000为中高档，1万以上为高档。</h1><p><br></p>','卡号的，沙发上，第三发','2017-09-30 00:00:00','302',1,'1、按家具从风格上可以分为：现代家具、欧式古典家具、美式家具、中式古典家具（也就是红木家具），还有近两年比较流行的新古典系列家具等等。2、按所用材料将家具分为：实木家具、板式家具、软体家具、藤编家具、竹编家具、钢木家具和其他人造材材料制成的家具（例如玻璃家具、大理石家具等）。3、按功能可按家具分为：客厅家具、卧室家具、书房家具、厨房家具（设备）和辅助家具等几类。4、按家具产品的档次分类可分为：高档'),(61,'<p>1111</p><p><img src=\"/files/61525d27-84ff-44c4-9b0a-02e91c0caa01.jpg\" style=\"width: 473px; height: 294.696px;\"></p><p>zxccccczxc</p>','1112,123324,45345','2017-11-07 10:41:59','123123',1,'1111zxccccczxc');
/*!40000 ALTER TABLE `infonews` ENABLE KEYS */;
UNLOCK TABLES;

--
-- Table structure for table `infonewskinds`
--

DROP TABLE IF EXISTS `infonewskinds`;
/*!40101 SET @saved_cs_client     = @@character_set_client */;
/*!40101 SET character_set_client = utf8 */;
CREATE TABLE `infonewskinds` (
  `id` bigint(20) NOT NULL AUTO_INCREMENT,
  `name` varchar(255) DEFAULT NULL,
  PRIMARY KEY (`id`)
) ENGINE=InnoDB AUTO_INCREMENT=6 DEFAULT CHARSET=utf8;
/*!40101 SET character_set_client = @saved_cs_client */;

--
-- Dumping data for table `infonewskinds`
--

LOCK TABLES `infonewskinds` WRITE;
/*!40000 ALTER TABLE `infonewskinds` DISABLE KEYS */;
INSERT INTO `infonewskinds` VALUES (1,'哈哈哈1111'),(2,'内部新闻'),(3,'促销新闻'),(4,'按时'),(5,'实打实大师的');
/*!40000 ALTER TABLE `infonewskinds` ENABLE KEYS */;
UNLOCK TABLES;

--
-- Table structure for table `oa_notify`
--

DROP TABLE IF EXISTS `oa_notify`;
/*!40101 SET @saved_cs_client     = @@character_set_client */;
/*!40101 SET character_set_client = utf8 */;
CREATE TABLE `oa_notify` (
  `id` bigint(20) NOT NULL AUTO_INCREMENT COMMENT '编号',
  `type` char(1) COLLATE utf8_bin DEFAULT NULL COMMENT '类型',
  `title` varchar(200) COLLATE utf8_bin DEFAULT NULL COMMENT '标题',
  `content` varchar(2000) COLLATE utf8_bin DEFAULT NULL COMMENT '内容',
  `files` varchar(2000) COLLATE utf8_bin DEFAULT NULL COMMENT '附件',
  `status` char(1) COLLATE utf8_bin DEFAULT NULL COMMENT '状态',
  `create_by` bigint(20) DEFAULT NULL COMMENT '创建者',
  `create_date` datetime DEFAULT NULL COMMENT '创建时间',
  `update_by` varchar(64) COLLATE utf8_bin DEFAULT NULL COMMENT '更新者',
  `update_date` datetime DEFAULT NULL COMMENT '更新时间',
  `remarks` varchar(255) COLLATE utf8_bin DEFAULT NULL COMMENT '备注信息',
  `del_flag` char(1) COLLATE utf8_bin DEFAULT '0' COMMENT '删除标记',
  PRIMARY KEY (`id`),
  KEY `oa_notify_del_flag` (`del_flag`)
) ENGINE=InnoDB AUTO_INCREMENT=13 DEFAULT CHARSET=utf8 COLLATE=utf8_bin COMMENT='通知通告';
/*!40101 SET character_set_client = @saved_cs_client */;

--
-- Dumping data for table `oa_notify`
--

LOCK TABLES `oa_notify` WRITE;
/*!40000 ALTER TABLE `oa_notify` DISABLE KEYS */;
INSERT INTO `oa_notify` VALUES (1,'3','asdaaas','asdaasdaasdxczxasd','asdasdasdfsdfsdfsdf','1',1,NULL,NULL,'2017-11-13 16:42:31','',NULL),(2,'3','11','222','3333','1',1,NULL,NULL,'2017-11-14 10:43:38','4444444',NULL),(3,'2','qqqqqqq','wwwwwwwwwwwwwww','dddddddddd','1',1,NULL,NULL,'2017-11-14 10:47:43','444444444',NULL),(5,'3','111111','222222222','3333','1',1,NULL,NULL,'2017-11-14 10:50:25','444444',NULL),(6,'3','1111','22222','333333','1',1,NULL,NULL,'2017-11-14 10:52:17','444444',NULL),(7,'2','3333333','22222222','444444','1',1,NULL,'2017-11-14 15:10:29','2017-11-14 10:54:25','55555555',NULL),(8,'','2','3','4','1',1,NULL,NULL,'2017-11-14 11:12:43','5',NULL),(9,'3','a','s','d','1',1,NULL,NULL,'2017-11-14 11:16:02','f',NULL),(11,'','1','2','3','1',1,'2017-11-14 15:11:00','2017-11-14 15:16:15','2017-11-14 15:11:01','',NULL),(12,'3','2','3','4','1',1,'2017-11-14 15:11:13',NULL,'2017-11-14 15:11:13','',NULL);
/*!40000 ALTER TABLE `oa_notify` ENABLE KEYS */;
UNLOCK TABLES;

--
-- Table structure for table `oa_notify_record`
--

DROP TABLE IF EXISTS `oa_notify_record`;
/*!40101 SET @saved_cs_client     = @@character_set_client */;
/*!40101 SET character_set_client = utf8 */;
CREATE TABLE `oa_notify_record` (
  `id` bigint(20) NOT NULL AUTO_INCREMENT COMMENT '编号',
  `notify_id` bigint(20) DEFAULT NULL COMMENT '通知通告ID',
  `user_id` bigint(20) DEFAULT NULL COMMENT '接受人',
  `is_read` tinyint(1) DEFAULT '0' COMMENT '阅读标记',
  `read_date` date DEFAULT NULL COMMENT '阅读时间',
  PRIMARY KEY (`id`),
  KEY `oa_notify_record_notify_id` (`notify_id`),
  KEY `oa_notify_record_user_id` (`user_id`),
  KEY `oa_notify_record_read_flag` (`is_read`)
) ENGINE=InnoDB AUTO_INCREMENT=14 DEFAULT CHARSET=utf8 COLLATE=utf8_bin COMMENT='通知通告发送记录';
/*!40101 SET character_set_client = @saved_cs_client */;

--
-- Dumping data for table `oa_notify_record`
--

LOCK TABLES `oa_notify_record` WRITE;
/*!40000 ALTER TABLE `oa_notify_record` DISABLE KEYS */;
INSERT INTO `oa_notify_record` VALUES (1,1,7,0,NULL),(2,1,8,0,NULL),(3,1,1,1,'2017-11-14'),(4,2,1,1,'2017-11-14'),(5,3,1,1,'2017-11-14'),(6,5,1,1,'2017-11-14'),(7,6,7,1,'2017-11-14'),(8,7,1,1,'2017-11-14'),(9,8,1,1,'2017-11-14'),(10,9,1,1,'2017-11-14'),(12,11,1,1,'2017-11-14'),(13,12,1,1,'2017-11-14');
/*!40000 ALTER TABLE `oa_notify_record` ENABLE KEYS */;
UNLOCK TABLES;

--
-- Table structure for table `picture`
--

DROP TABLE IF EXISTS `picture`;
/*!40101 SET @saved_cs_client     = @@character_set_client */;
/*!40101 SET character_set_client = utf8 */;
CREATE TABLE `picture` (
  `id` bigint(20) NOT NULL AUTO_INCREMENT,
  `rank` int(11) DEFAULT NULL,
  `url` varchar(255) DEFAULT NULL,
  `commodityid` bigint(20) DEFAULT NULL,
  PRIMARY KEY (`id`),
  KEY `FKbd4wu0b4abblaay95e346bnyv` (`commodityid`),
  CONSTRAINT `FKbd4wu0b4abblaay95e346bnyv` FOREIGN KEY (`commodityid`) REFERENCES `commodity` (`id`)
) ENGINE=InnoDB AUTO_INCREMENT=21 DEFAULT CHARSET=utf8;
/*!40101 SET character_set_client = @saved_cs_client */;

--
-- Dumping data for table `picture`
--

LOCK TABLES `picture` WRITE;
/*!40000 ALTER TABLE `picture` DISABLE KEYS */;
INSERT INTO `picture` VALUES (1,1,'group1/M00/00/01/wKhAgFoKIiSAS4FMAAAR-zIcFrA695.gif',1),(2,2,'group1/M00/00/00/wKhAgFnvp2KAUKzHAABD1W0eCCc552.jpg',1),(3,3,'group1/M00/00/00/wKhAgFnvp4aAej3CAABD1W0eCCc144.jpg',1),(4,1,'group1/M00/00/00/wKhAgFnvpzqAUfyvAAAXTtuSIYI030.jpg',2),(5,2,'group1/M00/00/00/wKhAgFnvp2CAITlXAABD1W0eCCc076.jpg',2),(6,3,'group1/M00/00/00/wKhAgFnvp2KADrrJAABD1W0eCCc238.jpg',2),(7,4,'group1/M00/00/00/wKhAgFnvp4WAO2WAAABD1W0eCCc348.jpg',2),(8,5,'group1/M00/00/00/wKhAgFnvp2OAR4T5AABD1W0eCCc265.jpg',2),(9,1,'group1/M00/00/00/wKhAgFnvp2KADrrJAABD1W0eCCc238.jpg',3),(10,2,'group1/M00/00/00/wKhAgFnvp4WAO2WAAABD1W0eCCc348.jpg',3),(11,3,'group1/M00/00/00/wKhAgFnvp2OAR4T5AABD1W0eCCc265.jpg',3),(12,4,'group1/M00/00/00/wKhAgFnvp4SAE-3kAABD1W0eCCc302.jpg',3),(13,5,'group1/M00/00/00/wKhAgFnvp4SAE-3kAABD1W0eCCc302.jpg',3),(14,1,'group1/M00/00/00/wKhAgFnvp2KADrrJAABD1W0eCCc238.jpg',4),(15,2,'group1/M00/00/00/wKhAgFnvp4WAO2WAAABD1W0eCCc348.jpg',4),(16,1,'group1/M00/00/00/wKhAgFnvp2KADrrJAABD1W0eCCc238.jpg',5),(17,2,'group1/M00/00/00/wKhAgFnvp4WAO2WAAABD1W0eCCc348.jpg',5),(18,3,'group1/M00/00/00/wKhAgFnvp2OAR4T5AABD1W0eCCc265.jpg',5),(19,1,'group1/M00/00/00/wKhAgFnvp2KADrrJAABD1W0eCCc238.jpg',6),(20,2,'group1/M00/00/00/wKhAgFnvp4WAO2WAAABD1W0eCCc348.jpg',6);
/*!40000 ALTER TABLE `picture` ENABLE KEYS */;
UNLOCK TABLES;

--
-- Table structure for table `producer`
--

DROP TABLE IF EXISTS `producer`;
/*!40101 SET @saved_cs_client     = @@character_set_client */;
/*!40101 SET character_set_client = utf8 */;
CREATE TABLE `producer` (
  `id` bigint(20) NOT NULL AUTO_INCREMENT,
  `name` varchar(255) DEFAULT NULL,
  PRIMARY KEY (`id`)
) ENGINE=InnoDB AUTO_INCREMENT=6 DEFAULT CHARSET=utf8;
/*!40101 SET character_set_client = @saved_cs_client */;

--
-- Dumping data for table `producer`
--

LOCK TABLES `producer` WRITE;
/*!40000 ALTER TABLE `producer` DISABLE KEYS */;
INSERT INTO `producer` VALUES (1,'哈哈哈1111'),(2,'哦哦哦'),(3,'咳咳咳'),(4,'啪啪啪'),(5,'asdsd');
/*!40000 ALTER TABLE `producer` ENABLE KEYS */;
UNLOCK TABLES;

--
-- Table structure for table `specification`
--

DROP TABLE IF EXISTS `specification`;
/*!40101 SET @saved_cs_client     = @@character_set_client */;
/*!40101 SET character_set_client = utf8 */;
CREATE TABLE `specification` (
  `id` bigint(20) NOT NULL AUTO_INCREMENT,
  `name` varchar(255) DEFAULT NULL,
  `commodityid` bigint(20) DEFAULT NULL,
  PRIMARY KEY (`id`)
) ENGINE=InnoDB AUTO_INCREMENT=13 DEFAULT CHARSET=utf8;
/*!40101 SET character_set_client = @saved_cs_client */;

--
-- Dumping data for table `specification`
--

LOCK TABLES `specification` WRITE;
/*!40000 ALTER TABLE `specification` DISABLE KEYS */;
INSERT INTO `specification` VALUES (1,'1*1',1),(2,'2*3',1),(3,'3*5',2),(4,'5*8',2),(5,'1*2',3),(6,'6*2',3),(7,'1*3',4),(8,'1*4',4),(9,'1*4',5),(10,'1*5',5),(11,'1*6',1),(12,'7*2',2);
/*!40000 ALTER TABLE `specification` ENABLE KEYS */;
UNLOCK TABLES;

--
-- Table structure for table `sys_dept`
--

DROP TABLE IF EXISTS `sys_dept`;
/*!40101 SET @saved_cs_client     = @@character_set_client */;
/*!40101 SET character_set_client = utf8 */;
CREATE TABLE `sys_dept` (
  `dept_id` bigint(20) NOT NULL AUTO_INCREMENT,
  `parent_id` bigint(20) DEFAULT NULL COMMENT '上级部门ID，一级部门为0',
  `name` varchar(50) DEFAULT NULL COMMENT '部门名称',
  `order_num` int(11) DEFAULT NULL COMMENT '排序',
  `del_flag` tinyint(4) DEFAULT '0' COMMENT '是否删除  -1：已删除  0：正常',
  PRIMARY KEY (`dept_id`)
) ENGINE=InnoDB AUTO_INCREMENT=22 DEFAULT CHARSET=utf8 COMMENT='部门管理';
/*!40101 SET character_set_client = @saved_cs_client */;

--
-- Dumping data for table `sys_dept`
--

LOCK TABLES `sys_dept` WRITE;
/*!40000 ALTER TABLE `sys_dept` DISABLE KEYS */;
INSERT INTO `sys_dept` VALUES (13,0,'hsjjc',5,1),(16,13,'sc',1,1),(17,13,'qq',2,1),(18,13,'ww',3,1),(19,18,'aa',1,1),(20,19,'ss',1,1),(21,17,'xx',1,1);
/*!40000 ALTER TABLE `sys_dept` ENABLE KEYS */;
UNLOCK TABLES;

--
-- Table structure for table `sys_dict`
--

DROP TABLE IF EXISTS `sys_dict`;
/*!40101 SET @saved_cs_client     = @@character_set_client */;
/*!40101 SET character_set_client = utf8 */;
CREATE TABLE `sys_dict` (
  `id` bigint(64) NOT NULL AUTO_INCREMENT COMMENT '编号',
  `name` varchar(100) COLLATE utf8_bin DEFAULT NULL COMMENT '标签名',
  `value` varchar(100) COLLATE utf8_bin DEFAULT NULL COMMENT '数据值',
  `type` varchar(100) COLLATE utf8_bin DEFAULT NULL COMMENT '类型',
  `description` varchar(100) COLLATE utf8_bin DEFAULT NULL COMMENT '描述',
  `sort` decimal(10,0) DEFAULT NULL COMMENT '排序（升序）',
  `parent_id` bigint(64) DEFAULT '0' COMMENT '父级编号',
  `create_by` int(64) DEFAULT NULL COMMENT '创建者',
  `create_date` datetime DEFAULT NULL COMMENT '创建时间',
  `update_by` bigint(64) DEFAULT NULL COMMENT '更新者',
  `update_date` datetime DEFAULT NULL COMMENT '更新时间',
  `remarks` varchar(255) COLLATE utf8_bin DEFAULT NULL COMMENT '备注信息',
  `del_flag` char(1) COLLATE utf8_bin DEFAULT '0' COMMENT '删除标记',
  PRIMARY KEY (`id`),
  KEY `sys_dict_value` (`value`),
  KEY `sys_dict_label` (`name`),
  KEY `sys_dict_del_flag` (`del_flag`)
) ENGINE=InnoDB AUTO_INCREMENT=121 DEFAULT CHARSET=utf8 COLLATE=utf8_bin COMMENT='字典表';
/*!40101 SET character_set_client = @saved_cs_client */;

--
-- Dumping data for table `sys_dict`
--

LOCK TABLES `sys_dict` WRITE;
/*!40000 ALTER TABLE `sys_dict` DISABLE KEYS */;
INSERT INTO `sys_dict` VALUES (1,'正常','0','del_flag','删除标记',10,0,1,NULL,1,NULL,NULL,'0'),(3,'显示','1','show_hide','显示/隐藏',10,0,1,NULL,1,NULL,NULL,'0'),(4,'隐藏','0','show_hide','显示/隐藏',20,0,1,NULL,1,NULL,NULL,'0'),(5,'是','1','yes_no','是/否',10,0,1,NULL,1,NULL,NULL,'0'),(6,'否','0','yes_no','是/否',20,0,1,NULL,1,NULL,NULL,'0'),(7,'红色','red','color','颜色值',10,0,1,NULL,1,NULL,NULL,'0'),(8,'绿色','green','color','颜色值',20,0,1,NULL,1,NULL,NULL,'0'),(9,'蓝色','blue','color','颜色值',30,0,1,NULL,1,NULL,NULL,'0'),(10,'黄色','yellow','color','颜色值',40,0,1,NULL,1,NULL,NULL,'0'),(11,'橙色','orange','color','颜色值',50,0,1,NULL,1,NULL,NULL,'0'),(12,'默认主题','default','theme','主题方案',10,0,1,NULL,1,NULL,NULL,'0'),(13,'天蓝主题','cerulean','theme','主题方案',20,0,1,NULL,1,NULL,NULL,'0'),(14,'橙色主题','readable','theme','主题方案',30,0,1,NULL,1,NULL,NULL,'0'),(15,'红色主题','united','theme','主题方案',40,0,1,NULL,1,NULL,NULL,'0'),(16,'Flat主题','flat','theme','主题方案',60,0,1,NULL,1,NULL,NULL,'0'),(17,'国家','1','sys_area_type','区域类型',10,0,1,NULL,1,NULL,NULL,'0'),(18,'省份、直辖市','2','sys_area_type','区域类型',20,0,1,NULL,1,NULL,NULL,'0'),(19,'地市','3','sys_area_type','区域类型',30,0,1,NULL,1,NULL,NULL,'0'),(20,'区县','4','sys_area_type','区域类型',40,0,1,NULL,1,NULL,NULL,'0'),(21,'公司','1','sys_office_type','机构类型',60,0,1,NULL,1,NULL,NULL,'0'),(22,'部门','2','sys_office_type','机构类型',70,0,1,NULL,1,NULL,NULL,'0'),(23,'小组','3','sys_office_type','机构类型',80,0,1,NULL,1,NULL,NULL,'0'),(24,'其它','4','sys_office_type','机构类型',90,0,1,NULL,1,NULL,NULL,'0'),(25,'综合部','1','sys_office_common','快捷通用部门',30,0,1,NULL,1,NULL,NULL,'0'),(26,'开发部','2','sys_office_common','快捷通用部门',40,0,1,NULL,1,NULL,NULL,'0'),(27,'人力部','3','sys_office_common','快捷通用部门',50,0,1,NULL,1,NULL,NULL,'0'),(28,'一级','1','sys_office_grade','机构等级',10,0,1,NULL,1,NULL,NULL,'0'),(29,'二级','2','sys_office_grade','机构等级',20,0,1,NULL,1,NULL,NULL,'0'),(30,'三级','3','sys_office_grade','机构等级',30,0,1,NULL,1,NULL,NULL,'0'),(31,'四级','4','sys_office_grade','机构等级',40,0,1,NULL,1,NULL,NULL,'0'),(32,'所有数据','1','sys_data_scope','数据范围',10,0,1,NULL,1,NULL,NULL,'0'),(33,'所在公司及以下数据','2','sys_data_scope','数据范围',20,0,1,NULL,1,NULL,NULL,'0'),(34,'所在公司数据','3','sys_data_scope','数据范围',30,0,1,NULL,1,NULL,NULL,'0'),(35,'所在部门及以下数据','4','sys_data_scope','数据范围',40,0,1,NULL,1,NULL,NULL,'0'),(36,'所在部门数据','5','sys_data_scope','数据范围',50,0,1,NULL,1,NULL,NULL,'0'),(37,'仅本人数据','8','sys_data_scope','数据范围',90,0,1,NULL,1,NULL,NULL,'0'),(38,'按明细设置','9','sys_data_scope','数据范围',100,0,1,NULL,1,NULL,NULL,'0'),(39,'系统管理','1','sys_user_type','用户类型',10,0,1,NULL,1,NULL,NULL,'0'),(40,'部门经理','2','sys_user_type','用户类型',20,0,1,NULL,1,NULL,NULL,'0'),(41,'普通用户','3','sys_user_type','用户类型',30,0,1,NULL,1,NULL,NULL,'0'),(42,'基础主题','basic','cms_theme','站点主题',10,0,1,NULL,1,NULL,NULL,'0'),(43,'蓝色主题','blue','cms_theme','站点主题',20,0,1,NULL,1,NULL,NULL,'1'),(44,'红色主题','red','cms_theme','站点主题',30,0,1,NULL,1,NULL,NULL,'1'),(45,'文章模型','article','cms_module','栏目模型',10,0,1,NULL,1,NULL,NULL,'0'),(46,'图片模型','picture','cms_module','栏目模型',20,0,1,NULL,1,NULL,NULL,'1'),(47,'下载模型','download','cms_module','栏目模型',30,0,1,NULL,1,NULL,NULL,'1'),(48,'链接模型','link','cms_module','栏目模型',40,0,1,NULL,1,NULL,NULL,'0'),(49,'专题模型','special','cms_module','栏目模型',50,0,1,NULL,1,NULL,NULL,'1'),(50,'默认展现方式','0','cms_show_modes','展现方式',10,0,1,NULL,1,NULL,NULL,'0'),(51,'首栏目内容列表','1','cms_show_modes','展现方式',20,0,1,NULL,1,NULL,NULL,'0'),(52,'栏目第一条内容','2','cms_show_modes','展现方式',30,0,1,NULL,1,NULL,NULL,'0'),(53,'发布','0','cms_del_flag','内容状态',10,0,1,NULL,1,NULL,NULL,'0'),(54,'删除','1','cms_del_flag','内容状态',20,0,1,NULL,1,NULL,NULL,'0'),(55,'审核','2','cms_del_flag','内容状态',15,0,1,NULL,1,NULL,NULL,'0'),(56,'首页焦点图','1','cms_posid','推荐位',10,0,1,NULL,1,NULL,NULL,'0'),(57,'栏目页文章推荐','2','cms_posid','推荐位',20,0,1,NULL,1,NULL,NULL,'0'),(58,'咨询','1','cms_guestbook','留言板分类',10,0,1,NULL,1,NULL,NULL,'0'),(59,'建议','2','cms_guestbook','留言板分类',20,0,1,NULL,1,NULL,NULL,'0'),(60,'投诉','3','cms_guestbook','留言板分类',30,0,1,NULL,1,NULL,NULL,'0'),(61,'其它','4','cms_guestbook','留言板分类',40,0,1,NULL,1,NULL,NULL,'0'),(62,'公休','1','oa_leave_type','请假类型',10,0,1,NULL,1,NULL,NULL,'0'),(63,'病假','2','oa_leave_type','请假类型',20,0,1,NULL,1,NULL,NULL,'0'),(64,'事假','3','oa_leave_type','请假类型',30,0,1,NULL,1,NULL,NULL,'0'),(65,'调休','4','oa_leave_type','请假类型',40,0,1,NULL,1,NULL,NULL,'0'),(66,'婚假','5','oa_leave_type','请假类型',60,0,1,NULL,1,NULL,NULL,'0'),(67,'接入日志','1','sys_log_type','日志类型',30,0,1,NULL,1,NULL,NULL,'0'),(68,'异常日志','2','sys_log_type','日志类型',40,0,1,NULL,1,NULL,NULL,'0'),(69,'请假流程','leave','act_type','流程类型',10,0,1,NULL,1,NULL,NULL,'0'),(70,'审批测试流程','test_audit','act_type','流程类型',20,0,1,NULL,1,NULL,NULL,'0'),(71,'分类1','1','act_category','流程分类',10,0,1,NULL,1,NULL,NULL,'0'),(72,'分类2','2','act_category','流程分类',20,0,1,NULL,1,NULL,NULL,'0'),(73,'增删改查','crud','gen_category','代码生成分类',10,0,1,NULL,1,NULL,NULL,'1'),(74,'增删改查（包含从表）','crud_many','gen_category','代码生成分类',20,0,1,NULL,1,NULL,NULL,'1'),(75,'树结构','tree','gen_category','代码生成分类',30,0,1,NULL,1,NULL,NULL,'1'),(76,'=','=','gen_query_type','查询方式',10,0,1,NULL,1,NULL,NULL,'1'),(77,'!=','!=','gen_query_type','查询方式',20,0,1,NULL,1,NULL,NULL,'1'),(78,'&gt;','&gt;','gen_query_type','查询方式',30,0,1,NULL,1,NULL,NULL,'1'),(79,'&lt;','&lt;','gen_query_type','查询方式',40,0,1,NULL,1,NULL,NULL,'1'),(80,'Between','between','gen_query_type','查询方式',50,0,1,NULL,1,NULL,NULL,'1'),(81,'Like','like','gen_query_type','查询方式',60,0,1,NULL,1,NULL,NULL,'1'),(82,'Left Like','left_like','gen_query_type','查询方式',70,0,1,NULL,1,NULL,NULL,'1'),(83,'Right Like','right_like','gen_query_type','查询方式',80,0,1,NULL,1,NULL,NULL,'1'),(84,'文本框','input','gen_show_type','字段生成方案',10,0,1,NULL,1,NULL,NULL,'1'),(85,'文本域','textarea','gen_show_type','字段生成方案',20,0,1,NULL,1,NULL,NULL,'1'),(86,'下拉框','select','gen_show_type','字段生成方案',30,0,1,NULL,1,NULL,NULL,'1'),(87,'复选框','checkbox','gen_show_type','字段生成方案',40,0,1,NULL,1,NULL,NULL,'1'),(88,'单选框','radiobox','gen_show_type','字段生成方案',50,0,1,NULL,1,NULL,NULL,'1'),(89,'日期选择','dateselect','gen_show_type','字段生成方案',60,0,1,NULL,1,NULL,NULL,'1'),(90,'人员选择','userselect','gen_show_type','字段生成方案',70,0,1,NULL,1,NULL,NULL,'1'),(91,'部门选择','officeselect','gen_show_type','字段生成方案',80,0,1,NULL,1,NULL,NULL,'1'),(92,'区域选择','areaselect','gen_show_type','字段生成方案',90,0,1,NULL,1,NULL,NULL,'1'),(93,'String','String','gen_java_type','Java类型',10,0,1,NULL,1,NULL,NULL,'1'),(94,'Long','Long','gen_java_type','Java类型',20,0,1,NULL,1,NULL,NULL,'1'),(95,'仅持久层','dao','gen_category','代码生成分类\0\0',40,0,1,NULL,1,NULL,NULL,'1'),(96,'男','1','sex','性别',10,0,1,NULL,1,NULL,NULL,'0'),(97,'女','2','sex','性别',20,0,1,NULL,1,NULL,NULL,'0'),(98,'Integer','Integer','gen_java_type','Java类型',30,0,1,NULL,1,NULL,NULL,'1'),(99,'Double','Double','gen_java_type','Java类型',40,0,1,NULL,1,NULL,NULL,'1'),(100,'Date','java.util.Date','gen_java_type','Java类型',50,0,1,NULL,1,NULL,NULL,'1'),(104,'Custom','Custom','gen_java_type','Java类型',90,0,1,NULL,1,NULL,NULL,'1'),(105,'会议通告','1','oa_notify_type','通知通告类型',10,0,1,NULL,1,NULL,NULL,'0'),(106,'奖惩通告','2','oa_notify_type','通知通告类型',20,0,1,NULL,1,NULL,NULL,'0'),(107,'活动通告','3','oa_notify_type','通知通告类型',30,0,1,NULL,1,NULL,NULL,'0'),(108,'草稿','0','oa_notify_status','通知通告状态',10,0,1,NULL,1,NULL,NULL,'0'),(109,'发布','1','oa_notify_status','通知通告状态',20,0,1,NULL,1,NULL,NULL,'0'),(110,'未读','0','oa_notify_read','通知通告状态',10,0,1,NULL,1,NULL,NULL,'0'),(111,'已读','1','oa_notify_read','通知通告状态',20,0,1,NULL,1,NULL,NULL,'0'),(112,'草稿','0','oa_notify_status','通知通告状态',10,0,1,NULL,1,NULL,'','0'),(113,'删除','0','del_flag','删除标记',NULL,NULL,NULL,NULL,NULL,NULL,'',''),(118,'关于','about','blog_type','博客类型',NULL,NULL,NULL,NULL,NULL,NULL,'全url是:/blog/open/page/about',''),(119,'交流','communication','blog_type','博客类型',NULL,NULL,NULL,NULL,NULL,NULL,'',''),(120,'文章','article','blog_type','博客类型',NULL,NULL,NULL,NULL,NULL,NULL,'','');
/*!40000 ALTER TABLE `sys_dict` ENABLE KEYS */;
UNLOCK TABLES;

--
-- Table structure for table `sys_file`
--

DROP TABLE IF EXISTS `sys_file`;
/*!40101 SET @saved_cs_client     = @@character_set_client */;
/*!40101 SET character_set_client = utf8 */;
CREATE TABLE `sys_file` (
  `id` bigint(20) NOT NULL AUTO_INCREMENT,
  `type` int(11) DEFAULT NULL COMMENT '文件类型',
  `url` varchar(200) DEFAULT NULL COMMENT 'URL地址',
  `create_date` datetime DEFAULT NULL COMMENT '创建时间',
  PRIMARY KEY (`id`)
) ENGINE=InnoDB AUTO_INCREMENT=142 DEFAULT CHARSET=utf8 COMMENT='文件上传';
/*!40101 SET character_set_client = @saved_cs_client */;

--
-- Dumping data for table `sys_file`
--

LOCK TABLES `sys_file` WRITE;
/*!40000 ALTER TABLE `sys_file` DISABLE KEYS */;
INSERT INTO `sys_file` VALUES (132,99,'/files/cc0d1981-f456-4028-b4ef-54909bdbe3dd.blob','2017-11-03 15:04:31'),(134,99,'/files/21afb8e1-8f51-4667-8a8a-e66c379a2a87.blob','2017-11-03 15:19:18'),(135,99,'/files/a5a02560-84ce-4f3f-a316-36abfc3719b4.blob','2017-11-03 15:19:30'),(136,0,'/files/61525d27-84ff-44c4-9b0a-02e91c0caa01.jpg','2017-11-07 10:41:35'),(137,99,'/files/dfb9bde1-fcb9-417d-8e3a-b4f7921f697a.blob','2017-11-08 17:06:21'),(138,99,'/files/de1a7ab0-0097-483a-9061-91d0b6ab5e29.blob','2017-11-08 17:09:12'),(139,99,'/files/8995efbd-a807-4e3c-9f8f-2a6cd7b2e054.blob','2017-11-08 17:12:34'),(141,99,'/files/eb577c49-46c0-42ac-b37f-6d685afe4750.blob','2017-11-14 17:11:19');
/*!40000 ALTER TABLE `sys_file` ENABLE KEYS */;
UNLOCK TABLES;

--
-- Table structure for table `sys_log`
--

DROP TABLE IF EXISTS `sys_log`;
/*!40101 SET @saved_cs_client     = @@character_set_client */;
/*!40101 SET character_set_client = utf8 */;
CREATE TABLE `sys_log` (
  `id` bigint(20) NOT NULL AUTO_INCREMENT,
  `user_id` bigint(20) DEFAULT NULL COMMENT '用户id',
  `username` varchar(50) DEFAULT NULL COMMENT '用户名',
  `operation` varchar(50) DEFAULT NULL COMMENT '用户操作',
  `time` int(11) DEFAULT NULL COMMENT '响应时间',
  `method` varchar(200) DEFAULT NULL COMMENT '请求方法',
  `params` varchar(5000) DEFAULT NULL COMMENT '请求参数',
  `ip` varchar(64) DEFAULT NULL COMMENT 'IP地址',
  `gmt_create` datetime DEFAULT NULL COMMENT '创建时间',
  PRIMARY KEY (`id`)
) ENGINE=InnoDB AUTO_INCREMENT=670 DEFAULT CHARSET=utf8 COMMENT='系统日志';
/*!40101 SET character_set_client = @saved_cs_client */;

--
-- Dumping data for table `sys_log`
--

LOCK TABLES `sys_log` WRITE;
/*!40000 ALTER TABLE `sys_log` DISABLE KEYS */;
INSERT INTO `sys_log` VALUES (1,-1,'获取用户信息为空','登录',9,'com.bootdo.system.controller.LoginController.ajaxLogin()',NULL,'127.0.0.1','2017-11-06 15:23:01'),(2,1,'admin','登录',4,'com.bootdo.system.controller.LoginController.ajaxLogin()',NULL,'127.0.0.1','2017-11-06 15:23:20'),(3,1,'admin','请求访问主页',19,'com.bootdo.system.controller.LoginController.index()',NULL,'127.0.0.1','2017-11-06 15:23:20'),(4,1,'admin','登录',17,'com.bootdo.system.controller.LoginController.ajaxLogin()',NULL,'127.0.0.1','2017-11-06 15:51:30'),(5,1,'admin','请求访问主页',71,'com.bootdo.system.controller.LoginController.index()',NULL,'127.0.0.1','2017-11-06 15:51:31'),(6,1,'admin','添加菜单',3,'com.bootdo.system.controller.MenuController.add()',NULL,'127.0.0.1','2017-11-06 15:53:28'),(7,1,'admin','保存菜单',140,'com.bootdo.system.controller.MenuController.save()',NULL,'127.0.0.1','2017-11-06 15:54:52'),(8,1,'admin','添加菜单',8,'com.bootdo.system.controller.MenuController.add()',NULL,'127.0.0.1','2017-11-06 15:55:04'),(9,1,'admin','保存菜单',126,'com.bootdo.system.controller.MenuController.save()',NULL,'127.0.0.1','2017-11-06 15:55:55'),(10,1,'admin','添加菜单',3,'com.bootdo.system.controller.MenuController.add()',NULL,'127.0.0.1','2017-11-06 15:56:00'),(11,1,'admin','保存菜单',147,'com.bootdo.system.controller.MenuController.save()',NULL,'127.0.0.1','2017-11-06 15:56:38'),(12,1,'admin','添加菜单',9,'com.bootdo.system.controller.MenuController.add()',NULL,'127.0.0.1','2017-11-06 15:56:44'),(13,1,'admin','编辑菜单',2,'com.bootdo.system.controller.MenuController.edit()',NULL,'127.0.0.1','2017-11-06 15:56:49'),(14,1,'admin','添加菜单',2,'com.bootdo.system.controller.MenuController.add()',NULL,'127.0.0.1','2017-11-06 15:56:53'),(15,1,'admin','保存菜单',107,'com.bootdo.system.controller.MenuController.save()',NULL,'127.0.0.1','2017-11-06 15:57:28'),(16,1,'admin','添加菜单',3,'com.bootdo.system.controller.MenuController.add()',NULL,'127.0.0.1','2017-11-06 15:57:37'),(17,1,'admin','保存菜单',103,'com.bootdo.system.controller.MenuController.save()',NULL,'127.0.0.1','2017-11-06 15:58:30'),(18,1,'admin','编辑菜单',4,'com.bootdo.system.controller.MenuController.edit()',NULL,'127.0.0.1','2017-11-06 15:58:36'),(19,1,'admin','编辑菜单',2,'com.bootdo.system.controller.MenuController.edit()',NULL,'127.0.0.1','2017-11-06 15:58:41'),(20,1,'admin','编辑菜单',18,'com.bootdo.system.controller.MenuController.edit()',NULL,'127.0.0.1','2017-11-06 15:58:44'),(21,1,'admin','请求访问主页',26,'com.bootdo.system.controller.LoginController.index()',NULL,'127.0.0.1','2017-11-06 15:59:52'),(22,1,'admin','登录',24,'com.bootdo.system.controller.LoginController.ajaxLogin()',NULL,'127.0.0.1','2017-11-06 16:01:31'),(23,1,'admin','请求访问主页',82,'com.bootdo.system.controller.LoginController.index()',NULL,'127.0.0.1','2017-11-06 16:01:31'),(24,1,'admin','登录',13,'com.bootdo.system.controller.LoginController.ajaxLogin()',NULL,'127.0.0.1','2017-11-06 16:59:30'),(25,1,'admin','请求访问主页',89,'com.bootdo.system.controller.LoginController.index()',NULL,'127.0.0.1','2017-11-06 16:59:30'),(26,1,'admin','请求访问主页',26,'com.bootdo.system.controller.LoginController.index()',NULL,'127.0.0.1','2017-11-06 17:01:00'),(27,1,'admin','请求访问主页',17,'com.bootdo.system.controller.LoginController.index()',NULL,'127.0.0.1','2017-11-06 17:05:01'),(28,1,'admin','请求访问主页',24,'com.bootdo.system.controller.LoginController.index()',NULL,'127.0.0.1','2017-11-06 17:05:33'),(29,1,'admin','登录',20,'com.bootdo.system.controller.LoginController.ajaxLogin()',NULL,'127.0.0.1','2017-11-06 17:17:27'),(30,1,'admin','请求访问主页',76,'com.bootdo.system.controller.LoginController.index()',NULL,'127.0.0.1','2017-11-06 17:17:27'),(31,1,'admin','请求访问主页',19,'com.bootdo.system.controller.LoginController.index()',NULL,'127.0.0.1','2017-11-06 17:18:19'),(32,1,'admin','请求访问主页',20,'com.bootdo.system.controller.LoginController.index()',NULL,'127.0.0.1','2017-11-06 17:20:00'),(33,1,'admin','请求访问主页',14,'com.bootdo.system.controller.LoginController.index()',NULL,'127.0.0.1','2017-11-06 17:24:30'),(34,1,'admin','请求访问主页',9,'com.bootdo.system.controller.LoginController.index()',NULL,'127.0.0.1','2017-11-06 17:25:06'),(35,1,'admin','请求访问主页',17,'com.bootdo.system.controller.LoginController.index()',NULL,'127.0.0.1','2017-11-06 17:26:13'),(36,1,'admin','请求访问主页',10,'com.bootdo.system.controller.LoginController.index()',NULL,'127.0.0.1','2017-11-06 17:26:49'),(37,1,'admin','请求访问主页',12,'com.bootdo.system.controller.LoginController.index()',NULL,'127.0.0.1','2017-11-06 17:29:41'),(38,1,'admin','登录',7,'com.bootdo.system.controller.LoginController.ajaxLogin()',NULL,'127.0.0.1','2017-11-06 17:34:52'),(39,1,'admin','请求访问主页',28,'com.bootdo.system.controller.LoginController.index()',NULL,'127.0.0.1','2017-11-06 17:34:52'),(40,1,'admin','批量删除新闻',59,'com.bootdo.system.controller.InfonewsController.remove()',NULL,'127.0.0.1','2017-11-06 17:35:33'),(41,1,'admin','登录',8,'com.bootdo.system.controller.LoginController.ajaxLogin()',NULL,'127.0.0.1','2017-11-06 17:38:57'),(42,1,'admin','请求访问主页',19,'com.bootdo.system.controller.LoginController.index()',NULL,'127.0.0.1','2017-11-06 17:38:57'),(43,1,'admin','删除新闻',47,'com.bootdo.system.controller.InfonewsController.remove()',NULL,'127.0.0.1','2017-11-06 17:39:08'),(44,1,'admin','删除新闻',34,'com.bootdo.system.controller.InfonewsController.remove()',NULL,'127.0.0.1','2017-11-06 17:39:12'),(45,1,'admin','请求访问主页',15,'com.bootdo.system.controller.LoginController.index()',NULL,'127.0.0.1','2017-11-06 17:46:56'),(46,1,'admin','请求访问主页',23,'com.bootdo.system.controller.LoginController.index()',NULL,'127.0.0.1','2017-11-06 17:51:46'),(47,1,'admin','请求访问主页',12,'com.bootdo.system.controller.LoginController.index()',NULL,'127.0.0.1','2017-11-06 17:53:05'),(48,1,'admin','请求访问主页',22,'com.bootdo.system.controller.LoginController.index()',NULL,'127.0.0.1','2017-11-06 17:53:20'),(49,1,'admin','请求访问主页',9,'com.bootdo.system.controller.LoginController.index()',NULL,'127.0.0.1','2017-11-06 17:53:53'),(50,1,'admin','请求访问主页',6,'com.bootdo.system.controller.LoginController.index()',NULL,'127.0.0.1','2017-11-06 17:54:19'),(51,1,'admin','请求访问主页',15,'com.bootdo.system.controller.LoginController.index()',NULL,'127.0.0.1','2017-11-06 17:55:00'),(52,1,'admin','登录',16,'com.bootdo.system.controller.LoginController.ajaxLogin()',NULL,'127.0.0.1','2017-11-07 09:31:35'),(53,1,'admin','请求访问主页',116,'com.bootdo.system.controller.LoginController.index()',NULL,'127.0.0.1','2017-11-07 09:31:36'),(54,1,'admin','登录',9,'com.bootdo.system.controller.LoginController.ajaxLogin()',NULL,'127.0.0.1','2017-11-07 10:03:04'),(55,1,'admin','请求访问主页',23,'com.bootdo.system.controller.LoginController.index()',NULL,'127.0.0.1','2017-11-07 10:03:05'),(56,1,'admin','登录',29,'com.bootdo.system.controller.LoginController.ajaxLogin()',NULL,'127.0.0.1','2017-11-07 10:19:09'),(57,1,'admin','请求访问主页',84,'com.bootdo.system.controller.LoginController.index()',NULL,'127.0.0.1','2017-11-07 10:19:10'),(58,1,'admin','登录',22,'com.bootdo.system.controller.LoginController.ajaxLogin()',NULL,'127.0.0.1','2017-11-07 10:25:39'),(59,1,'admin','请求访问主页',100,'com.bootdo.system.controller.LoginController.index()',NULL,'127.0.0.1','2017-11-07 10:25:39'),(60,1,'admin','修改新闻',39,'com.bootdo.system.controller.InfonewsController.update()',NULL,'127.0.0.1','2017-11-07 10:25:57'),(61,1,'admin','修改新闻',41,'com.bootdo.system.controller.InfonewsController.update()',NULL,'127.0.0.1','2017-11-07 10:26:18'),(62,1,'admin','修改新闻',43,'com.bootdo.system.controller.InfonewsController.update()',NULL,'127.0.0.1','2017-11-07 10:28:25'),(63,1,'admin','登录',36,'com.bootdo.system.controller.LoginController.ajaxLogin()',NULL,'127.0.0.1','2017-11-07 10:38:37'),(64,1,'admin','请求访问主页',93,'com.bootdo.system.controller.LoginController.index()',NULL,'127.0.0.1','2017-11-07 10:38:38'),(65,1,'admin','添加新闻',55,'com.bootdo.system.controller.InfonewsController.save()',NULL,'127.0.0.1','2017-11-07 10:42:00'),(66,1,'admin','修改新闻',33,'com.bootdo.system.controller.InfonewsController.update()',NULL,'127.0.0.1','2017-11-07 10:43:45'),(67,1,'admin','修改新闻',37,'com.bootdo.system.controller.InfonewsController.update()',NULL,'127.0.0.1','2017-11-07 10:44:57'),(68,1,'admin','修改新闻',30,'com.bootdo.system.controller.InfonewsController.update()',NULL,'127.0.0.1','2017-11-07 10:48:29'),(69,1,'admin','登录',8,'com.bootdo.system.controller.LoginController.ajaxLogin()',NULL,'127.0.0.1','2017-11-07 10:50:06'),(70,1,'admin','请求访问主页',21,'com.bootdo.system.controller.LoginController.index()',NULL,'127.0.0.1','2017-11-07 10:50:06'),(71,1,'admin','修改新闻',28,'com.bootdo.system.controller.InfonewsController.update()',NULL,'127.0.0.1','2017-11-07 10:50:14'),(72,1,'admin','修改新闻',53,'com.bootdo.system.controller.InfonewsController.update()',NULL,'127.0.0.1','2017-11-07 10:50:29'),(73,1,'admin','删除新闻',59,'com.bootdo.system.controller.InfonewsController.remove()',NULL,'127.0.0.1','2017-11-07 10:52:32'),(74,1,'admin','删除新闻',43,'com.bootdo.system.controller.InfonewsController.remove()',NULL,'127.0.0.1','2017-11-07 10:52:37'),(75,1,'admin','批量删除新闻',56,'com.bootdo.system.controller.InfonewsController.remove()',NULL,'127.0.0.1','2017-11-07 10:52:47'),(76,1,'admin','添加菜单',9,'com.bootdo.system.controller.MenuController.add()',NULL,'127.0.0.1','2017-11-07 11:16:08'),(77,1,'admin','保存菜单',112,'com.bootdo.system.controller.MenuController.save()',NULL,'127.0.0.1','2017-11-07 11:18:17'),(78,1,'admin','添加菜单',2,'com.bootdo.system.controller.MenuController.add()',NULL,'127.0.0.1','2017-11-07 11:18:31'),(79,1,'admin','保存菜单',112,'com.bootdo.system.controller.MenuController.save()',NULL,'127.0.0.1','2017-11-07 11:19:22'),(80,1,'admin','添加菜单',2,'com.bootdo.system.controller.MenuController.add()',NULL,'127.0.0.1','2017-11-07 11:19:29'),(81,1,'admin','添加菜单',1,'com.bootdo.system.controller.MenuController.add()',NULL,'127.0.0.1','2017-11-07 11:19:34'),(82,1,'admin','保存菜单',52,'com.bootdo.system.controller.MenuController.save()',NULL,'127.0.0.1','2017-11-07 11:20:18'),(83,1,'admin','添加菜单',5,'com.bootdo.system.controller.MenuController.add()',NULL,'127.0.0.1','2017-11-07 11:20:21'),(84,1,'admin','保存菜单',60,'com.bootdo.system.controller.MenuController.save()',NULL,'127.0.0.1','2017-11-07 11:21:00'),(85,1,'admin','添加菜单',3,'com.bootdo.system.controller.MenuController.add()',NULL,'127.0.0.1','2017-11-07 11:21:04'),(86,1,'admin','保存菜单',58,'com.bootdo.system.controller.MenuController.save()',NULL,'127.0.0.1','2017-11-07 11:22:06'),(87,1,'admin','登录',19,'com.bootdo.system.controller.LoginController.ajaxLogin()',NULL,'127.0.0.1','2017-11-07 11:38:05'),(88,1,'admin','请求访问主页',107,'com.bootdo.system.controller.LoginController.index()',NULL,'127.0.0.1','2017-11-07 11:38:05'),(89,1,'admin','登录',15,'com.bootdo.system.controller.LoginController.ajaxLogin()',NULL,'127.0.0.1','2017-11-07 11:39:51'),(90,1,'admin','请求访问主页',81,'com.bootdo.system.controller.LoginController.index()',NULL,'127.0.0.1','2017-11-07 11:39:51'),(91,1,'admin','修改新闻类型',59,'com.bootdo.system.controller.InfonewsKindsController.update()',NULL,'127.0.0.1','2017-11-07 11:40:05'),(92,1,'admin','登录',8,'com.bootdo.system.controller.LoginController.ajaxLogin()',NULL,'127.0.0.1','2017-11-07 13:18:36'),(93,1,'admin','请求访问主页',18,'com.bootdo.system.controller.LoginController.index()',NULL,'127.0.0.1','2017-11-07 13:18:36'),(94,1,'admin','修改品牌',190,'com.bootdo.system.controller.ProducerController.update()',NULL,'127.0.0.1','2017-11-07 13:18:47'),(95,1,'admin','添加品牌',74,'com.bootdo.system.controller.ProducerController.save()',NULL,'127.0.0.1','2017-11-07 13:18:55'),(96,1,'admin','删除品牌',63,'com.bootdo.system.controller.ProducerController.remove()',NULL,'127.0.0.1','2017-11-07 13:19:00'),(97,1,'admin','添加品牌',64,'com.bootdo.system.controller.ProducerController.save()',NULL,'127.0.0.1','2017-11-07 13:19:05'),(98,1,'admin','添加品牌',131,'com.bootdo.system.controller.ProducerController.save()',NULL,'127.0.0.1','2017-11-07 13:19:08'),(99,1,'admin','添加品牌',67,'com.bootdo.system.controller.ProducerController.save()',NULL,'127.0.0.1','2017-11-07 13:19:13'),(100,1,'admin','批量删除品牌',28,'com.bootdo.system.controller.ProducerController.remove()',NULL,'127.0.0.1','2017-11-07 13:19:21'),(101,1,'admin','请求访问主页',8,'com.bootdo.system.controller.LoginController.index()',NULL,'127.0.0.1','2017-11-07 13:30:09'),(102,1,'admin','添加菜单',2,'com.bootdo.system.controller.MenuController.add()',NULL,'127.0.0.1','2017-11-07 13:36:05'),(103,1,'admin','保存菜单',116,'com.bootdo.system.controller.MenuController.save()',NULL,'127.0.0.1','2017-11-07 13:37:18'),(104,1,'admin','添加菜单',3,'com.bootdo.system.controller.MenuController.add()',NULL,'127.0.0.1','2017-11-07 13:37:25'),(105,1,'admin','保存菜单',57,'com.bootdo.system.controller.MenuController.save()',NULL,'127.0.0.1','2017-11-07 13:38:12'),(106,1,'admin','添加菜单',8,'com.bootdo.system.controller.MenuController.add()',NULL,'127.0.0.1','2017-11-07 13:38:17'),(107,1,'admin','保存菜单',54,'com.bootdo.system.controller.MenuController.save()',NULL,'127.0.0.1','2017-11-07 13:38:53'),(108,1,'admin','添加菜单',3,'com.bootdo.system.controller.MenuController.add()',NULL,'127.0.0.1','2017-11-07 13:38:58'),(109,1,'admin','保存菜单',182,'com.bootdo.system.controller.MenuController.save()',NULL,'127.0.0.1','2017-11-07 13:39:32'),(110,1,'admin','添加菜单',1,'com.bootdo.system.controller.MenuController.add()',NULL,'127.0.0.1','2017-11-07 13:39:37'),(111,1,'admin','保存菜单',62,'com.bootdo.system.controller.MenuController.save()',NULL,'127.0.0.1','2017-11-07 13:40:30'),(112,1,'admin','登录',25,'com.bootdo.system.controller.LoginController.ajaxLogin()',NULL,'127.0.0.1','2017-11-07 15:01:20'),(113,1,'admin','请求访问主页',68,'com.bootdo.system.controller.LoginController.index()',NULL,'127.0.0.1','2017-11-07 15:01:20'),(114,1,'admin','请求访问主页',11,'com.bootdo.system.controller.LoginController.index()',NULL,'127.0.0.1','2017-11-07 15:15:32'),(115,1,'admin','登录',6,'com.bootdo.system.controller.LoginController.ajaxLogin()',NULL,'127.0.0.1','2017-11-07 15:28:09'),(116,1,'admin','请求访问主页',20,'com.bootdo.system.controller.LoginController.index()',NULL,'127.0.0.1','2017-11-07 15:28:09'),(117,1,'admin','登录',8,'com.bootdo.system.controller.LoginController.ajaxLogin()',NULL,'127.0.0.1','2017-11-07 15:29:53'),(118,1,'admin','请求访问主页',15,'com.bootdo.system.controller.LoginController.index()',NULL,'127.0.0.1','2017-11-07 15:29:53'),(119,1,'admin','登录',6,'com.bootdo.system.controller.LoginController.ajaxLogin()',NULL,'127.0.0.1','2017-11-07 15:32:41'),(120,1,'admin','请求访问主页',16,'com.bootdo.system.controller.LoginController.index()',NULL,'127.0.0.1','2017-11-07 15:32:41'),(121,1,'admin','登录',4,'com.bootdo.system.controller.LoginController.ajaxLogin()',NULL,'127.0.0.1','2017-11-07 15:37:21'),(122,1,'admin','请求访问主页',12,'com.bootdo.system.controller.LoginController.index()',NULL,'127.0.0.1','2017-11-07 15:37:21'),(123,1,'admin','登录',6,'com.bootdo.system.controller.LoginController.ajaxLogin()',NULL,'127.0.0.1','2017-11-07 15:38:40'),(124,1,'admin','请求访问主页',17,'com.bootdo.system.controller.LoginController.index()',NULL,'127.0.0.1','2017-11-07 15:38:40'),(125,1,'admin','登录',9,'com.bootdo.system.controller.LoginController.ajaxLogin()',NULL,'127.0.0.1','2017-11-07 16:05:07'),(126,1,'admin','请求访问主页',14,'com.bootdo.system.controller.LoginController.index()',NULL,'127.0.0.1','2017-11-07 16:05:07'),(127,1,'admin','登录',27,'com.bootdo.system.controller.LoginController.ajaxLogin()',NULL,'127.0.0.1','2017-11-08 09:16:09'),(128,1,'admin','请求访问主页',175,'com.bootdo.system.controller.LoginController.index()',NULL,'127.0.0.1','2017-11-08 09:16:10'),(129,1,'admin','请求访问主页',14,'com.bootdo.system.controller.LoginController.index()',NULL,'127.0.0.1','2017-11-08 09:51:38'),(130,1,'admin','请求访问主页',18,'com.bootdo.system.controller.LoginController.index()',NULL,'127.0.0.1','2017-11-08 09:52:03'),(131,1,'admin','请求访问主页',13,'com.bootdo.system.controller.LoginController.index()',NULL,'127.0.0.1','2017-11-08 09:52:49'),(132,1,'admin','请求访问主页',11,'com.bootdo.system.controller.LoginController.index()',NULL,'127.0.0.1','2017-11-08 09:54:00'),(133,1,'admin','登录',12,'com.bootdo.system.controller.LoginController.ajaxLogin()',NULL,'127.0.0.1','2017-11-08 10:04:27'),(134,1,'admin','请求访问主页',14,'com.bootdo.system.controller.LoginController.index()',NULL,'127.0.0.1','2017-11-08 10:04:27'),(135,1,'admin','添加角色',0,'com.bootdo.system.controller.RoleController.add()',NULL,'127.0.0.1','2017-11-08 10:04:57'),(136,1,'admin','保存角色',155,'com.bootdo.system.controller.RoleController.save()',NULL,'127.0.0.1','2017-11-08 10:05:37'),(137,1,'admin','编辑角色',7,'com.bootdo.system.controller.RoleController.edit()',NULL,'127.0.0.1','2017-11-08 10:05:42'),(138,1,'admin','添加用户',1,'com.bootdo.system.controller.UserController.add()',NULL,'127.0.0.1','2017-11-08 10:05:55'),(139,1,'admin','保存用户',63,'com.bootdo.system.controller.UserController.save()',NULL,'127.0.0.1','2017-11-08 10:06:39'),(140,2,'guest','登录',7,'com.bootdo.system.controller.LoginController.ajaxLogin()',NULL,'127.0.0.1','2017-11-08 10:06:56'),(141,2,'guest','请求访问主页',16,'com.bootdo.system.controller.LoginController.index()',NULL,'127.0.0.1','2017-11-08 10:06:56'),(142,1,'admin','登录',5,'com.bootdo.system.controller.LoginController.ajaxLogin()',NULL,'127.0.0.1','2017-11-08 10:08:59'),(143,1,'admin','请求访问主页',15,'com.bootdo.system.controller.LoginController.index()',NULL,'127.0.0.1','2017-11-08 10:09:00'),(144,1,'admin','请求访问主页',13,'com.bootdo.system.controller.LoginController.index()',NULL,'127.0.0.1','2017-11-08 10:51:27'),(145,1,'admin','请求访问主页',26,'com.bootdo.system.controller.LoginController.index()',NULL,'127.0.0.1','2017-11-08 10:51:58'),(146,1,'admin','请求访问主页',14,'com.bootdo.system.controller.LoginController.index()',NULL,'127.0.0.1','2017-11-08 11:07:02'),(147,1,'admin','请求访问主页',10,'com.bootdo.system.controller.LoginController.index()',NULL,'127.0.0.1','2017-11-08 11:12:57'),(148,1,'admin','请求访问主页',8,'com.bootdo.system.controller.LoginController.index()',NULL,'127.0.0.1','2017-11-08 11:13:27'),(149,1,'admin','登录',8,'com.bootdo.system.controller.LoginController.ajaxLogin()',NULL,'127.0.0.1','2017-11-08 13:12:47'),(150,1,'admin','请求访问主页',10,'com.bootdo.system.controller.LoginController.index()',NULL,'127.0.0.1','2017-11-08 13:12:47'),(151,1,'admin','请求访问主页',9,'com.bootdo.system.controller.LoginController.index()',NULL,'127.0.0.1','2017-11-08 13:14:02'),(152,1,'admin','请求访问主页',12,'com.bootdo.system.controller.LoginController.index()',NULL,'127.0.0.1','2017-11-08 13:17:20'),(153,1,'admin','请求访问主页',15,'com.bootdo.system.controller.LoginController.index()',NULL,'127.0.0.1','2017-11-08 13:18:39'),(154,1,'admin','请求访问主页',7,'com.bootdo.system.controller.LoginController.index()',NULL,'127.0.0.1','2017-11-08 15:02:56'),(155,1,'admin','请求访问主页',10,'com.bootdo.system.controller.LoginController.index()',NULL,'127.0.0.1','2017-11-08 15:02:57'),(156,1,'admin','请求访问主页',7,'com.bootdo.system.controller.LoginController.index()',NULL,'127.0.0.1','2017-11-08 15:03:19'),(157,1,'admin','请求访问主页',5,'com.bootdo.system.controller.LoginController.index()',NULL,'127.0.0.1','2017-11-08 15:14:48'),(158,1,'admin','登录',16,'com.bootdo.system.controller.LoginController.ajaxLogin()',NULL,'127.0.0.1','2017-11-08 15:23:01'),(159,1,'admin','请求访问主页',75,'com.bootdo.system.controller.LoginController.index()',NULL,'127.0.0.1','2017-11-08 15:23:01'),(160,1,'admin','修改商品',118,'com.bootdo.system.controller.CommodityController.update()',NULL,'127.0.0.1','2017-11-08 15:23:27'),(161,1,'admin','修改商品',65,'com.bootdo.system.controller.CommodityController.update()',NULL,'127.0.0.1','2017-11-08 15:23:54'),(162,1,'admin','登录',9,'com.bootdo.system.controller.LoginController.ajaxLogin()',NULL,'127.0.0.1','2017-11-08 15:25:44'),(163,1,'admin','请求访问主页',26,'com.bootdo.system.controller.LoginController.index()',NULL,'127.0.0.1','2017-11-08 15:25:44'),(164,1,'admin','登录',7,'com.bootdo.system.controller.LoginController.ajaxLogin()',NULL,'127.0.0.1','2017-11-08 15:30:06'),(165,1,'admin','请求访问主页',21,'com.bootdo.system.controller.LoginController.index()',NULL,'127.0.0.1','2017-11-08 15:30:06'),(166,1,'admin','登录',6,'com.bootdo.system.controller.LoginController.ajaxLogin()',NULL,'127.0.0.1','2017-11-08 15:34:33'),(167,1,'admin','请求访问主页',25,'com.bootdo.system.controller.LoginController.index()',NULL,'127.0.0.1','2017-11-08 15:34:33'),(168,1,'admin','登录',6,'com.bootdo.system.controller.LoginController.ajaxLogin()',NULL,'127.0.0.1','2017-11-08 15:40:22'),(169,1,'admin','请求访问主页',30,'com.bootdo.system.controller.LoginController.index()',NULL,'127.0.0.1','2017-11-08 15:40:22'),(170,1,'admin','修改商品',74,'com.bootdo.system.controller.CommodityController.update()',NULL,'127.0.0.1','2017-11-08 15:40:31'),(171,1,'admin','登录',16,'com.bootdo.system.controller.LoginController.ajaxLogin()',NULL,'127.0.0.1','2017-11-08 15:49:08'),(172,1,'admin','请求访问主页',88,'com.bootdo.system.controller.LoginController.index()',NULL,'127.0.0.1','2017-11-08 15:49:08'),(173,1,'admin','修改商品',60,'com.bootdo.system.controller.CommodityController.update()',NULL,'127.0.0.1','2017-11-08 15:49:27'),(174,1,'admin','修改商品',75,'com.bootdo.system.controller.CommodityController.update()',NULL,'127.0.0.1','2017-11-08 15:49:46'),(175,1,'admin','登录',8,'com.bootdo.system.controller.LoginController.ajaxLogin()',NULL,'127.0.0.1','2017-11-08 15:56:06'),(176,1,'admin','请求访问主页',32,'com.bootdo.system.controller.LoginController.index()',NULL,'127.0.0.1','2017-11-08 15:56:06'),(177,1,'admin','修改商品',46,'com.bootdo.system.controller.CommodityController.update()',NULL,'127.0.0.1','2017-11-08 15:56:18'),(178,1,'admin','修改商品',59,'com.bootdo.system.controller.CommodityController.update()',NULL,'127.0.0.1','2017-11-08 15:56:30'),(179,1,'admin','登录',7,'com.bootdo.system.controller.LoginController.ajaxLogin()',NULL,'127.0.0.1','2017-11-08 15:57:49'),(180,1,'admin','请求访问主页',20,'com.bootdo.system.controller.LoginController.index()',NULL,'127.0.0.1','2017-11-08 15:57:49'),(181,1,'admin','修改商品',74,'com.bootdo.system.controller.CommodityController.update()',NULL,'127.0.0.1','2017-11-08 15:58:02'),(182,1,'admin','登录',35,'com.bootdo.system.controller.LoginController.ajaxLogin()',NULL,'127.0.0.1','2017-11-08 16:01:10'),(183,1,'admin','请求访问主页',85,'com.bootdo.system.controller.LoginController.index()',NULL,'127.0.0.1','2017-11-08 16:01:10'),(184,1,'admin','修改商品',43,'com.bootdo.system.controller.CommodityController.update()',NULL,'127.0.0.1','2017-11-08 16:01:32'),(185,1,'admin','登录',6,'com.bootdo.system.controller.LoginController.ajaxLogin()',NULL,'127.0.0.1','2017-11-08 16:03:06'),(186,1,'admin','请求访问主页',31,'com.bootdo.system.controller.LoginController.index()',NULL,'127.0.0.1','2017-11-08 16:03:06'),(187,1,'admin','修改商品',111,'com.bootdo.system.controller.CommodityController.update()',NULL,'127.0.0.1','2017-11-08 16:03:17'),(188,1,'admin','登录',12,'com.bootdo.system.controller.LoginController.ajaxLogin()',NULL,'127.0.0.1','2017-11-08 16:16:10'),(189,1,'admin','请求访问主页',21,'com.bootdo.system.controller.LoginController.index()',NULL,'127.0.0.1','2017-11-08 16:16:10'),(190,1,'admin','修改商品',82,'com.bootdo.system.controller.CommodityController.update()',NULL,'127.0.0.1','2017-11-08 16:16:22'),(191,1,'admin','登录',9,'com.bootdo.system.controller.LoginController.ajaxLogin()',NULL,'127.0.0.1','2017-11-08 16:19:20'),(192,1,'admin','请求访问主页',22,'com.bootdo.system.controller.LoginController.index()',NULL,'127.0.0.1','2017-11-08 16:19:20'),(193,1,'admin','修改商品',56,'com.bootdo.system.controller.CommodityController.update()',NULL,'127.0.0.1','2017-11-08 16:19:31'),(194,1,'admin','登录',8,'com.bootdo.system.controller.LoginController.ajaxLogin()',NULL,'127.0.0.1','2017-11-08 16:22:14'),(195,1,'admin','请求访问主页',18,'com.bootdo.system.controller.LoginController.index()',NULL,'127.0.0.1','2017-11-08 16:22:14'),(196,1,'admin','修改商品',61,'com.bootdo.system.controller.CommodityController.update()',NULL,'127.0.0.1','2017-11-08 16:22:30'),(197,1,'admin','修改商品',55,'com.bootdo.system.controller.CommodityController.update()',NULL,'127.0.0.1','2017-11-08 16:23:51'),(198,1,'admin','修改商品',61,'com.bootdo.system.controller.CommodityController.update()',NULL,'127.0.0.1','2017-11-08 16:23:59'),(199,1,'admin','修改商品',59,'com.bootdo.system.controller.CommodityController.update()',NULL,'127.0.0.1','2017-11-08 16:26:37'),(200,1,'admin','修改商品',80,'com.bootdo.system.controller.CommodityController.update()',NULL,'127.0.0.1','2017-11-08 16:32:39'),(201,1,'admin','修改商品',113,'com.bootdo.system.controller.CommodityController.update()',NULL,'127.0.0.1','2017-11-08 16:32:48'),(202,1,'admin','登录',15,'com.bootdo.system.controller.LoginController.ajaxLogin()',NULL,'127.0.0.1','2017-11-08 16:35:16'),(203,1,'admin','请求访问主页',84,'com.bootdo.system.controller.LoginController.index()',NULL,'127.0.0.1','2017-11-08 16:35:17'),(204,1,'admin','修改商品',90,'com.bootdo.system.controller.CommodityController.update()',NULL,'127.0.0.1','2017-11-08 16:35:30'),(205,1,'admin','登录',7,'com.bootdo.system.controller.LoginController.ajaxLogin()',NULL,'127.0.0.1','2017-11-08 16:36:48'),(206,1,'admin','请求访问主页',16,'com.bootdo.system.controller.LoginController.index()',NULL,'127.0.0.1','2017-11-08 16:36:49'),(207,1,'admin','修改商品',39,'com.bootdo.system.controller.CommodityController.update()',NULL,'127.0.0.1','2017-11-08 16:37:00'),(208,1,'admin','登录',8,'com.bootdo.system.controller.LoginController.ajaxLogin()',NULL,'127.0.0.1','2017-11-08 16:38:53'),(209,1,'admin','请求访问主页',26,'com.bootdo.system.controller.LoginController.index()',NULL,'127.0.0.1','2017-11-08 16:38:53'),(210,1,'admin','修改商品',52,'com.bootdo.system.controller.CommodityController.update()',NULL,'127.0.0.1','2017-11-08 16:39:22'),(211,1,'admin','修改商品',45,'com.bootdo.system.controller.CommodityController.update()',NULL,'127.0.0.1','2017-11-08 16:40:22'),(212,1,'admin','修改商品',36,'com.bootdo.system.controller.CommodityController.update()',NULL,'127.0.0.1','2017-11-08 16:41:16'),(213,1,'admin','修改商品',79,'com.bootdo.system.controller.CommodityController.update()',NULL,'127.0.0.1','2017-11-08 16:41:32'),(214,1,'admin','修改商品',111,'com.bootdo.system.controller.CommodityController.update()',NULL,'127.0.0.1','2017-11-08 16:42:07'),(215,1,'admin','修改商品',65,'com.bootdo.system.controller.CommodityController.update()',NULL,'127.0.0.1','2017-11-08 16:43:07'),(216,1,'admin','修改商品',38,'com.bootdo.system.controller.CommodityController.update()',NULL,'127.0.0.1','2017-11-08 16:43:23'),(217,1,'admin','修改商品',60,'com.bootdo.system.controller.CommodityController.update()',NULL,'127.0.0.1','2017-11-08 16:43:54'),(218,1,'admin','修改商品',52,'com.bootdo.system.controller.CommodityController.update()',NULL,'127.0.0.1','2017-11-08 16:45:26'),(219,1,'admin','登录',19,'com.bootdo.system.controller.LoginController.ajaxLogin()',NULL,'127.0.0.1','2017-11-08 17:03:54'),(220,1,'admin','请求访问主页',107,'com.bootdo.system.controller.LoginController.index()',NULL,'127.0.0.1','2017-11-08 17:03:54'),(221,1,'admin','删除商品',51,'com.bootdo.system.controller.CommodityController.remove()',NULL,'127.0.0.1','2017-11-08 17:04:06'),(222,1,'admin','删除商品',36,'com.bootdo.system.controller.CommodityController.remove()',NULL,'127.0.0.1','2017-11-08 17:04:39'),(223,1,'admin','批量删除商品',48,'com.bootdo.system.controller.CommodityController.remove()',NULL,'127.0.0.1','2017-11-08 17:04:46'),(224,1,'admin','删除商品',42,'com.bootdo.system.controller.CommodityController.remove()',NULL,'127.0.0.1','2017-11-08 17:04:52'),(225,1,'admin','删除商品',36,'com.bootdo.system.controller.CommodityController.remove()',NULL,'127.0.0.1','2017-11-08 17:05:00'),(226,1,'admin','删除商品',52,'com.bootdo.system.controller.CommodityController.remove()',NULL,'127.0.0.1','2017-11-08 17:05:35'),(227,1,'admin','批量删除商品',74,'com.bootdo.system.controller.CommodityController.remove()',NULL,'127.0.0.1','2017-11-08 17:05:41'),(228,1,'admin','修改商品',73,'com.bootdo.system.controller.CommodityController.update()',NULL,'127.0.0.1','2017-11-08 17:08:52'),(229,1,'admin','修改商品',42,'com.bootdo.system.controller.CommodityController.update()',NULL,'127.0.0.1','2017-11-08 17:09:15'),(230,1,'admin','修改商品',215,'com.bootdo.system.controller.CommodityController.update()',NULL,'127.0.0.1','2017-11-08 17:12:36'),(231,1,'admin','登录',16,'com.bootdo.system.controller.LoginController.ajaxLogin()',NULL,'127.0.0.1','2017-11-09 09:16:26'),(232,1,'admin','请求访问主页',160,'com.bootdo.system.controller.LoginController.index()',NULL,'127.0.0.1','2017-11-09 09:16:27'),(233,1,'admin','登录',7,'com.bootdo.system.controller.LoginController.ajaxLogin()',NULL,'127.0.0.1','2017-11-09 09:23:52'),(234,1,'admin','请求访问主页',20,'com.bootdo.system.controller.LoginController.index()',NULL,'127.0.0.1','2017-11-09 09:23:52'),(235,1,'admin','添加商品',47,'com.bootdo.system.controller.CommodityController.save()',NULL,'127.0.0.1','2017-11-09 09:42:53'),(236,1,'admin','修改商品',42,'com.bootdo.system.controller.CommodityController.update()',NULL,'127.0.0.1','2017-11-09 09:43:08'),(237,1,'admin','修改商品',47,'com.bootdo.system.controller.CommodityController.update()',NULL,'127.0.0.1','2017-11-09 09:43:45'),(238,1,'admin','修改商品',65,'com.bootdo.system.controller.CommodityController.update()',NULL,'127.0.0.1','2017-11-09 09:44:50'),(239,1,'admin','登录',7,'com.bootdo.system.controller.LoginController.ajaxLogin()',NULL,'127.0.0.1','2017-11-09 09:46:09'),(240,1,'admin','请求访问主页',17,'com.bootdo.system.controller.LoginController.index()',NULL,'127.0.0.1','2017-11-09 09:46:09'),(241,1,'admin','修改商品',57,'com.bootdo.system.controller.CommodityController.update()',NULL,'127.0.0.1','2017-11-09 09:46:22'),(242,1,'admin','添加商品',58,'com.bootdo.system.controller.CommodityController.save()',NULL,'127.0.0.1','2017-11-09 09:50:35'),(243,1,'admin','登录',7,'com.bootdo.system.controller.LoginController.ajaxLogin()',NULL,'127.0.0.1','2017-11-09 09:56:54'),(244,1,'admin','请求访问主页',15,'com.bootdo.system.controller.LoginController.index()',NULL,'127.0.0.1','2017-11-09 09:56:54'),(245,1,'admin','添加商品',70,'com.bootdo.system.controller.CommodityController.save()',NULL,'127.0.0.1','2017-11-09 09:57:36'),(246,1,'admin','修改商品',65,'com.bootdo.system.controller.CommodityController.update()',NULL,'127.0.0.1','2017-11-09 09:57:55'),(247,1,'admin','修改商品',48,'com.bootdo.system.controller.CommodityController.update()',NULL,'127.0.0.1','2017-11-09 10:08:37'),(248,1,'admin','修改商品',39,'com.bootdo.system.controller.CommodityController.update()',NULL,'127.0.0.1','2017-11-09 10:10:14'),(249,1,'admin','修改商品',41,'com.bootdo.system.controller.CommodityController.update()',NULL,'127.0.0.1','2017-11-09 10:11:10'),(250,1,'admin','修改商品',81,'com.bootdo.system.controller.CommodityController.update()',NULL,'127.0.0.1','2017-11-09 10:12:19'),(251,1,'admin','添加商品',36,'com.bootdo.system.controller.CommodityController.save()',NULL,'127.0.0.1','2017-11-09 10:12:47'),(252,1,'admin','添加商品',36,'com.bootdo.system.controller.CommodityController.save()',NULL,'127.0.0.1','2017-11-09 10:21:29'),(253,1,'admin','删除商品',91,'com.bootdo.system.controller.CommodityController.remove()',NULL,'127.0.0.1','2017-11-09 10:22:51'),(254,1,'admin','删除商品',39,'com.bootdo.system.controller.CommodityController.remove()',NULL,'127.0.0.1','2017-11-09 10:22:54'),(255,1,'admin','修改商品',108,'com.bootdo.system.controller.CommodityController.update()',NULL,'127.0.0.1','2017-11-09 10:23:07'),(256,1,'admin','添加菜单',5,'com.bootdo.system.controller.MenuController.add()',NULL,'127.0.0.1','2017-11-09 10:28:35'),(257,1,'admin','保存菜单',86,'com.bootdo.system.controller.MenuController.save()',NULL,'127.0.0.1','2017-11-09 10:30:09'),(258,1,'admin','登录',17,'com.bootdo.system.controller.LoginController.ajaxLogin()',NULL,'127.0.0.1','2017-11-09 11:10:22'),(259,1,'admin','请求访问主页',15,'com.bootdo.system.controller.LoginController.index()',NULL,'127.0.0.1','2017-11-09 11:10:22'),(260,1,'admin','登录',17,'com.bootdo.system.controller.LoginController.ajaxLogin()',NULL,'127.0.0.1','2017-11-09 13:20:27'),(261,1,'admin','请求访问主页',103,'com.bootdo.system.controller.LoginController.index()',NULL,'127.0.0.1','2017-11-09 13:20:27'),(262,1,'admin','登录',17,'com.bootdo.system.controller.LoginController.ajaxLogin()',NULL,'127.0.0.1','2017-11-09 14:12:05'),(263,1,'admin','请求访问主页',76,'com.bootdo.system.controller.LoginController.index()',NULL,'127.0.0.1','2017-11-09 14:12:06'),(264,1,'admin','请求访问主页',20,'com.bootdo.system.controller.LoginController.index()',NULL,'127.0.0.1','2017-11-09 14:23:20'),(265,1,'admin','登录',16,'com.bootdo.system.controller.LoginController.ajaxLogin()',NULL,'127.0.0.1','2017-11-09 14:55:17'),(266,1,'admin','请求访问主页',75,'com.bootdo.system.controller.LoginController.index()',NULL,'127.0.0.1','2017-11-09 14:55:17'),(267,1,'admin','登录',9,'com.bootdo.system.controller.LoginController.ajaxLogin()',NULL,'127.0.0.1','2017-11-09 15:00:59'),(268,1,'admin','请求访问主页',32,'com.bootdo.system.controller.LoginController.index()',NULL,'127.0.0.1','2017-11-09 15:00:59'),(269,1,'admin','登录',8,'com.bootdo.system.controller.LoginController.ajaxLogin()',NULL,'127.0.0.1','2017-11-09 15:11:55'),(270,1,'admin','请求访问主页',26,'com.bootdo.system.controller.LoginController.index()',NULL,'127.0.0.1','2017-11-09 15:11:55'),(271,1,'admin','登录',16,'com.bootdo.system.controller.LoginController.ajaxLogin()',NULL,'127.0.0.1','2017-11-09 16:06:57'),(272,1,'admin','请求访问主页',160,'com.bootdo.system.controller.LoginController.index()',NULL,'127.0.0.1','2017-11-09 16:06:58'),(273,1,'admin','登录',8,'com.bootdo.system.controller.LoginController.ajaxLogin()',NULL,'127.0.0.1','2017-11-09 16:10:05'),(274,1,'admin','请求访问主页',13,'com.bootdo.system.controller.LoginController.index()',NULL,'127.0.0.1','2017-11-09 16:10:05'),(275,1,'admin','请求访问主页',34,'com.bootdo.system.controller.LoginController.index()',NULL,'127.0.0.1','2017-11-09 16:29:12'),(276,1,'admin','登录',8,'com.bootdo.system.controller.LoginController.ajaxLogin()',NULL,'127.0.0.1','2017-11-09 17:04:24'),(277,1,'admin','请求访问主页',19,'com.bootdo.system.controller.LoginController.index()',NULL,'127.0.0.1','2017-11-09 17:04:24'),(278,1,'admin','上传图片',0,'com.bootdo.system.controller.CommodityController.uploda()',NULL,'127.0.0.1','2017-11-09 17:05:57'),(279,1,'admin','上传图片',1,'com.bootdo.system.controller.CommodityController.uploda()',NULL,'127.0.0.1','2017-11-09 17:48:01'),(280,1,'admin','登录',7,'com.bootdo.system.controller.LoginController.ajaxLogin()',NULL,'127.0.0.1','2017-11-09 17:57:48'),(281,1,'admin','请求访问主页',17,'com.bootdo.system.controller.LoginController.index()',NULL,'127.0.0.1','2017-11-09 17:57:48'),(282,1,'admin','上传图片',0,'com.bootdo.system.controller.CommodityController.uploda()',NULL,'127.0.0.1','2017-11-09 17:58:06'),(283,1,'admin','登录',5,'com.bootdo.system.controller.LoginController.ajaxLogin()',NULL,'127.0.0.1','2017-11-09 17:59:41'),(284,1,'admin','请求访问主页',14,'com.bootdo.system.controller.LoginController.index()',NULL,'127.0.0.1','2017-11-09 17:59:41'),(285,1,'admin','上传图片',0,'com.bootdo.system.controller.CommodityController.uploda()',NULL,'127.0.0.1','2017-11-09 18:00:08'),(286,1,'admin','登录',71,'com.bootdo.system.controller.LoginController.ajaxLogin()',NULL,'127.0.0.1','2017-11-10 09:18:23'),(287,1,'admin','请求访问主页',239,'com.bootdo.system.controller.LoginController.index()',NULL,'127.0.0.1','2017-11-10 09:18:24'),(288,1,'admin','上传图片',0,'com.bootdo.system.controller.CommodityController.uploda()',NULL,'127.0.0.1','2017-11-10 09:18:59'),(289,1,'admin','请求访问主页',15,'com.bootdo.system.controller.LoginController.index()',NULL,'127.0.0.1','2017-11-10 09:20:27'),(290,1,'admin','上传图片',0,'com.bootdo.system.controller.CommodityController.uploda()',NULL,'127.0.0.1','2017-11-10 09:20:45'),(291,1,'admin','上传图片',0,'com.bootdo.system.controller.CommodityController.uploda()',NULL,'127.0.0.1','2017-11-10 09:22:02'),(292,1,'admin','请求访问主页',18,'com.bootdo.system.controller.LoginController.index()',NULL,'127.0.0.1','2017-11-10 09:26:50'),(293,1,'admin','请求访问主页',19,'com.bootdo.system.controller.LoginController.index()',NULL,'127.0.0.1','2017-11-10 09:29:19'),(294,1,'admin','上传图片',0,'com.bootdo.system.controller.CommodityController.uploda()',NULL,'127.0.0.1','2017-11-10 09:32:03'),(295,1,'admin','上传图片',0,'com.bootdo.system.controller.CommodityController.uploda()',NULL,'127.0.0.1','2017-11-10 09:32:03'),(296,1,'admin','上传图片',0,'com.bootdo.system.controller.CommodityController.uploda()',NULL,'127.0.0.1','2017-11-10 09:32:03'),(297,1,'admin','上传图片',0,'com.bootdo.system.controller.CommodityController.uploda()',NULL,'127.0.0.1','2017-11-10 09:33:51'),(298,1,'admin','上传图片',0,'com.bootdo.system.controller.CommodityController.uploda()',NULL,'127.0.0.1','2017-11-10 09:38:14'),(299,1,'admin','上传图片',0,'com.bootdo.system.controller.CommodityController.uploda()',NULL,'127.0.0.1','2017-11-10 09:38:14'),(300,1,'admin','上传图片',0,'com.bootdo.system.controller.CommodityController.uploda()',NULL,'127.0.0.1','2017-11-10 09:38:14'),(301,1,'admin','请求访问主页',12,'com.bootdo.system.controller.LoginController.index()',NULL,'127.0.0.1','2017-11-10 09:41:03'),(302,1,'admin','上传图片',0,'com.bootdo.system.controller.CommodityController.uploda()',NULL,'127.0.0.1','2017-11-10 09:41:30'),(303,1,'admin','上传图片',0,'com.bootdo.system.controller.CommodityController.uploda()',NULL,'127.0.0.1','2017-11-10 09:41:30'),(304,1,'admin','上传图片',0,'com.bootdo.system.controller.CommodityController.uploda()',NULL,'127.0.0.1','2017-11-10 09:42:50'),(305,1,'admin','上传图片',0,'com.bootdo.system.controller.CommodityController.uploda()',NULL,'127.0.0.1','2017-11-10 09:42:50'),(306,1,'admin','上传图片',1,'com.bootdo.system.controller.CommodityController.uploda()',NULL,'127.0.0.1','2017-11-10 09:42:50'),(307,1,'admin','请求访问主页',18,'com.bootdo.system.controller.LoginController.index()',NULL,'127.0.0.1','2017-11-10 09:43:10'),(308,1,'admin','上传图片',0,'com.bootdo.system.controller.CommodityController.uploda()',NULL,'127.0.0.1','2017-11-10 09:44:36'),(309,1,'admin','上传图片',0,'com.bootdo.system.controller.CommodityController.uploda()',NULL,'127.0.0.1','2017-11-10 09:44:36'),(310,1,'admin','上传图片',0,'com.bootdo.system.controller.CommodityController.uploda()',NULL,'127.0.0.1','2017-11-10 09:44:36'),(311,1,'admin','登录',5,'com.bootdo.system.controller.LoginController.ajaxLogin()',NULL,'127.0.0.1','2017-11-10 09:51:53'),(312,1,'admin','请求访问主页',27,'com.bootdo.system.controller.LoginController.index()',NULL,'127.0.0.1','2017-11-10 09:51:54'),(313,1,'admin','登录',16,'com.bootdo.system.controller.LoginController.ajaxLogin()',NULL,'127.0.0.1','2017-11-10 10:17:10'),(314,1,'admin','请求访问主页',412,'com.bootdo.system.controller.LoginController.index()',NULL,'127.0.0.1','2017-11-10 10:17:11'),(315,1,'admin','登录',14,'com.bootdo.system.controller.LoginController.ajaxLogin()',NULL,'127.0.0.1','2017-11-10 10:20:43'),(316,1,'admin','请求访问主页',26,'com.bootdo.system.controller.LoginController.index()',NULL,'127.0.0.1','2017-11-10 10:20:43'),(317,1,'admin','登录',16,'com.bootdo.system.controller.LoginController.ajaxLogin()',NULL,'127.0.0.1','2017-11-10 10:29:55'),(318,1,'admin','请求访问主页',121,'com.bootdo.system.controller.LoginController.index()',NULL,'127.0.0.1','2017-11-10 10:29:55'),(319,1,'admin','登录',21,'com.bootdo.system.controller.LoginController.ajaxLogin()',NULL,'127.0.0.1','2017-11-10 10:35:58'),(320,1,'admin','请求访问主页',112,'com.bootdo.system.controller.LoginController.index()',NULL,'127.0.0.1','2017-11-10 10:35:59'),(321,1,'admin','登录',13,'com.bootdo.system.controller.LoginController.ajaxLogin()',NULL,'127.0.0.1','2017-11-10 10:39:36'),(322,1,'admin','请求访问主页',20,'com.bootdo.system.controller.LoginController.index()',NULL,'127.0.0.1','2017-11-10 10:39:36'),(323,1,'admin','登录',14,'com.bootdo.system.controller.LoginController.ajaxLogin()',NULL,'127.0.0.1','2017-11-10 10:41:00'),(324,1,'admin','请求访问主页',83,'com.bootdo.system.controller.LoginController.index()',NULL,'127.0.0.1','2017-11-10 10:41:00'),(325,1,'admin','登录',29,'com.bootdo.system.controller.LoginController.ajaxLogin()',NULL,'127.0.0.1','2017-11-10 11:19:45'),(326,1,'admin','请求访问主页',74,'com.bootdo.system.controller.LoginController.index()',NULL,'127.0.0.1','2017-11-10 11:19:45'),(327,1,'admin','登录',7,'com.bootdo.system.controller.LoginController.ajaxLogin()',NULL,'127.0.0.1','2017-11-10 11:22:57'),(328,1,'admin','请求访问主页',26,'com.bootdo.system.controller.LoginController.index()',NULL,'127.0.0.1','2017-11-10 11:22:58'),(329,1,'admin','登录',5,'com.bootdo.system.controller.LoginController.ajaxLogin()',NULL,'127.0.0.1','2017-11-10 13:16:48'),(330,1,'admin','请求访问主页',18,'com.bootdo.system.controller.LoginController.index()',NULL,'127.0.0.1','2017-11-10 13:16:49'),(331,1,'admin','登录',7,'com.bootdo.system.controller.LoginController.ajaxLogin()',NULL,'127.0.0.1','2017-11-10 13:22:01'),(332,1,'admin','请求访问主页',30,'com.bootdo.system.controller.LoginController.index()',NULL,'127.0.0.1','2017-11-10 13:22:02'),(333,1,'admin','登录',10,'com.bootdo.system.controller.LoginController.ajaxLogin()',NULL,'127.0.0.1','2017-11-10 13:26:43'),(334,1,'admin','请求访问主页',41,'com.bootdo.system.controller.LoginController.index()',NULL,'127.0.0.1','2017-11-10 13:26:43'),(335,1,'admin','登录',13,'com.bootdo.system.controller.LoginController.ajaxLogin()',NULL,'127.0.0.1','2017-11-10 13:33:08'),(336,1,'admin','请求访问主页',22,'com.bootdo.system.controller.LoginController.index()',NULL,'127.0.0.1','2017-11-10 13:33:08'),(337,1,'admin','登录',6,'com.bootdo.system.controller.LoginController.ajaxLogin()',NULL,'127.0.0.1','2017-11-10 13:34:25'),(338,1,'admin','请求访问主页',32,'com.bootdo.system.controller.LoginController.index()',NULL,'127.0.0.1','2017-11-10 13:34:25'),(339,1,'admin','登录',5,'com.bootdo.system.controller.LoginController.ajaxLogin()',NULL,'127.0.0.1','2017-11-10 13:37:46'),(340,1,'admin','请求访问主页',25,'com.bootdo.system.controller.LoginController.index()',NULL,'127.0.0.1','2017-11-10 13:37:46'),(341,1,'admin','登录',18,'com.bootdo.system.controller.LoginController.ajaxLogin()',NULL,'127.0.0.1','2017-11-10 13:40:22'),(342,1,'admin','请求访问主页',99,'com.bootdo.system.controller.LoginController.index()',NULL,'127.0.0.1','2017-11-10 13:40:22'),(343,1,'admin','登录',15,'com.bootdo.system.controller.LoginController.ajaxLogin()',NULL,'127.0.0.1','2017-11-10 14:15:13'),(344,1,'admin','请求访问主页',87,'com.bootdo.system.controller.LoginController.index()',NULL,'127.0.0.1','2017-11-10 14:15:13'),(345,1,'admin','登录',8,'com.bootdo.system.controller.LoginController.ajaxLogin()',NULL,'127.0.0.1','2017-11-10 14:22:07'),(346,1,'admin','请求访问主页',22,'com.bootdo.system.controller.LoginController.index()',NULL,'127.0.0.1','2017-11-10 14:22:07'),(347,1,'admin','登录',9,'com.bootdo.system.controller.LoginController.ajaxLogin()',NULL,'127.0.0.1','2017-11-10 14:28:33'),(348,1,'admin','请求访问主页',19,'com.bootdo.system.controller.LoginController.index()',NULL,'127.0.0.1','2017-11-10 14:28:33'),(349,1,'admin','登录',13,'com.bootdo.system.controller.LoginController.ajaxLogin()',NULL,'127.0.0.1','2017-11-10 14:54:08'),(350,1,'admin','请求访问主页',33,'com.bootdo.system.controller.LoginController.index()',NULL,'127.0.0.1','2017-11-10 14:54:09'),(351,1,'admin','请求访问主页',15,'com.bootdo.system.controller.LoginController.index()',NULL,'127.0.0.1','2017-11-10 15:01:31'),(352,1,'admin','登录',11,'com.bootdo.system.controller.LoginController.ajaxLogin()',NULL,'127.0.0.1','2017-11-10 15:03:27'),(353,1,'admin','请求访问主页',33,'com.bootdo.system.controller.LoginController.index()',NULL,'127.0.0.1','2017-11-10 15:03:27'),(354,1,'admin','登录',6,'com.bootdo.system.controller.LoginController.ajaxLogin()',NULL,'127.0.0.1','2017-11-10 15:13:23'),(355,1,'admin','请求访问主页',26,'com.bootdo.system.controller.LoginController.index()',NULL,'127.0.0.1','2017-11-10 15:13:23'),(356,1,'admin','登录',8,'com.bootdo.system.controller.LoginController.ajaxLogin()',NULL,'127.0.0.1','2017-11-10 15:32:05'),(357,1,'admin','请求访问主页',22,'com.bootdo.system.controller.LoginController.index()',NULL,'127.0.0.1','2017-11-10 15:32:05'),(358,1,'admin','删除图片',147,'com.bootdo.system.controller.CommodityController.removepic()',NULL,'127.0.0.1','2017-11-10 15:32:57'),(359,1,'admin','删除图片',3,'com.bootdo.system.controller.CommodityController.removepic()',NULL,'127.0.0.1','2017-11-10 15:33:11'),(360,1,'admin','删除图片',174,'com.bootdo.system.controller.CommodityController.removepic()',NULL,'127.0.0.1','2017-11-10 15:33:20'),(361,1,'admin','删除图片',128,'com.bootdo.system.controller.CommodityController.removepic()',NULL,'127.0.0.1','2017-11-10 15:34:14'),(362,1,'admin','删除图片',151,'com.bootdo.system.controller.CommodityController.removepic()',NULL,'127.0.0.1','2017-11-10 15:36:44'),(363,1,'admin','删除图片',111,'com.bootdo.system.controller.CommodityController.removepic()',NULL,'127.0.0.1','2017-11-10 15:36:52'),(364,1,'admin','删除图片',123,'com.bootdo.system.controller.CommodityController.removepic()',NULL,'127.0.0.1','2017-11-10 15:38:10'),(365,1,'admin','删除图片',124,'com.bootdo.system.controller.CommodityController.removepic()',NULL,'127.0.0.1','2017-11-10 15:38:40'),(366,1,'admin','删除图片',118,'com.bootdo.system.controller.CommodityController.removepic()',NULL,'127.0.0.1','2017-11-10 15:38:42'),(367,1,'admin','删除图片',140,'com.bootdo.system.controller.CommodityController.removepic()',NULL,'127.0.0.1','2017-11-10 15:38:44'),(368,1,'admin','上传图片',87,'com.bootdo.system.controller.CommodityController.uploda()',NULL,'127.0.0.1','2017-11-10 15:39:00'),(369,1,'admin','删除图片',51,'com.bootdo.system.controller.CommodityController.removepic()',NULL,'127.0.0.1','2017-11-10 15:53:32'),(370,1,'admin','删除图片',118,'com.bootdo.system.controller.CommodityController.removepic()',NULL,'127.0.0.1','2017-11-10 15:53:35'),(371,1,'admin','上传图片',51,'com.bootdo.system.controller.CommodityController.uploda()',NULL,'127.0.0.1','2017-11-10 15:54:07'),(372,1,'admin','上传图片',140,'com.bootdo.system.controller.CommodityController.uploda()',NULL,'127.0.0.1','2017-11-10 15:54:07'),(373,1,'admin','删除图片',150,'com.bootdo.system.controller.CommodityController.removepic()',NULL,'127.0.0.1','2017-11-10 15:54:23'),(374,1,'admin','删除图片',120,'com.bootdo.system.controller.CommodityController.removepic()',NULL,'127.0.0.1','2017-11-10 15:54:25'),(375,1,'admin','删除图片',120,'com.bootdo.system.controller.CommodityController.removepic()',NULL,'127.0.0.1','2017-11-10 15:54:30'),(376,1,'admin','上传图片',31,'com.bootdo.system.controller.CommodityController.uploda()',NULL,'127.0.0.1','2017-11-10 15:54:40'),(377,1,'admin','删除图片',127,'com.bootdo.system.controller.CommodityController.removepic()',NULL,'127.0.0.1','2017-11-10 15:55:05'),(378,1,'admin','删除图片',109,'com.bootdo.system.controller.CommodityController.removepic()',NULL,'127.0.0.1','2017-11-10 15:55:08'),(379,1,'admin','删除图片',122,'com.bootdo.system.controller.CommodityController.removepic()',NULL,'127.0.0.1','2017-11-10 15:55:15'),(380,1,'admin','上传图片',33,'com.bootdo.system.controller.CommodityController.uploda()',NULL,'127.0.0.1','2017-11-10 15:55:37'),(381,1,'admin','上传图片',66,'com.bootdo.system.controller.CommodityController.uploda()',NULL,'127.0.0.1','2017-11-10 15:55:37'),(382,1,'admin','删除图片',138,'com.bootdo.system.controller.CommodityController.removepic()',NULL,'127.0.0.1','2017-11-10 15:56:07'),(383,1,'admin','删除图片',124,'com.bootdo.system.controller.CommodityController.removepic()',NULL,'127.0.0.1','2017-11-10 15:56:09'),(384,1,'admin','删除图片',123,'com.bootdo.system.controller.CommodityController.removepic()',NULL,'127.0.0.1','2017-11-10 15:56:10'),(385,1,'admin','删除图片',113,'com.bootdo.system.controller.CommodityController.removepic()',NULL,'127.0.0.1','2017-11-10 15:56:11'),(386,1,'admin','删除图片',118,'com.bootdo.system.controller.CommodityController.removepic()',NULL,'127.0.0.1','2017-11-10 15:56:13'),(387,1,'admin','删除图片',109,'com.bootdo.system.controller.CommodityController.removepic()',NULL,'127.0.0.1','2017-11-10 15:56:14'),(388,1,'admin','删除图片',143,'com.bootdo.system.controller.CommodityController.removepic()',NULL,'127.0.0.1','2017-11-10 15:56:15'),(389,1,'admin','删除图片',117,'com.bootdo.system.controller.CommodityController.removepic()',NULL,'127.0.0.1','2017-11-10 15:56:17'),(390,1,'admin','删除图片',164,'com.bootdo.system.controller.CommodityController.removepic()',NULL,'127.0.0.1','2017-11-10 15:56:19'),(391,1,'admin','删除图片',123,'com.bootdo.system.controller.CommodityController.removepic()',NULL,'127.0.0.1','2017-11-10 15:56:20'),(392,1,'admin','上传图片',57,'com.bootdo.system.controller.CommodityController.uploda()',NULL,'127.0.0.1','2017-11-10 15:56:57'),(393,1,'admin','上传图片',86,'com.bootdo.system.controller.CommodityController.uploda()',NULL,'127.0.0.1','2017-11-10 15:56:57'),(394,1,'admin','上传图片',213,'com.bootdo.system.controller.CommodityController.uploda()',NULL,'127.0.0.1','2017-11-10 15:56:57'),(395,1,'admin','上传图片',300,'com.bootdo.system.controller.CommodityController.uploda()',NULL,'127.0.0.1','2017-11-10 15:56:57'),(396,1,'admin','上传图片',750,'com.bootdo.system.controller.CommodityController.uploda()',NULL,'127.0.0.1','2017-11-10 15:56:57'),(397,1,'admin','上传图片',793,'com.bootdo.system.controller.CommodityController.uploda()',NULL,'127.0.0.1','2017-11-10 15:56:57'),(398,1,'admin','上传图片',742,'com.bootdo.system.controller.CommodityController.uploda()',NULL,'127.0.0.1','2017-11-10 15:56:57'),(399,1,'admin','上传图片',832,'com.bootdo.system.controller.CommodityController.uploda()',NULL,'127.0.0.1','2017-11-10 15:56:57'),(400,1,'admin','删除图片',123,'com.bootdo.system.controller.CommodityController.removepic()',NULL,'127.0.0.1','2017-11-10 15:57:21'),(401,1,'admin','登录',6,'com.bootdo.system.controller.LoginController.ajaxLogin()',NULL,'127.0.0.1','2017-11-10 16:01:12'),(402,1,'admin','请求访问主页',12,'com.bootdo.system.controller.LoginController.index()',NULL,'127.0.0.1','2017-11-10 16:01:12'),(403,-1,'获取用户信息为空','登录',10,'com.bootdo.system.controller.LoginController.ajaxLogin()',NULL,'127.0.0.1','2017-11-10 16:21:48'),(404,1,'admin','登录',2,'com.bootdo.system.controller.LoginController.ajaxLogin()',NULL,'127.0.0.1','2017-11-10 16:21:53'),(405,1,'admin','请求访问主页',11,'com.bootdo.system.controller.LoginController.index()',NULL,'127.0.0.1','2017-11-10 16:21:53'),(406,1,'admin','删除图片',1,'com.bootdo.system.controller.CommodityController.repeat1()',NULL,'127.0.0.1','2017-11-10 16:28:06'),(407,1,'admin','登录',6,'com.bootdo.system.controller.LoginController.ajaxLogin()',NULL,'127.0.0.1','2017-11-10 16:42:13'),(408,1,'admin','请求访问主页',22,'com.bootdo.system.controller.LoginController.index()',NULL,'127.0.0.1','2017-11-10 16:42:13'),(409,1,'admin','更换首页图片',4,'com.bootdo.system.controller.CommodityController.repeat1()',NULL,'127.0.0.1','2017-11-10 16:42:27'),(410,1,'admin','更换首页图片',5,'com.bootdo.system.controller.CommodityController.repeat1()',NULL,'127.0.0.1','2017-11-10 16:44:06'),(411,1,'admin','登录',18,'com.bootdo.system.controller.LoginController.ajaxLogin()',NULL,'127.0.0.1','2017-11-10 16:58:37'),(412,1,'admin','请求访问主页',127,'com.bootdo.system.controller.LoginController.index()',NULL,'127.0.0.1','2017-11-10 16:58:37'),(413,1,'admin','更换首页图片',32071,'com.bootdo.system.controller.CommodityController.repeat1()',NULL,'127.0.0.1','2017-11-10 16:59:23'),(414,1,'admin','更换首页图片',28451,'com.bootdo.system.controller.CommodityController.repeat1()',NULL,'127.0.0.1','2017-11-10 17:00:39'),(415,1,'admin','登录',16,'com.bootdo.system.controller.LoginController.ajaxLogin()',NULL,'127.0.0.1','2017-11-10 17:16:42'),(416,1,'admin','请求访问主页',23,'com.bootdo.system.controller.LoginController.index()',NULL,'127.0.0.1','2017-11-10 17:16:43'),(417,1,'admin','登录',10,'com.bootdo.system.controller.LoginController.ajaxLogin()',NULL,'127.0.0.1','2017-11-10 17:35:07'),(418,1,'admin','请求访问主页',25,'com.bootdo.system.controller.LoginController.index()',NULL,'127.0.0.1','2017-11-10 17:35:07'),(419,1,'admin','请求访问主页',12,'com.bootdo.system.controller.LoginController.index()',NULL,'127.0.0.1','2017-11-10 17:39:37'),(420,1,'admin','登录',16,'com.bootdo.system.controller.LoginController.ajaxLogin()',NULL,'127.0.0.1','2017-11-10 17:56:18'),(421,1,'admin','请求访问主页',21,'com.bootdo.system.controller.LoginController.index()',NULL,'127.0.0.1','2017-11-10 17:56:19'),(422,1,'admin','请求访问主页',9,'com.bootdo.system.controller.LoginController.index()',NULL,'127.0.0.1','2017-11-10 17:56:46'),(423,1,'admin','请求访问主页',8,'com.bootdo.system.controller.LoginController.index()',NULL,'127.0.0.1','2017-11-10 17:57:19'),(424,1,'admin','登录',16,'com.bootdo.system.controller.LoginController.ajaxLogin()',NULL,'127.0.0.1','2017-11-10 17:59:00'),(425,1,'admin','请求访问主页',104,'com.bootdo.system.controller.LoginController.index()',NULL,'127.0.0.1','2017-11-10 17:59:01'),(426,1,'admin','请求访问主页',10,'com.bootdo.system.controller.LoginController.index()',NULL,'127.0.0.1','2017-11-10 17:59:31'),(427,1,'admin','请求访问主页',17,'com.bootdo.system.controller.LoginController.index()',NULL,'127.0.0.1','2017-11-10 17:59:40'),(428,1,'admin','登录',21,'com.bootdo.system.controller.LoginController.ajaxLogin()',NULL,'127.0.0.1','2017-11-13 11:20:46'),(429,1,'admin','请求访问主页',402,'com.bootdo.system.controller.LoginController.index()',NULL,'127.0.0.1','2017-11-13 11:20:48'),(430,1,'admin','请求访问主页',28,'com.bootdo.system.controller.LoginController.index()',NULL,'127.0.0.1','2017-11-13 11:22:26'),(431,1,'admin','登录',8,'com.bootdo.system.controller.LoginController.ajaxLogin()',NULL,'127.0.0.1','2017-11-13 11:32:27'),(432,1,'admin','请求访问主页',33,'com.bootdo.system.controller.LoginController.index()',NULL,'127.0.0.1','2017-11-13 11:32:28'),(433,1,'admin','登录',20,'com.bootdo.system.controller.LoginController.ajaxLogin()',NULL,'127.0.0.1','2017-11-13 13:10:54'),(434,1,'admin','请求访问主页',30,'com.bootdo.system.controller.LoginController.index()',NULL,'127.0.0.1','2017-11-13 13:10:54'),(435,1,'admin','登录',7,'com.bootdo.system.controller.LoginController.ajaxLogin()',NULL,'127.0.0.1','2017-11-13 13:13:13'),(436,1,'admin','请求访问主页',26,'com.bootdo.system.controller.LoginController.index()',NULL,'127.0.0.1','2017-11-13 13:13:13'),(437,1,'admin','删除图片',256,'com.bootdo.system.controller.CommodityController.removepic()',NULL,'127.0.0.1','2017-11-13 13:13:56'),(438,1,'admin','上传图片',147,'com.bootdo.system.controller.CommodityController.uploda()',NULL,'127.0.0.1','2017-11-13 13:27:21'),(439,1,'admin','上传图片',389,'com.bootdo.system.controller.CommodityController.uploda()',NULL,'127.0.0.1','2017-11-13 13:27:22'),(440,1,'admin','登录',5,'com.bootdo.system.controller.LoginController.ajaxLogin()',NULL,'127.0.0.1','2017-11-13 13:28:54'),(441,1,'admin','请求访问主页',16,'com.bootdo.system.controller.LoginController.index()',NULL,'127.0.0.1','2017-11-13 13:28:54'),(442,1,'admin','删除图片',92,'com.bootdo.system.controller.CommodityController.removepic()',NULL,'127.0.0.1','2017-11-13 13:34:58'),(443,1,'admin','修改首页图片',79,'com.bootdo.system.controller.CommodityController.upload()',NULL,'127.0.0.1','2017-11-13 13:35:07'),(444,1,'admin','登录',5,'com.bootdo.system.controller.LoginController.ajaxLogin()',NULL,'127.0.0.1','2017-11-13 13:45:26'),(445,1,'admin','请求访问主页',21,'com.bootdo.system.controller.LoginController.index()',NULL,'127.0.0.1','2017-11-13 13:45:26'),(446,1,'admin','登录',8,'com.bootdo.system.controller.LoginController.ajaxLogin()',NULL,'127.0.0.1','2017-11-13 13:49:24'),(447,1,'admin','请求访问主页',32,'com.bootdo.system.controller.LoginController.index()',NULL,'127.0.0.1','2017-11-13 13:49:24'),(448,1,'admin','登录',8,'com.bootdo.system.controller.LoginController.ajaxLogin()',NULL,'127.0.0.1','2017-11-13 13:50:59'),(449,1,'admin','请求访问主页',21,'com.bootdo.system.controller.LoginController.index()',NULL,'127.0.0.1','2017-11-13 13:51:00'),(450,1,'admin','批量删除商品',1419,'com.bootdo.system.controller.CommodityController.remove()',NULL,'127.0.0.1','2017-11-13 13:51:11'),(451,1,'admin','修改首页图片',77,'com.bootdo.system.controller.CommodityController.upload()',NULL,'127.0.0.1','2017-11-13 13:52:23'),(452,1,'admin','删除商品',213,'com.bootdo.system.controller.CommodityController.remove()',NULL,'127.0.0.1','2017-11-13 13:52:38'),(453,-1,'获取用户信息为空','登录',6,'com.bootdo.system.controller.LoginController.ajaxLogin()',NULL,'127.0.0.1','2017-11-13 13:57:33'),(454,1,'admin','登录',8,'com.bootdo.system.controller.LoginController.ajaxLogin()',NULL,'127.0.0.1','2017-11-13 13:57:48'),(455,1,'admin','请求访问主页',19,'com.bootdo.system.controller.LoginController.index()',NULL,'127.0.0.1','2017-11-13 13:57:48'),(456,1,'admin','添加用户',154,'com.bootdo.system.controller.UserController.add()',NULL,'127.0.0.1','2017-11-13 14:02:23'),(457,1,'admin','添加用户',0,'com.bootdo.system.controller.UserController.add()',NULL,'127.0.0.1','2017-11-13 14:12:05'),(458,1,'admin','保存用户',125,'com.bootdo.system.controller.UserController.save()',NULL,'127.0.0.1','2017-11-13 14:12:37'),(459,1,'admin','批量删除用户',123,'com.bootdo.system.controller.UserController.batchRemove()',NULL,'127.0.0.1','2017-11-13 14:13:06'),(460,1,'admin','登录',13,'com.bootdo.system.controller.LoginController.ajaxLogin()',NULL,'127.0.0.1','2017-11-13 14:32:40'),(461,1,'admin','请求访问主页',29,'com.bootdo.system.controller.LoginController.index()',NULL,'127.0.0.1','2017-11-13 14:32:40'),(462,1,'admin','添加用户',2,'com.bootdo.system.controller.UserController.add()',NULL,'127.0.0.1','2017-11-13 14:32:52'),(463,1,'admin','保存用户',81,'com.bootdo.system.controller.UserController.save()',NULL,'127.0.0.1','2017-11-13 14:33:17'),(464,1,'admin','登录',7,'com.bootdo.system.controller.LoginController.ajaxLogin()',NULL,'127.0.0.1','2017-11-13 14:37:05'),(465,1,'admin','请求访问主页',22,'com.bootdo.system.controller.LoginController.index()',NULL,'127.0.0.1','2017-11-13 14:37:05'),(466,1,'admin','批量删除用户',126,'com.bootdo.system.controller.UserController.batchRemove()',NULL,'127.0.0.1','2017-11-13 14:37:12'),(467,1,'admin','添加用户',7,'com.bootdo.system.controller.UserController.add()',NULL,'127.0.0.1','2017-11-13 14:37:14'),(468,1,'admin','保存用户',175,'com.bootdo.system.controller.UserController.save()',NULL,'127.0.0.1','2017-11-13 14:37:35'),(469,1,'admin','编辑用户',24,'com.bootdo.system.controller.UserController.edit()',NULL,'127.0.0.1','2017-11-13 14:38:02'),(470,1,'admin','更新用户',98,'com.bootdo.system.controller.UserController.update()',NULL,'127.0.0.1','2017-11-13 14:38:05'),(471,1,'admin','请求更改用户密码',0,'com.bootdo.system.controller.UserController.resetPwd()',NULL,'127.0.0.1','2017-11-13 14:38:09'),(472,1,'admin','提交更改用户密码',44,'com.bootdo.system.controller.UserController.resetPwd()',NULL,'127.0.0.1','2017-11-13 14:38:17'),(473,1,'admin','请求更改用户密码',0,'com.bootdo.system.controller.UserController.resetPwd()',NULL,'127.0.0.1','2017-11-13 14:38:19'),(474,1,'admin','提交更改用户密码',39,'com.bootdo.system.controller.UserController.resetPwd()',NULL,'127.0.0.1','2017-11-13 14:38:23'),(475,1,'admin','编辑用户',6,'com.bootdo.system.controller.UserController.edit()',NULL,'127.0.0.1','2017-11-13 14:38:24'),(476,1,'admin','更新用户',52,'com.bootdo.system.controller.UserController.update()',NULL,'127.0.0.1','2017-11-13 14:38:39'),(477,1,'admin','添加用户',0,'com.bootdo.system.controller.UserController.add()',NULL,'127.0.0.1','2017-11-13 14:40:14'),(478,1,'admin','保存用户',139,'com.bootdo.system.controller.UserController.save()',NULL,'127.0.0.1','2017-11-13 14:40:35'),(479,1,'admin','请求更改用户密码',0,'com.bootdo.system.controller.UserController.resetPwd()',NULL,'127.0.0.1','2017-11-13 14:40:48'),(480,1,'admin','提交更改用户密码',38,'com.bootdo.system.controller.UserController.resetPwd()',NULL,'127.0.0.1','2017-11-13 14:40:55'),(481,1,'admin','编辑用户',6,'com.bootdo.system.controller.UserController.edit()',NULL,'127.0.0.1','2017-11-13 14:41:02'),(482,1,'admin','编辑用户',12,'com.bootdo.system.controller.UserController.edit()',NULL,'127.0.0.1','2017-11-13 14:41:09'),(483,1,'admin','请求更改用户密码',0,'com.bootdo.system.controller.UserController.resetPwd()',NULL,'127.0.0.1','2017-11-13 14:41:12'),(484,1,'admin','提交更改用户密码',38,'com.bootdo.system.controller.UserController.resetPwd()',NULL,'127.0.0.1','2017-11-13 14:41:17'),(485,1,'admin','批量删除用户',35,'com.bootdo.system.controller.UserController.batchRemove()',NULL,'127.0.0.1','2017-11-13 14:41:27'),(486,1,'admin','删除用户',82,'com.bootdo.system.controller.UserController.remove()',NULL,'127.0.0.1','2017-11-13 14:41:43'),(487,1,'admin','添加用户',0,'com.bootdo.system.controller.UserController.add()',NULL,'127.0.0.1','2017-11-13 14:41:48'),(488,1,'admin','保存用户',131,'com.bootdo.system.controller.UserController.save()',NULL,'127.0.0.1','2017-11-13 14:42:13'),(489,1,'admin','编辑用户',8,'com.bootdo.system.controller.UserController.edit()',NULL,'127.0.0.1','2017-11-13 14:42:21'),(490,1,'admin','更新用户',30,'com.bootdo.system.controller.UserController.update()',NULL,'127.0.0.1','2017-11-13 14:42:45'),(491,1,'admin','编辑用户',17,'com.bootdo.system.controller.UserController.edit()',NULL,'127.0.0.1','2017-11-13 14:42:47'),(492,1,'admin','更新用户',32,'com.bootdo.system.controller.UserController.update()',NULL,'127.0.0.1','2017-11-13 14:42:57'),(493,1,'admin','编辑用户',9,'com.bootdo.system.controller.UserController.edit()',NULL,'127.0.0.1','2017-11-13 14:43:06'),(494,1,'admin','添加角色',0,'com.bootdo.system.controller.RoleController.add()',NULL,'127.0.0.1','2017-11-13 14:47:29'),(495,1,'admin','保存角色',178,'com.bootdo.system.controller.RoleController.save()',NULL,'127.0.0.1','2017-11-13 14:47:57'),(496,1,'admin','编辑角色',6,'com.bootdo.system.controller.RoleController.edit()',NULL,'127.0.0.1','2017-11-13 14:48:02'),(497,1,'admin','编辑用户',8,'com.bootdo.system.controller.UserController.edit()',NULL,'127.0.0.1','2017-11-13 14:48:12'),(498,1,'admin','登录',5,'com.bootdo.system.controller.LoginController.ajaxLogin()',NULL,'127.0.0.1','2017-11-13 15:07:31'),(499,1,'admin','请求访问主页',28,'com.bootdo.system.controller.LoginController.index()',NULL,'127.0.0.1','2017-11-13 15:07:31'),(500,1,'admin','登录',5,'com.bootdo.system.controller.LoginController.ajaxLogin()',NULL,'127.0.0.1','2017-11-13 15:20:10'),(501,1,'admin','请求访问主页',23,'com.bootdo.system.controller.LoginController.index()',NULL,'127.0.0.1','2017-11-13 15:20:10'),(502,1,'admin','登录',6,'com.bootdo.system.controller.LoginController.ajaxLogin()',NULL,'127.0.0.1','2017-11-13 15:23:21'),(503,1,'admin','请求访问主页',14,'com.bootdo.system.controller.LoginController.index()',NULL,'127.0.0.1','2017-11-13 15:23:22'),(504,1,'admin','登录',4,'com.bootdo.system.controller.LoginController.ajaxLogin()',NULL,'127.0.0.1','2017-11-13 15:25:04'),(505,1,'admin','请求访问主页',31,'com.bootdo.system.controller.LoginController.index()',NULL,'127.0.0.1','2017-11-13 15:25:04'),(506,1,'admin','编辑用户',20,'com.bootdo.system.controller.UserController.edit()',NULL,'127.0.0.1','2017-11-13 15:25:10'),(507,1,'admin','登录',6,'com.bootdo.system.controller.LoginController.ajaxLogin()',NULL,'127.0.0.1','2017-11-13 15:28:33'),(508,1,'admin','请求访问主页',15,'com.bootdo.system.controller.LoginController.index()',NULL,'127.0.0.1','2017-11-13 15:28:33'),(509,1,'admin','登录',9,'com.bootdo.system.controller.LoginController.ajaxLogin()',NULL,'127.0.0.1','2017-11-13 15:29:52'),(510,1,'admin','请求访问主页',20,'com.bootdo.system.controller.LoginController.index()',NULL,'127.0.0.1','2017-11-13 15:29:52'),(511,1,'admin','登录',5,'com.bootdo.system.controller.LoginController.ajaxLogin()',NULL,'127.0.0.1','2017-11-13 15:31:30'),(512,1,'admin','请求访问主页',20,'com.bootdo.system.controller.LoginController.index()',NULL,'127.0.0.1','2017-11-13 15:31:30'),(513,1,'admin','编辑用户',14,'com.bootdo.system.controller.UserController.edit()',NULL,'127.0.0.1','2017-11-13 15:31:36'),(514,1,'admin','编辑用户',8,'com.bootdo.system.controller.UserController.edit()',NULL,'127.0.0.1','2017-11-13 15:32:25'),(515,1,'admin','编辑用户',27,'com.bootdo.system.controller.UserController.edit()',NULL,'127.0.0.1','2017-11-13 15:33:05'),(516,1,'admin','编辑用户',15,'com.bootdo.system.controller.UserController.edit()',NULL,'127.0.0.1','2017-11-13 15:33:11'),(517,1,'admin','添加用户',0,'com.bootdo.system.controller.UserController.add()',NULL,'127.0.0.1','2017-11-13 15:33:13'),(518,1,'admin','保存用户',101,'com.bootdo.system.controller.UserController.save()',NULL,'127.0.0.1','2017-11-13 15:33:34'),(519,1,'admin','编辑用户',7,'com.bootdo.system.controller.UserController.edit()',NULL,'127.0.0.1','2017-11-13 15:33:48'),(520,1,'admin','编辑用户',12,'com.bootdo.system.controller.UserController.edit()',NULL,'127.0.0.1','2017-11-13 15:33:53'),(521,1,'admin','编辑用户',8,'com.bootdo.system.controller.UserController.edit()',NULL,'127.0.0.1','2017-11-13 15:33:56'),(522,1,'admin','编辑用户',30,'com.bootdo.system.controller.UserController.edit()',NULL,'127.0.0.1','2017-11-13 15:33:59'),(523,1,'admin','编辑用户',6,'com.bootdo.system.controller.UserController.edit()',NULL,'127.0.0.1','2017-11-13 15:36:02'),(524,1,'admin','更新用户',91,'com.bootdo.system.controller.UserController.update()',NULL,'127.0.0.1','2017-11-13 15:36:15'),(525,1,'admin','编辑用户',10,'com.bootdo.system.controller.UserController.edit()',NULL,'127.0.0.1','2017-11-13 15:37:01'),(526,1,'admin','更新用户',58,'com.bootdo.system.controller.UserController.update()',NULL,'127.0.0.1','2017-11-13 15:37:05'),(527,1,'admin','编辑用户',6,'com.bootdo.system.controller.UserController.edit()',NULL,'127.0.0.1','2017-11-13 15:37:11'),(528,1,'admin','请求更改用户密码',0,'com.bootdo.system.controller.UserController.resetPwd()',NULL,'127.0.0.1','2017-11-13 15:37:31'),(529,1,'admin','请求更改用户密码',0,'com.bootdo.system.controller.UserController.resetPwd()',NULL,'127.0.0.1','2017-11-13 15:37:35'),(530,1,'admin','请求更改用户密码',0,'com.bootdo.system.controller.UserController.resetPwd()',NULL,'127.0.0.1','2017-11-13 15:37:37'),(531,1,'admin','请求更改用户密码',0,'com.bootdo.system.controller.UserController.resetPwd()',NULL,'127.0.0.1','2017-11-13 15:37:40'),(532,7,'gnnt','登录',2,'com.bootdo.system.controller.LoginController.ajaxLogin()',NULL,'127.0.0.1','2017-11-13 15:38:03'),(533,7,'gnnt','请求访问主页',8,'com.bootdo.system.controller.LoginController.index()',NULL,'127.0.0.1','2017-11-13 15:38:04'),(534,8,'gnnt1','登录',2,'com.bootdo.system.controller.LoginController.ajaxLogin()',NULL,'127.0.0.1','2017-11-13 15:39:51'),(535,8,'gnnt1','请求访问主页',3,'com.bootdo.system.controller.LoginController.index()',NULL,'127.0.0.1','2017-11-13 15:39:51'),(536,1,'admin','登录',2,'com.bootdo.system.controller.LoginController.ajaxLogin()',NULL,'127.0.0.1','2017-11-13 15:40:39'),(537,1,'admin','请求访问主页',6,'com.bootdo.system.controller.LoginController.index()',NULL,'127.0.0.1','2017-11-13 15:40:39'),(538,8,'gnnt1','请求访问主页',7,'com.bootdo.system.controller.LoginController.index()',NULL,'127.0.0.1','2017-11-13 15:41:48'),(539,8,'gnnt1','请求访问主页',6,'com.bootdo.system.controller.LoginController.index()',NULL,'127.0.0.1','2017-11-13 15:42:06'),(540,8,'gnnt1','登录',3,'com.bootdo.system.controller.LoginController.ajaxLogin()',NULL,'127.0.0.1','2017-11-13 15:42:35'),(541,8,'gnnt1','请求访问主页',7,'com.bootdo.system.controller.LoginController.index()',NULL,'127.0.0.1','2017-11-13 15:42:35'),(542,8,'gnnt1','请求访问主页',11,'com.bootdo.system.controller.LoginController.index()',NULL,'127.0.0.1','2017-11-13 15:44:54'),(543,8,'gnnt1','修改商品',195,'com.bootdo.system.controller.CommodityController.update()',NULL,'127.0.0.1','2017-11-13 15:49:40'),(544,8,'gnnt1','请求访问主页',4,'com.bootdo.system.controller.LoginController.index()',NULL,'127.0.0.1','2017-11-13 15:52:03'),(545,8,'gnnt1','修改首页图片',284,'com.bootdo.system.controller.CommodityController.upload()',NULL,'127.0.0.1','2017-11-13 15:52:24'),(546,8,'gnnt1','修改商品',79,'com.bootdo.system.controller.CommodityController.update()',NULL,'127.0.0.1','2017-11-13 15:52:45'),(547,8,'gnnt1','修改商品',56,'com.bootdo.system.controller.CommodityController.update()',NULL,'127.0.0.1','2017-11-13 15:52:56'),(548,8,'gnnt1','修改商品',228,'com.bootdo.system.controller.CommodityController.update()',NULL,'127.0.0.1','2017-11-13 15:53:11'),(549,8,'gnnt1','请求访问主页',6,'com.bootdo.system.controller.LoginController.index()',NULL,'127.0.0.1','2017-11-13 16:00:07'),(550,1,'admin','登录',26,'com.bootdo.system.controller.LoginController.ajaxLogin()',NULL,'127.0.0.1','2017-11-13 16:33:29'),(551,1,'admin','请求访问主页',130,'com.bootdo.system.controller.LoginController.index()',NULL,'127.0.0.1','2017-11-13 16:33:30'),(552,1,'admin','请求访问主页',17,'com.bootdo.system.controller.LoginController.index()',NULL,'127.0.0.1','2017-11-13 16:34:45'),(553,1,'admin','请求访问主页',15,'com.bootdo.system.controller.LoginController.index()',NULL,'127.0.0.1','2017-11-13 16:35:01'),(554,1,'admin','请求访问主页',15,'com.bootdo.system.controller.LoginController.index()',NULL,'127.0.0.1','2017-11-13 16:37:37'),(555,1,'admin','请求访问主页',11,'com.bootdo.system.controller.LoginController.index()',NULL,'127.0.0.1','2017-11-13 16:37:54'),(556,7,'gnnt','登录',6,'com.bootdo.system.controller.LoginController.ajaxLogin()',NULL,'127.0.0.1','2017-11-13 16:38:10'),(557,7,'gnnt','请求访问主页',9,'com.bootdo.system.controller.LoginController.index()',NULL,'127.0.0.1','2017-11-13 16:38:10'),(558,7,'gnnt','更改用户密码',242,'com.bootdo.system.controller.UserController.selfResetPwd()',NULL,'127.0.0.1','2017-11-13 16:38:30'),(559,7,'gnnt','更改用户密码',10,'com.bootdo.system.controller.UserController.selfResetPwd()',NULL,'127.0.0.1','2017-11-13 16:40:02'),(560,7,'gnnt','更改用户密码',40,'com.bootdo.system.controller.UserController.selfResetPwd()',NULL,'127.0.0.1','2017-11-13 16:40:22'),(561,7,'gnnt','更改用户密码',51,'com.bootdo.system.controller.UserController.selfResetPwd()',NULL,'127.0.0.1','2017-11-13 16:40:43'),(562,7,'gnnt','登录',7,'com.bootdo.system.controller.LoginController.ajaxLogin()',NULL,'127.0.0.1','2017-11-13 16:41:03'),(563,7,'gnnt','请求访问主页',6,'com.bootdo.system.controller.LoginController.index()',NULL,'127.0.0.1','2017-11-13 16:41:03'),(564,1,'admin','登录',16,'com.bootdo.system.controller.LoginController.ajaxLogin()',NULL,'127.0.0.1','2017-11-13 16:41:39'),(565,1,'admin','请求访问主页',12,'com.bootdo.system.controller.LoginController.index()',NULL,'127.0.0.1','2017-11-13 16:41:40'),(566,7,'gnnt','请求访问主页',8,'com.bootdo.system.controller.LoginController.index()',NULL,'127.0.0.1','2017-11-13 16:43:25'),(567,7,'gnnt','请求访问主页',12,'com.bootdo.system.controller.LoginController.index()',NULL,'127.0.0.1','2017-11-13 16:44:14'),(568,7,'gnnt','请求访问主页',12,'com.bootdo.system.controller.LoginController.index()',NULL,'127.0.0.1','2017-11-13 16:49:49'),(569,1,'admin','登录',5,'com.bootdo.system.controller.LoginController.ajaxLogin()',NULL,'127.0.0.1','2017-11-13 16:54:05'),(570,1,'admin','请求访问主页',11,'com.bootdo.system.controller.LoginController.index()',NULL,'127.0.0.1','2017-11-13 16:54:05'),(571,1,'admin','登录',254,'com.bootdo.system.controller.LoginController.ajaxLogin()',NULL,'127.0.0.1','2017-11-14 10:41:58'),(572,1,'admin','请求访问主页',177,'com.bootdo.system.controller.LoginController.index()',NULL,'127.0.0.1','2017-11-14 10:41:59'),(573,1,'admin','请求访问主页',15,'com.bootdo.system.controller.LoginController.index()',NULL,'127.0.0.1','2017-11-14 10:42:53'),(574,1,'admin','登录',5,'com.bootdo.system.controller.LoginController.ajaxLogin()',NULL,'127.0.0.1','2017-11-14 10:43:11'),(575,1,'admin','请求访问主页',15,'com.bootdo.system.controller.LoginController.index()',NULL,'127.0.0.1','2017-11-14 10:43:11'),(576,1,'admin','登录',7,'com.bootdo.system.controller.LoginController.ajaxLogin()',NULL,'127.0.0.1','2017-11-14 10:49:28'),(577,1,'admin','请求访问主页',23,'com.bootdo.system.controller.LoginController.index()',NULL,'127.0.0.1','2017-11-14 10:49:28'),(578,-1,'获取用户信息为空','登录',4,'com.bootdo.system.controller.LoginController.ajaxLogin()',NULL,'127.0.0.1','2017-11-14 10:51:24'),(579,-1,'获取用户信息为空','登录',4,'com.bootdo.system.controller.LoginController.ajaxLogin()',NULL,'127.0.0.1','2017-11-14 10:51:31'),(580,7,'gnnt','登录',5,'com.bootdo.system.controller.LoginController.ajaxLogin()',NULL,'127.0.0.1','2017-11-14 10:51:36'),(581,7,'gnnt','请求访问主页',8,'com.bootdo.system.controller.LoginController.index()',NULL,'127.0.0.1','2017-11-14 10:51:36'),(582,1,'admin','登录',7,'com.bootdo.system.controller.LoginController.ajaxLogin()',NULL,'127.0.0.1','2017-11-14 11:00:05'),(583,1,'admin','请求访问主页',22,'com.bootdo.system.controller.LoginController.index()',NULL,'127.0.0.1','2017-11-14 11:00:05'),(584,1,'admin','登录',7,'com.bootdo.system.controller.LoginController.ajaxLogin()',NULL,'127.0.0.1','2017-11-14 11:12:15'),(585,1,'admin','请求访问主页',14,'com.bootdo.system.controller.LoginController.index()',NULL,'127.0.0.1','2017-11-14 11:12:15'),(586,1,'admin','登录',9,'com.bootdo.system.controller.LoginController.ajaxLogin()',NULL,'127.0.0.1','2017-11-14 13:13:47'),(587,1,'admin','请求访问主页',20,'com.bootdo.system.controller.LoginController.index()',NULL,'127.0.0.1','2017-11-14 13:13:47'),(588,1,'admin','登录',5,'com.bootdo.system.controller.LoginController.ajaxLogin()',NULL,'127.0.0.1','2017-11-14 13:43:00'),(589,1,'admin','请求访问主页',21,'com.bootdo.system.controller.LoginController.index()',NULL,'127.0.0.1','2017-11-14 13:43:00'),(590,1,'admin','登录',4,'com.bootdo.system.controller.LoginController.ajaxLogin()',NULL,'127.0.0.1','2017-11-14 13:44:17'),(591,1,'admin','请求访问主页',15,'com.bootdo.system.controller.LoginController.index()',NULL,'127.0.0.1','2017-11-14 13:44:17'),(592,1,'admin','登录',4,'com.bootdo.system.controller.LoginController.ajaxLogin()',NULL,'127.0.0.1','2017-11-14 14:05:04'),(593,1,'admin','请求访问主页',13,'com.bootdo.system.controller.LoginController.index()',NULL,'127.0.0.1','2017-11-14 14:05:05'),(594,1,'admin','编辑菜单',6,'com.bootdo.system.controller.MenuController.edit()',NULL,'127.0.0.1','2017-11-14 14:32:13'),(595,1,'admin','编辑菜单',2,'com.bootdo.system.controller.MenuController.edit()',NULL,'127.0.0.1','2017-11-14 14:32:35'),(596,1,'admin','登录',4,'com.bootdo.system.controller.LoginController.ajaxLogin()',NULL,'127.0.0.1','2017-11-14 14:55:54'),(597,1,'admin','请求访问主页',14,'com.bootdo.system.controller.LoginController.index()',NULL,'127.0.0.1','2017-11-14 14:55:54'),(598,1,'admin','编辑用户',27,'com.bootdo.system.controller.UserController.edit()',NULL,'127.0.0.1','2017-11-14 14:56:13'),(599,1,'admin','编辑用户',11,'com.bootdo.system.controller.UserController.edit()',NULL,'127.0.0.1','2017-11-14 14:56:18'),(600,1,'admin','编辑用户',7,'com.bootdo.system.controller.UserController.edit()',NULL,'127.0.0.1','2017-11-14 14:56:30'),(601,1,'admin','编辑角色',5,'com.bootdo.system.controller.RoleController.edit()',NULL,'127.0.0.1','2017-11-14 14:56:40'),(602,1,'admin','更新角色',212,'com.bootdo.system.controller.RoleController.update()',NULL,'127.0.0.1','2017-11-14 14:56:53'),(603,-1,'获取用户信息为空','登录',3,'com.bootdo.system.controller.LoginController.ajaxLogin()',NULL,'127.0.0.1','2017-11-14 14:57:16'),(604,7,'gnnt','登录',3,'com.bootdo.system.controller.LoginController.ajaxLogin()',NULL,'127.0.0.1','2017-11-14 14:57:20'),(605,7,'gnnt','请求访问主页',6,'com.bootdo.system.controller.LoginController.index()',NULL,'127.0.0.1','2017-11-14 14:57:20'),(606,1,'admin','编辑角色',1,'com.bootdo.system.controller.RoleController.edit()',NULL,'127.0.0.1','2017-11-14 14:57:32'),(607,1,'admin','更新角色',145,'com.bootdo.system.controller.RoleController.update()',NULL,'127.0.0.1','2017-11-14 14:57:48'),(608,7,'gnnt','请求访问主页',3,'com.bootdo.system.controller.LoginController.index()',NULL,'127.0.0.1','2017-11-14 14:57:51'),(609,1,'admin','登录',4,'com.bootdo.system.controller.LoginController.ajaxLogin()',NULL,'127.0.0.1','2017-11-14 15:02:05'),(610,1,'admin','请求访问主页',16,'com.bootdo.system.controller.LoginController.index()',NULL,'127.0.0.1','2017-11-14 15:02:05'),(611,1,'admin','登录',5,'com.bootdo.system.controller.LoginController.ajaxLogin()',NULL,'127.0.0.1','2017-11-14 15:15:51'),(612,1,'admin','请求访问主页',15,'com.bootdo.system.controller.LoginController.index()',NULL,'127.0.0.1','2017-11-14 15:15:51'),(613,1,'admin','请求访问主页',10,'com.bootdo.system.controller.LoginController.index()',NULL,'127.0.0.1','2017-11-14 15:20:36'),(614,1,'admin','请求访问主页',9,'com.bootdo.system.controller.LoginController.index()',NULL,'127.0.0.1','2017-11-14 15:20:39'),(615,1,'admin','请求访问主页',22,'com.bootdo.system.controller.LoginController.index()',NULL,'127.0.0.1','2017-11-14 15:20:40'),(616,1,'admin','请求访问主页',8,'com.bootdo.system.controller.LoginController.index()',NULL,'127.0.0.1','2017-11-14 15:25:13'),(617,1,'admin','登录',6,'com.bootdo.system.controller.LoginController.ajaxLogin()',NULL,'127.0.0.1','2017-11-14 15:35:56'),(618,1,'admin','请求访问主页',23,'com.bootdo.system.controller.LoginController.index()',NULL,'127.0.0.1','2017-11-14 15:35:56'),(619,1,'admin','登录',6,'com.bootdo.system.controller.LoginController.ajaxLogin()',NULL,'127.0.0.1','2017-11-14 15:43:30'),(620,1,'admin','请求访问主页',21,'com.bootdo.system.controller.LoginController.index()',NULL,'127.0.0.1','2017-11-14 15:43:30'),(621,1,'admin','登录',5,'com.bootdo.system.controller.LoginController.ajaxLogin()',NULL,'127.0.0.1','2017-11-14 15:44:58'),(622,1,'admin','请求访问主页',29,'com.bootdo.system.controller.LoginController.index()',NULL,'127.0.0.1','2017-11-14 15:44:58'),(623,1,'admin','登录',4,'com.bootdo.system.controller.LoginController.ajaxLogin()',NULL,'127.0.0.1','2017-11-14 15:49:21'),(624,1,'admin','请求访问主页',20,'com.bootdo.system.controller.LoginController.index()',NULL,'127.0.0.1','2017-11-14 15:49:21'),(625,1,'admin','登录',6,'com.bootdo.system.controller.LoginController.ajaxLogin()',NULL,'127.0.0.1','2017-11-14 15:52:41'),(626,1,'admin','请求访问主页',33,'com.bootdo.system.controller.LoginController.index()',NULL,'127.0.0.1','2017-11-14 15:52:41'),(627,1,'admin','登录',5,'com.bootdo.system.controller.LoginController.ajaxLogin()',NULL,'127.0.0.1','2017-11-14 15:53:35'),(628,1,'admin','请求访问主页',14,'com.bootdo.system.controller.LoginController.index()',NULL,'127.0.0.1','2017-11-14 15:53:35'),(629,1,'admin','请求访问主页',4,'com.bootdo.system.controller.LoginController.index()',NULL,'127.0.0.1','2017-11-14 15:54:57'),(630,1,'admin','登录',4,'com.bootdo.system.controller.LoginController.ajaxLogin()',NULL,'127.0.0.1','2017-11-14 16:01:10'),(631,1,'admin','请求访问主页',17,'com.bootdo.system.controller.LoginController.index()',NULL,'127.0.0.1','2017-11-14 16:01:10'),(632,1,'admin','登录',5,'com.bootdo.system.controller.LoginController.ajaxLogin()',NULL,'127.0.0.1','2017-11-14 16:03:32'),(633,1,'admin','请求访问主页',13,'com.bootdo.system.controller.LoginController.index()',NULL,'127.0.0.1','2017-11-14 16:03:32'),(634,1,'admin','请求访问主页',5,'com.bootdo.system.controller.LoginController.index()',NULL,'127.0.0.1','2017-11-14 16:03:55'),(635,1,'admin','登录',5,'com.bootdo.system.controller.LoginController.ajaxLogin()',NULL,'127.0.0.1','2017-11-14 16:05:53'),(636,1,'admin','请求访问主页',12,'com.bootdo.system.controller.LoginController.index()',NULL,'127.0.0.1','2017-11-14 16:05:54'),(637,1,'admin','请求访问主页',9,'com.bootdo.system.controller.LoginController.index()',NULL,'127.0.0.1','2017-11-14 16:06:17'),(638,1,'admin','登录',7,'com.bootdo.system.controller.LoginController.ajaxLogin()',NULL,'127.0.0.1','2017-11-14 16:08:53'),(639,1,'admin','请求访问主页',19,'com.bootdo.system.controller.LoginController.index()',NULL,'127.0.0.1','2017-11-14 16:08:53'),(640,1,'admin','请求访问主页',13,'com.bootdo.system.controller.LoginController.index()',NULL,'127.0.0.1','2017-11-14 16:11:56'),(641,1,'admin','请求访问主页',6,'com.bootdo.system.controller.LoginController.index()',NULL,'127.0.0.1','2017-11-14 16:12:58'),(642,1,'admin','请求访问主页',8,'com.bootdo.system.controller.LoginController.index()',NULL,'127.0.0.1','2017-11-14 16:14:14'),(643,1,'admin','登录',3,'com.bootdo.system.controller.LoginController.ajaxLogin()',NULL,'127.0.0.1','2017-11-14 16:14:33'),(644,1,'admin','请求访问主页',14,'com.bootdo.system.controller.LoginController.index()',NULL,'127.0.0.1','2017-11-14 16:14:33'),(645,1,'admin','删除菜单',55,'com.bootdo.system.controller.MenuController.remove()',NULL,'127.0.0.1','2017-11-14 16:18:31'),(646,1,'admin','删除菜单',32,'com.bootdo.system.controller.MenuController.remove()',NULL,'127.0.0.1','2017-11-14 16:18:50'),(647,1,'admin','删除菜单',27,'com.bootdo.system.controller.MenuController.remove()',NULL,'127.0.0.1','2017-11-14 16:19:02'),(648,1,'admin','删除菜单',61,'com.bootdo.system.controller.MenuController.remove()',NULL,'127.0.0.1','2017-11-14 16:19:05'),(649,1,'admin','删除菜单',40,'com.bootdo.system.controller.MenuController.remove()',NULL,'127.0.0.1','2017-11-14 16:19:10'),(650,1,'admin','删除菜单',30,'com.bootdo.system.controller.MenuController.remove()',NULL,'127.0.0.1','2017-11-14 16:19:15'),(651,1,'admin','删除菜单',28,'com.bootdo.system.controller.MenuController.remove()',NULL,'127.0.0.1','2017-11-14 16:19:19'),(652,1,'admin','请求访问主页',9,'com.bootdo.system.controller.LoginController.index()',NULL,'127.0.0.1','2017-11-14 16:19:29'),(653,1,'admin','登录',2,'com.bootdo.system.controller.LoginController.ajaxLogin()',NULL,'127.0.0.1','2017-11-14 16:22:16'),(654,1,'admin','请求访问主页',16,'com.bootdo.system.controller.LoginController.index()',NULL,'127.0.0.1','2017-11-14 16:22:16'),(655,1,'admin','登录',14,'com.bootdo.system.controller.LoginController.ajaxLogin()',NULL,'127.0.0.1','2017-11-14 16:40:58'),(656,1,'admin','请求访问主页',29,'com.bootdo.system.controller.LoginController.index()',NULL,'127.0.0.1','2017-11-14 16:40:58'),(657,1,'admin','登录',4,'com.bootdo.system.controller.LoginController.ajaxLogin()',NULL,'127.0.0.1','2017-11-14 16:43:26'),(658,1,'admin','请求访问主页',16,'com.bootdo.system.controller.LoginController.index()',NULL,'127.0.0.1','2017-11-14 16:43:26'),(659,1,'admin','登录',7,'com.bootdo.system.controller.LoginController.ajaxLogin()',NULL,'127.0.0.1','2017-11-14 16:47:51'),(660,1,'admin','请求访问主页',38,'com.bootdo.system.controller.LoginController.index()',NULL,'127.0.0.1','2017-11-14 16:47:51'),(661,1,'admin','登录',15,'com.bootdo.system.controller.LoginController.ajaxLogin()',NULL,'127.0.0.1','2017-11-14 16:52:21'),(662,1,'admin','请求访问主页',95,'com.bootdo.system.controller.LoginController.index()',NULL,'127.0.0.1','2017-11-14 16:52:21'),(663,1,'admin','修改公司信息',66,'com.bootdo.system.controller.CompanyController.save()',NULL,'127.0.0.1','2017-11-14 17:11:32'),(664,1,'admin','修改公司信息',39,'com.bootdo.system.controller.CompanyController.save()',NULL,'127.0.0.1','2017-11-14 17:19:58'),(665,1,'admin','修改新闻',32,'com.bootdo.system.controller.InfonewsController.update()',NULL,'127.0.0.1','2017-11-14 17:22:35'),(666,1,'admin','登录',30,'com.bootdo.system.controller.LoginController.ajaxLogin()',NULL,'127.0.0.1','2017-11-14 17:47:34'),(667,1,'admin','请求访问主页',94,'com.bootdo.system.controller.LoginController.index()',NULL,'127.0.0.1','2017-11-14 17:47:34'),(668,1,'admin','登录',7,'com.bootdo.system.controller.LoginController.ajaxLogin()',NULL,'127.0.0.1','2017-11-14 18:00:08'),(669,1,'admin','请求访问主页',25,'com.bootdo.system.controller.LoginController.index()',NULL,'127.0.0.1','2017-11-14 18:00:08');
/*!40000 ALTER TABLE `sys_log` ENABLE KEYS */;
UNLOCK TABLES;

--
-- Table structure for table `sys_menu`
--

DROP TABLE IF EXISTS `sys_menu`;
/*!40101 SET @saved_cs_client     = @@character_set_client */;
/*!40101 SET character_set_client = utf8 */;
CREATE TABLE `sys_menu` (
  `menu_id` bigint(20) NOT NULL AUTO_INCREMENT,
  `parent_id` bigint(20) DEFAULT NULL COMMENT '父菜单ID，一级菜单为0',
  `name` varchar(50) DEFAULT NULL COMMENT '菜单名称',
  `url` varchar(200) DEFAULT NULL COMMENT '菜单URL',
  `perms` varchar(500) DEFAULT NULL COMMENT '授权(多个用逗号分隔，如：user:list,user:create)',
  `type` int(11) DEFAULT NULL COMMENT '类型   0：目录   1：菜单   2：按钮',
  `icon` varchar(50) DEFAULT NULL COMMENT '菜单图标',
  `order_num` int(11) DEFAULT NULL COMMENT '排序',
  `gmt_create` datetime DEFAULT NULL COMMENT '创建时间',
  `gmt_modified` datetime DEFAULT NULL COMMENT '修改时间',
  PRIMARY KEY (`menu_id`)
) ENGINE=InnoDB AUTO_INCREMENT=122 DEFAULT CHARSET=utf8 COMMENT='菜单管理';
/*!40101 SET character_set_client = @saved_cs_client */;

--
-- Dumping data for table `sys_menu`
--

LOCK TABLES `sys_menu` WRITE;
/*!40000 ALTER TABLE `sys_menu` DISABLE KEYS */;
INSERT INTO `sys_menu` VALUES (1,0,'基础管理','','',0,'fa fa-bars',0,'2017-08-09 22:49:47',NULL),(2,3,'系统菜单','sys/menu/','sys:menu:menu',1,'fa fa-th-list',2,'2017-08-09 22:55:15',NULL),(3,0,'系统管理',NULL,NULL,0,'fa fa-desktop',1,'2017-08-09 23:06:55','2017-08-14 14:13:43'),(6,3,'用户管理','sys/user/','sys:user:user',1,'fa fa-user',0,'2017-08-10 14:12:11',NULL),(7,3,'角色管理','sys/role','sys:role:role',1,'fa fa-paw',1,'2017-08-10 14:13:19',NULL),(12,6,'新增','','sys:user:add',2,'',0,'2017-08-14 10:51:35',NULL),(13,6,'编辑','','sys:user:edit',2,'',0,'2017-08-14 10:52:06',NULL),(14,6,'删除',NULL,'sys:user:remove',2,NULL,0,'2017-08-14 10:52:24',NULL),(15,7,'新增','','sys:role:add',2,'',0,'2017-08-14 10:56:37',NULL),(20,2,'新增','','sys:menu:add',2,'',0,'2017-08-14 10:59:32',NULL),(21,2,'编辑','','sys:menu:edit',2,'',0,'2017-08-14 10:59:56',NULL),(22,2,'删除','','sys:menu:remove',2,'',0,'2017-08-14 11:00:26',NULL),(24,6,'批量删除','','sys:user:batchRemove',2,'',0,'2017-08-14 17:27:18',NULL),(25,6,'停用',NULL,'sys:user:disable',2,NULL,0,'2017-08-14 17:27:43',NULL),(26,6,'重置密码','','sys:user:resetPwd',2,'',0,'2017-08-14 17:28:34',NULL),(27,91,'系统日志','common/log','common:log',1,'fa fa-warning',0,'2017-08-14 22:11:53',NULL),(28,27,'刷新',NULL,'sys:log:list',2,NULL,0,'2017-08-14 22:30:22',NULL),(29,27,'删除',NULL,'sys:log:remove',2,NULL,0,'2017-08-14 22:30:43',NULL),(30,27,'清空',NULL,'sys:log:clear',2,NULL,0,'2017-08-14 22:31:02',NULL),(48,77,'代码生成','common/generator','common:generator',1,'fa fa-code',3,NULL,NULL),(55,7,'编辑','','sys:role:edit',2,'',NULL,NULL,NULL),(56,7,'删除','','sys:role:remove',2,NULL,NULL,NULL,NULL),(57,91,'运行监控','/druid/index.html','',1,'fa fa-caret-square-o-right',1,NULL,NULL),(61,2,'批量删除','','sys:menu:batchRemove',2,NULL,NULL,NULL,NULL),(62,7,'批量删除','','sys:role:batchRemove',2,NULL,NULL,NULL,NULL),(71,1,'文件管理','/common/sysFile','common:sysFile:sysFile',1,'fa fa-folder-open',2,NULL,NULL),(72,77,'计划任务','common/job','common:taskScheduleJob',1,'fa fa-hourglass-1',4,NULL,NULL),(73,3,'部门管理','/system/sysDept','system:sysDept:sysDept',1,'fa fa-users',3,NULL,NULL),(74,73,'增加','/system/sysDept/add','system:sysDept:add',2,NULL,1,NULL,NULL),(75,73,'刪除','system/sysDept/remove','system:sysDept:remove',2,NULL,2,NULL,NULL),(76,73,'编辑','/system/sysDept/edit','system:sysDept:edit',2,NULL,3,NULL,NULL),(77,0,'系统工具','','',0,'fa fa-gear',4,NULL,NULL),(78,1,'数据字典','/common/sysDict','common:sysDict:sysDict',1,'fa fa-book',1,NULL,NULL),(79,78,'增加','/common/sysDict/add','common:sysDict:add',2,NULL,2,NULL,NULL),(80,78,'编辑','/common/sysDict/edit','common:sysDict:edit',2,NULL,2,NULL,NULL),(81,78,'删除','/common/sysDict/remove','common:sysDict:remove',2,'',3,NULL,NULL),(83,78,'批量删除','/common/sysDict/batchRemove','common:sysDict:batchRemove',2,'',4,NULL,NULL),(84,0,'办公管理','','',0,'fa fa-laptop',5,NULL,NULL),(85,84,'通知公告','oa/notify','oa:notify:notify',1,'fa fa-pencil-square',NULL,NULL,NULL),(86,85,'新增','oa/notify/add','oa:notify:add',2,'fa fa-plus',1,NULL,NULL),(87,85,'编辑','oa/notify/edit','oa:notify:edit',2,'fa fa-pencil-square-o',2,NULL,NULL),(88,85,'删除','oa/notify/remove','oa:notify:remove',2,'fa fa-minus',NULL,NULL,NULL),(89,85,'批量删除','oa/notify/batchRemove','oa:notify:batchRemove',2,'',NULL,NULL,NULL),(90,84,'我的通知','oa/notify/selfNotify','',1,'fa fa-envelope-square',NULL,NULL,NULL),(91,0,'系统监控','','',0,'fa fa-video-camera',5,NULL,NULL),(92,91,'在线用户','sys/online','',1,'fa fa-user',NULL,NULL,NULL),(93,0,'网站管理','','',0,'fa fa-wifi',100,NULL,NULL),(94,93,'公司管理','/web/company','web:company:company',1,'fa fa-address-card-o',1,NULL,NULL),(95,94,'修改','/web/company/save','web:company:add',2,'',1,NULL,NULL),(96,93,'商品系列','/web/commoditykinds','web:commoditykinds:commoditykinds',1,'fa fa-calendar',2,NULL,NULL),(97,96,'批量删除','/web/commoditykinds/batchRemove','web:commoditykinds:batchRemove',2,'',1,NULL,NULL),(98,96,'删除','/web/commoditykinds/remove','web:commoditykinds:remove',2,'',2,NULL,NULL),(99,96,'修改','/web/commoditykinds/edit','web:commoditykinds:edit',2,'',3,NULL,NULL),(100,96,'添加','/web/commoditykinds/add','web:commoditykinds:add',2,'',4,NULL,NULL),(101,93,'新闻分类','/web/infonewskinds','web:infonewskinds:infonewskinds',1,'fa fa-id-card-o',3,NULL,NULL),(102,101,'批量删除','/web/infonewskinds/batchRemove','web:infonewskinds:batchRemove',2,'',1,NULL,NULL),(103,101,'删除','/web/infonewskinds/remove','web:infonewskinds:remove',2,'',2,NULL,NULL),(104,101,'修改','/web/infonewskinds/edit','web:infonewskinds:edit',2,'',3,NULL,NULL),(105,101,'添加','/web/infonewskinds/add','web:infonewskinds:add',2,'',4,NULL,NULL),(106,93,'新闻管理','/web/infonews','web:infonews:infonews',1,'fa fa-newspaper-o',4,NULL,NULL),(107,106,'添加','/web/infonews/add','web:infonews:add',2,'',1,NULL,NULL),(108,106,'删除','/web/infonews/remove','web:infonews:remove',2,'',2,NULL,NULL),(109,106,'修改','/web/infonews/edit','web:infonews:edit',2,'',3,NULL,NULL),(110,106,'批量删除','/web/infonews/batchRemove','web:infonews:batchRemove',2,'',4,NULL,NULL),(111,93,'品牌管理','/web/producer','web:producer:producer',1,'fa fa-suitcase',5,NULL,NULL),(112,111,'添加','/web/producer/add','web:producer:add',2,'',1,NULL,NULL),(113,111,'删除','/web/producer/remove','web:producer:remove',2,'',2,NULL,NULL),(114,111,'修改','/web/producer/edit','web:producer:edit',2,'',3,NULL,NULL),(115,111,'批量删除','/web/producer/batchRemove','web:producer:batchRemove',2,'',4,NULL,NULL),(116,93,'商品管理','/web/commodity','web:commodity:commodity',1,'fa fa-tree',6,NULL,NULL),(117,116,'添加','/web/commodity/add','web:commodity:add',2,'',1,NULL,NULL),(118,116,'删除','/web/commodity/remove','web:commodity:remove',2,'',2,NULL,NULL),(119,116,'修改','/web/commodity/edit','web:commodity:edit',2,'',3,NULL,NULL),(120,116,'批量删除','/web/commodity/batchRemove','web:commodity:batchRemove',2,'',4,NULL,NULL),(121,116,'图片上传','/web/commodity/pictupload','web:commodity:pictupload',2,'',5,NULL,NULL);
/*!40000 ALTER TABLE `sys_menu` ENABLE KEYS */;
UNLOCK TABLES;

--
-- Table structure for table `sys_role`
--

DROP TABLE IF EXISTS `sys_role`;
/*!40101 SET @saved_cs_client     = @@character_set_client */;
/*!40101 SET character_set_client = utf8 */;
CREATE TABLE `sys_role` (
  `role_id` bigint(20) NOT NULL AUTO_INCREMENT,
  `role_name` varchar(100) DEFAULT NULL COMMENT '角色名称',
  `role_sign` varchar(100) DEFAULT NULL COMMENT '角色标识',
  `remark` varchar(100) DEFAULT NULL COMMENT '备注',
  `user_id_create` bigint(255) DEFAULT NULL COMMENT '创建用户id',
  `gmt_create` datetime DEFAULT NULL COMMENT '创建时间',
  `gmt_modified` datetime DEFAULT NULL COMMENT '创建时间',
  PRIMARY KEY (`role_id`)
) ENGINE=InnoDB AUTO_INCREMENT=4 DEFAULT CHARSET=utf8 COMMENT='角色';
/*!40101 SET character_set_client = @saved_cs_client */;

--
-- Dumping data for table `sys_role`
--

LOCK TABLES `sys_role` WRITE;
/*!40000 ALTER TABLE `sys_role` DISABLE KEYS */;
INSERT INTO `sys_role` VALUES (1,'超级用户角色','admin','拥有最高权限',1,'2017-08-12 00:43:52','2017-08-12 19:14:59'),(2,'新闻管理员',NULL,'',NULL,NULL,NULL),(3,'商品管理',NULL,'',NULL,NULL,NULL);
/*!40000 ALTER TABLE `sys_role` ENABLE KEYS */;
UNLOCK TABLES;

--
-- Table structure for table `sys_role_menu`
--

DROP TABLE IF EXISTS `sys_role_menu`;
/*!40101 SET @saved_cs_client     = @@character_set_client */;
/*!40101 SET character_set_client = utf8 */;
CREATE TABLE `sys_role_menu` (
  `id` bigint(20) NOT NULL AUTO_INCREMENT,
  `role_id` bigint(20) DEFAULT NULL COMMENT '角色ID',
  `menu_id` bigint(20) DEFAULT NULL COMMENT '菜单ID',
  PRIMARY KEY (`id`)
) ENGINE=InnoDB AUTO_INCREMENT=2795 DEFAULT CHARSET=utf8 COMMENT='角色与菜单对应关系';
/*!40101 SET character_set_client = @saved_cs_client */;

--
-- Dumping data for table `sys_role_menu`
--

LOCK TABLES `sys_role_menu` WRITE;
/*!40000 ALTER TABLE `sys_role_menu` DISABLE KEYS */;
INSERT INTO `sys_role_menu` VALUES (2644,1,101),(2645,1,100),(2646,1,99),(2647,1,98),(2648,1,97),(2649,1,95),(2650,1,92),(2651,1,57),(2652,1,30),(2653,1,29),(2654,1,28),(2655,1,90),(2656,1,89),(2657,1,88),(2658,1,87),(2659,1,86),(2660,1,72),(2661,1,48),(2662,1,68),(2663,1,60),(2664,1,59),(2665,1,58),(2666,1,51),(2667,1,76),(2668,1,75),(2669,1,74),(2670,1,62),(2671,1,56),(2672,1,55),(2673,1,15),(2674,1,26),(2675,1,25),(2676,1,24),(2677,1,14),(2678,1,13),(2679,1,12),(2680,1,61),(2681,1,22),(2682,1,21),(2683,1,20),(2684,1,83),(2685,1,81),(2686,1,80),(2687,1,79),(2688,1,71),(2689,1,94),(2690,1,27),(2691,1,91),(2692,1,85),(2693,1,84),(2694,1,77),(2695,1,50),(2696,1,49),(2697,1,73),(2698,1,7),(2699,1,6),(2700,1,2),(2701,1,3),(2702,1,78),(2703,1,1),(2704,1,105),(2705,1,104),(2706,1,103),(2707,1,102),(2708,1,96),(2709,1,93),(2710,1,-1),(2711,1,106),(2712,1,107),(2713,1,108),(2714,1,109),(2715,1,110),(2716,1,111),(2717,1,112),(2718,1,113),(2719,1,114),(2720,1,115),(2721,1,116),(2722,1,117),(2723,1,118),(2724,1,119),(2725,1,120),(2740,1,121),(2759,3,121),(2760,3,120),(2761,3,119),(2762,3,118),(2763,3,117),(2764,3,115),(2765,3,114),(2766,3,113),(2767,3,112),(2768,3,100),(2769,3,99),(2770,3,98),(2771,3,97),(2772,3,116),(2773,3,111),(2774,3,96),(2775,3,90),(2776,3,-1),(2777,3,93),(2778,3,84),(2779,2,110),(2780,2,109),(2781,2,108),(2782,2,107),(2783,2,105),(2784,2,104),(2785,2,103),(2786,2,102),(2787,2,95),(2788,2,106),(2789,2,101),(2790,2,94),(2791,2,90),(2792,2,-1),(2793,2,93),(2794,2,84);
/*!40000 ALTER TABLE `sys_role_menu` ENABLE KEYS */;
UNLOCK TABLES;

--
-- Table structure for table `sys_task`
--

DROP TABLE IF EXISTS `sys_task`;
/*!40101 SET @saved_cs_client     = @@character_set_client */;
/*!40101 SET character_set_client = utf8 */;
CREATE TABLE `sys_task` (
  `id` bigint(20) NOT NULL AUTO_INCREMENT,
  `cron_expression` varchar(255) DEFAULT NULL COMMENT 'cron表达式',
  `method_name` varchar(255) DEFAULT NULL COMMENT '任务调用的方法名',
  `is_concurrent` varchar(255) DEFAULT NULL COMMENT '任务是否有状态',
  `description` varchar(255) DEFAULT NULL COMMENT '任务描述',
  `update_by` varchar(64) DEFAULT NULL COMMENT '更新者',
  `bean_class` varchar(255) DEFAULT NULL COMMENT '任务执行时调用哪个类的方法 包名+类名',
  `create_date` datetime DEFAULT NULL COMMENT '创建时间',
  `job_status` varchar(255) DEFAULT NULL COMMENT '任务状态',
  `job_group` varchar(255) DEFAULT NULL COMMENT '任务分组',
  `update_date` datetime DEFAULT NULL COMMENT '更新时间',
  `create_by` varchar(64) DEFAULT NULL COMMENT '创建者',
  `spring_bean` varchar(255) DEFAULT NULL COMMENT 'Spring bean',
  `job_name` varchar(255) DEFAULT NULL COMMENT '任务名',
  PRIMARY KEY (`id`)
) ENGINE=MyISAM AUTO_INCREMENT=8 DEFAULT CHARSET=utf8;
/*!40101 SET character_set_client = @saved_cs_client */;

--
-- Dumping data for table `sys_task`
--

LOCK TABLES `sys_task` WRITE;
/*!40000 ALTER TABLE `sys_task` DISABLE KEYS */;
INSERT INTO `sys_task` VALUES (2,'0/10 * * * * ?','run1','1','','4028ea815a3d2a8c015a3d2f8d2a0002','com.bootdo.common.task.WelcomeJob','2017-05-19 18:30:56','0','group1','2017-05-19 18:31:07',NULL,'','welcomJob');
/*!40000 ALTER TABLE `sys_task` ENABLE KEYS */;
UNLOCK TABLES;

--
-- Table structure for table `sys_user`
--

DROP TABLE IF EXISTS `sys_user`;
/*!40101 SET @saved_cs_client     = @@character_set_client */;
/*!40101 SET character_set_client = utf8 */;
CREATE TABLE `sys_user` (
  `user_id` bigint(20) NOT NULL AUTO_INCREMENT,
  `username` varchar(50) DEFAULT NULL COMMENT '用户名',
  `name` varchar(100) DEFAULT NULL,
  `password` varchar(50) DEFAULT NULL COMMENT '密码',
  `dept_id` int(20) DEFAULT NULL,
  `email` varchar(100) DEFAULT NULL COMMENT '邮箱',
  `mobile` varchar(100) DEFAULT NULL COMMENT '手机号',
  `status` tinyint(255) DEFAULT NULL COMMENT '状态 0:禁用，1:正常',
  `user_id_create` bigint(255) DEFAULT NULL COMMENT '创建用户id',
  `gmt_create` datetime DEFAULT NULL COMMENT '创建时间',
  `gmt_modified` datetime DEFAULT NULL COMMENT '修改时间',
  PRIMARY KEY (`user_id`)
) ENGINE=InnoDB AUTO_INCREMENT=9 DEFAULT CHARSET=utf8;
/*!40101 SET character_set_client = @saved_cs_client */;

--
-- Dumping data for table `sys_user`
--

LOCK TABLES `sys_user` WRITE;
/*!40000 ALTER TABLE `sys_user` DISABLE KEYS */;
INSERT INTO `sys_user` VALUES (1,'admin','超级管理员','27bd386e70f280e24c2f4f2a549b82cf',13,'admin@example.com','123456',1,1,'2017-08-15 21:40:39','2017-08-15 21:41:00'),(7,'gnnt','1111','4844c0ef1df70e248e0abc0cbcdbe19b',19,'qweqe@qq.com',NULL,1,NULL,NULL,NULL),(8,'gnnt1','11','aafb5a2315d8b189c7dda4ecfb6acfa9',17,'qewe@qq.com',NULL,1,NULL,NULL,NULL);
/*!40000 ALTER TABLE `sys_user` ENABLE KEYS */;
UNLOCK TABLES;

--
-- Table structure for table `sys_user_role`
--

DROP TABLE IF EXISTS `sys_user_role`;
/*!40101 SET @saved_cs_client     = @@character_set_client */;
/*!40101 SET character_set_client = utf8 */;
CREATE TABLE `sys_user_role` (
  `id` bigint(20) NOT NULL AUTO_INCREMENT,
  `user_id` bigint(20) DEFAULT NULL COMMENT '用户ID',
  `role_id` bigint(20) DEFAULT NULL COMMENT '角色ID',
  PRIMARY KEY (`id`)
) ENGINE=InnoDB AUTO_INCREMENT=8 DEFAULT CHARSET=utf8 COMMENT='用户与角色对应关系';
/*!40101 SET character_set_client = @saved_cs_client */;

--
-- Dumping data for table `sys_user_role`
--

LOCK TABLES `sys_user_role` WRITE;
/*!40000 ALTER TABLE `sys_user_role` DISABLE KEYS */;
INSERT INTO `sys_user_role` VALUES (1,1,1),(6,8,3),(7,7,2);
/*!40000 ALTER TABLE `sys_user_role` ENABLE KEYS */;
UNLOCK TABLES;
/*!40103 SET TIME_ZONE=@OLD_TIME_ZONE */;

/*!40101 SET SQL_MODE=@OLD_SQL_MODE */;
/*!40014 SET FOREIGN_KEY_CHECKS=@OLD_FOREIGN_KEY_CHECKS */;
/*!40014 SET UNIQUE_CHECKS=@OLD_UNIQUE_CHECKS */;
/*!40101 SET CHARACTER_SET_CLIENT=@OLD_CHARACTER_SET_CLIENT */;
/*!40101 SET CHARACTER_SET_RESULTS=@OLD_CHARACTER_SET_RESULTS */;
/*!40101 SET COLLATION_CONNECTION=@OLD_COLLATION_CONNECTION */;
/*!40111 SET SQL_NOTES=@OLD_SQL_NOTES */;

-- Dump completed on 2017-11-14 18:04:59
